section_id,section_name,section_path,category_id,category_name,category_slug,article_id,title,source_url,en_file,translated,uploaded,wp_id,wp_link
49375463241883,API keys,Account > API keys,115000867647,Account & billing,account-billing,7423954176283,How to create or clone a private API key,https://help.klaviyo.com/hc/en-us/articles/7423954176283-How-to-create-or-clone-a-private-API-key,account-billing/How-to-create-or-clone-a-private-API-key-7423954176283.md,True,True,10977,https://dynamicycle.com/docs/articles-how-to-create-or-clone-a-private-api-key/
49375463241883,API keys,Account > API keys,115000867647,Account & billing,account-billing,360052448451,How to keep your account secure,https://help.klaviyo.com/hc/en-us/articles/360052448451-How-to-keep-your-account-secure,account-billing/How-to-keep-your-account-secure-360052448451.md,True,True,10898,https://dynamicycle.com/docs/articles-how-to-keep-your-account-secure/
49375463241883,API keys,Account > API keys,115000867647,Account & billing,account-billing,115005062267,How to manage your account's API keys,https://help.klaviyo.com/hc/en-us/articles/115005062267-How-to-manage-your-account-s-API-keys,account-billing/How-to-manage-your-account's-API-keys-115005062267.md,True,True,10827,https://dynamicycle.com/docs/articles-how-to-manage-your-account-s-api-keys/
49375475267099,Organizational,Account > Organizational,115000867647,Account & billing,account-billing,115005232388,How to adjust the time zone setting for your account,https://help.klaviyo.com/hc/en-us/articles/115005232388-How-to-adjust-the-time-zone-setting-for-your-account,account-billing/How-to-adjust-the-time-zone-setting-for-your-account-115005232388.md,True,True,11103,https://dynamicycle.com/docs/articles-how-to-adjust-the-time-zone-setting-for-your-account/
49375475267099,Organizational,Account > Organizational,115000867647,Account & billing,account-billing,115005061007,How to change the currency for your account,https://help.klaviyo.com/hc/en-us/articles/115005061007-How-to-change-the-currency-for-your-account,account-billing/How-to-change-the-currency-for-your-account-115005061007.md,True,True,11167,https://dynamicycle.com/docs/articles-how-to-change-the-currency-for-your-account/
49375475267099,Organizational,Account > Organizational,115000867647,Account & billing,account-billing,25956849989531,How to change the language for your account,https://help.klaviyo.com/hc/en-us/articles/25956849989531-How-to-change-the-language-for-your-account,account-billing/How-to-change-the-language-for-your-account-25956849989531.md,True,True,10441,
49375475267099,Organizational,Account > Organizational,115000867647,Account & billing,account-billing,19917469357083,How to change your account name,https://help.klaviyo.com/hc/en-us/articles/19917469357083-How-to-change-your-account-name,account-billing/How-to-change-your-account-name-19917469357083.md,True,True,10492,
49375475267099,Organizational,Account > Organizational,115000867647,Account & billing,account-billing,15166435131163,How to change your account's organization name,https://help.klaviyo.com/hc/en-us/articles/15166435131163-How-to-change-your-account-s-organization-name,account-billing/How-to-change-your-account's-organization-name-15166435131163.md,True,True,10548,
49375475267099,Organizational,Account > Organizational,115000867647,Account & billing,account-billing,360047183572,How to rebrand in Klaviyo,https://help.klaviyo.com/hc/en-us/articles/360047183572-How-to-rebrand-in-Klaviyo,account-billing/How-to-rebrand-in-Klaviyo-360047183572.md,True,True,11249,https://dynamicycle.com/docs/articles-how-to-rebrand-in-klaviyo/
49375475267099,Organizational,Account > Organizational,115000867647,Account & billing,account-billing,1260805043069,How to update your billing address or billing email address,https://help.klaviyo.com/hc/en-us/articles/1260805043069-How-to-update-your-billing-address-or-billing-email-address,account-billing/How-to-update-your-billing-address-or-billing-email-address-1260805043069.md,True,True,10893,https://dynamicycle.com/docs/articles-how-to-update-your-billing-address-or-billing-email-address/
49375475267099,Organizational,Account > Organizational,115000867647,Account & billing,account-billing,115005232048,How to update your credit card information,https://help.klaviyo.com/hc/en-us/articles/115005232048-How-to-update-your-credit-card-information,account-billing/How-to-update-your-credit-card-information-115005232048.md,True,True,11231,https://dynamicycle.com/docs/articles-how-to-update-your-credit-card-information/
49375475267099,Organizational,Account > Organizational,115000867647,Account & billing,account-billing,360050696531,How to update your industry and vertical in Klaviyo,https://help.klaviyo.com/hc/en-us/articles/360050696531-How-to-update-your-industry-and-vertical-in-Klaviyo,account-billing/How-to-update-your-industry-and-vertical-in-Klaviyo-360050696531.md,True,True,10652,
49375475267099,Organizational,Account > Organizational,115000867647,Account & billing,account-billing,44579125790747,Understanding the activity logger (beta),https://help.klaviyo.com/hc/en-us/articles/44579125790747-Understanding-the-activity-logger-beta,account-billing/Understanding-the-activity-logger-(beta)-44579125790747.md,True,True,10278,
49375450290331,Personal,Account > Personal,115000867647,Account & billing,account-billing,115005079087,How to update your account email and password in Klaviyo,https://help.klaviyo.com/hc/en-us/articles/115005079087-How-to-update-your-account-email-and-password-in-Klaviyo,account-billing/How-to-update-your-account-email-and-password-in-Klaviyo-115005079087.md,True,True,11098,https://dynamicycle.com/docs/articles-how-to-update-your-account-email-and-password-in-klaviyo/
49375482397083,Security,Account > Security,115000867647,Account & billing,account-billing,50588009523227,General Account Security Tips and Tricks,https://help.klaviyo.com/hc/en-us/articles/50588009523227-General-Account-Security-Tips-and-Tricks,account-billing/General-Account-Security-Tips-and-Tricks-50588009523227.md,True,True,10193,
49375482397083,Security,Account > Security,115000867647,Account & billing,account-billing,50588094887323,General Account Security Tips and Tricks,https://help.klaviyo.com/hc/en-us/articles/50588094887323-General-Account-Security-Tips-and-Tricks,account-billing/General-Account-Security-Tips-and-Tricks-50588094887323.md,True,True,10192,
49375482397083,Security,Account > Security,115000867647,Account & billing,account-billing,35086040411035,How to grant a Klaviyo representative permission to your account,https://help.klaviyo.com/hc/en-us/articles/35086040411035-How-to-grant-a-Klaviyo-representative-permission-to-your-account,account-billing/How-to-grant-a-Klaviyo-representative-permission-to-your-account-35086040411035.md,True,True,10372,
49375482397083,Security,Account > Security,115000867647,Account & billing,account-billing,20599699660571,How to reset multi-factor authentication for a user,https://help.klaviyo.com/hc/en-us/articles/20599699660571-How-to-reset-multi-factor-authentication-for-a-user,account-billing/How-to-reset-multi-factor-authentication-for-a-user-20599699660571.md,True,True,10488,
49375482397083,Security,Account > Security,115000867647,Account & billing,account-billing,10952782535579,How to set up SCIM user provisioning,https://help.klaviyo.com/hc/en-us/articles/10952782535579-How-to-set-up-SCIM-user-provisioning,account-billing/How-to-set-up-SCIM-user-provisioning-10952782535579.md,True,True,10877,https://dynamicycle.com/docs/articles-how-to-set-up-scim-user-provisioning/
49375482397083,Security,Account > Security,115000867647,Account & billing,account-billing,360026617692,How to set up multi-factor authentication (MFA),https://help.klaviyo.com/hc/en-us/articles/360026617692-How-to-set-up-multi-factor-authentication-MFA,account-billing/How-to-set-up-multi-factor-authentication-(MFA)-360026617692.md,True,True,11007,https://dynamicycle.com/docs/articles-how-to-set-up-multi-factor-authentication-mfa/
49375482397083,Security,Account > Security,115000867647,Account & billing,account-billing,9353860331035,How to set up single sign-on (SSO),https://help.klaviyo.com/hc/en-us/articles/9353860331035-How-to-set-up-single-sign-on-SSO,account-billing/How-to-set-up-single-sign-on-(SSO)-9353860331035.md,True,True,10574,
49375482397083,Security,Account > Security,115000867647,Account & billing,account-billing,34922862042395,Multi-factor authentication (MFA) FAQs,https://help.klaviyo.com/hc/en-us/articles/34922862042395-Multi-factor-authentication-MFA-FAQs,account-billing/Multi-factor-authentication-(MFA)-FAQs-34922862042395.md,True,True,10374,
49375482397083,Security,Account > Security,115000867647,Account & billing,account-billing,50590445021083,Set a Security Contact for your Klaviyo account,https://help.klaviyo.com/hc/en-us/articles/50590445021083-Set-a-Security-Contact-for-your-Klaviyo-account,account-billing/Set-a-Security-Contact-for-your-Klaviyo-account-50590445021083.md,True,True,10189,
49375482397083,Security,Account > Security,115000867647,Account & billing,account-billing,50588773611163,Suspected Account Compromise,https://help.klaviyo.com/hc/en-us/articles/50588773611163-Suspected-Account-Compromise,account-billing/Suspected-Account-Compromise-50588773611163.md,True,True,10190,
49375482397083,Security,Account > Security,115000867647,Account & billing,account-billing,50588520632987,Suspected Phishing,https://help.klaviyo.com/hc/en-us/articles/50588520632987-Suspected-Phishing,account-billing/Suspected-Phishing-50588520632987.md,True,True,10191,
49375482397083,Security,Account > Security,115000867647,Account & billing,account-billing,9674090873883,Troubleshoot SSO and SCIM errors,https://help.klaviyo.com/hc/en-us/articles/9674090873883-Troubleshoot-SSO-and-SCIM-errors,account-billing/Troubleshoot-SSO-and-SCIM-errors-9674090873883.md,True,True,11057,https://dynamicycle.com/docs/articles-troubleshoot-sso-and-scim-errors/
49375477142043,Tags,Account > Tags,115000867647,Account & billing,account-billing,360053851792,How to add a tag to a campaign or flow,https://help.klaviyo.com/hc/en-us/articles/360053851792-How-to-add-a-tag-to-a-campaign-or-flow,account-billing/How-to-add-a-tag-to-a-campaign-or-flow-360053851792.md,True,True,10897,https://dynamicycle.com/docs/articles-how-to-add-a-tag-to-a-campaign-or-flow/
49375477142043,Tags,Account > Tags,115000867647,Account & billing,account-billing,360054362511,How to add a tag to a list or segment,https://help.klaviyo.com/hc/en-us/articles/360054362511-How-to-add-a-tag-to-a-list-or-segment,account-billing/How-to-add-a-tag-to-a-list-or-segment-360054362511.md,True,True,10994,https://dynamicycle.com/docs/articles-how-to-add-a-tag-to-a-list-or-segment/
49375477142043,Tags,Account > Tags,115000867647,Account & billing,account-billing,360025834271,Understanding tags in Klaviyo,https://help.klaviyo.com/hc/en-us/articles/360025834271-Understanding-tags-in-Klaviyo,account-billing/Understanding-tags-in-Klaviyo-360025834271.md,True,True,10782,https://dynamicycle.com/docs/articles-understanding-tags-in-klaviyo/
49375474735387,Users,Account > Users,115000867647,Account & billing,account-billing,360053547071,How to add or delete users and manage permissions,https://help.klaviyo.com/hc/en-us/articles/360053547071-How-to-add-or-delete-users-and-manage-permissions,account-billing/How-to-add-or-delete-users-and-manage-permissions-360053547071.md,True,True,11072,https://dynamicycle.com/docs/articles-how-to-add-or-delete-users-and-manage-permissions/
49375474735387,Users,Account > Users,115000867647,Account & billing,account-billing,40493034144795,How to create a custom user role,https://help.klaviyo.com/hc/en-us/articles/40493034144795-How-to-create-a-custom-user-role,account-billing/How-to-create-a-custom-user-role-40493034144795.md,True,True,10326,
49375474735387,Users,Account > Users,115000867647,Account & billing,account-billing,360002165611,How to create and manage multiple accounts,https://help.klaviyo.com/hc/en-us/articles/360002165611-How-to-create-and-manage-multiple-accounts,account-billing/How-to-create-and-manage-multiple-accounts-360002165611.md,True,True,10912,https://dynamicycle.com/docs/articles-how-to-create-and-manage-multiple-accounts/
49375474735387,Users,Account > Users,115000867647,Account & billing,account-billing,360051946112,How to transfer account ownership,https://help.klaviyo.com/hc/en-us/articles/360051946112-How-to-transfer-account-ownership,account-billing/How-to-transfer-account-ownership-360051946112.md,True,True,11134,https://dynamicycle.com/docs/articles-how-to-transfer-account-ownership/
49375474735387,Users,Account > Users,115000867647,Account & billing,account-billing,360049968412,Understanding account notifications and updates in Klaviyo,https://help.klaviyo.com/hc/en-us/articles/360049968412-Understanding-account-notifications-and-updates-in-Klaviyo,account-billing/Understanding-account-notifications-and-updates-in-Klaviyo-360049968412.md,True,True,10656,
49375474735387,Users,Account > Users,115000867647,Account & billing,account-billing,115005231648,User management and privileges reference for Static User Roles,https://help.klaviyo.com/hc/en-us/articles/115005231648-User-management-and-privileges-reference-for-Static-User-Roles,account-billing/User-management-and-privileges-reference-for-Static-User-Roles-115005231648.md,True,True,11027,https://dynamicycle.com/docs/articles-user-management-and-privileges-reference-for-static-user-roles/
49375463691547,Adjust your plan,Billing > Adjust your plan,115000867647,Account & billing,account-billing,8356575957275,How to add or change a plan in Klaviyo,https://help.klaviyo.com/hc/en-us/articles/8356575957275-How-to-add-or-change-a-plan-in-Klaviyo,account-billing/How-to-add-or-change-a-plan-in-Klaviyo-8356575957275.md,True,True,10881,https://dynamicycle.com/docs/articles-how-to-add-or-change-a-plan-in-klaviyo/
49375463691547,Adjust your plan,Billing > Adjust your plan,115000867647,Account & billing,account-billing,4405883690651,How to choose your upgrade preference,https://help.klaviyo.com/hc/en-us/articles/4405883690651-How-to-choose-your-upgrade-preference,account-billing/How-to-choose-your-upgrade-preference-4405883690651.md,True,True,10604,
49375463691547,Adjust your plan,Billing > Adjust your plan,115000867647,Account & billing,account-billing,18305872902171,How to request a premium success and support package,https://help.klaviyo.com/hc/en-us/articles/18305872902171-How-to-request-a-premium-success-and-support-package,account-billing/How-to-request-a-premium-success-and-support-package-18305872902171.md,True,True,10509,
49375463691547,Adjust your plan,Billing > Adjust your plan,115000867647,Account & billing,account-billing,17543571835675,Understanding your account usage,https://help.klaviyo.com/hc/en-us/articles/17543571835675-Understanding-your-account-usage,account-billing/Understanding-your-account-usage-17543571835675.md,True,True,10526,
49375453955483,How Klaviyo bills,Billing > How Klaviyo bills,115000867647,Account & billing,account-billing,33734334633627,FAQ: Feb 18 appreciation discount,https://help.klaviyo.com/hc/en-us/articles/33734334633627-FAQ-Feb-18-appreciation-discount,account-billing/FAQ-Feb-18-appreciation-discount-33734334633627.md,True,True,10840,https://dynamicycle.com/docs/articles-faq-feb-18-appreciation-discount/
49375453955483,How Klaviyo bills,Billing > How Klaviyo bills,115000867647,Account & billing,account-billing,33136281415451,FAQ: Feb 18 billing changes,https://help.klaviyo.com/hc/en-us/articles/33136281415451-FAQ-Feb-18-billing-changes,account-billing/FAQ-Feb-18-billing-changes-33136281415451.md,True,True,10951,https://dynamicycle.com/docs/articles-faq-feb-18-billing-changes/
49375453955483,How Klaviyo bills,Billing > How Klaviyo bills,115000867647,Account & billing,account-billing,115000976672,How Klaviyo billing works,https://help.klaviyo.com/hc/en-us/articles/115000976672-How-Klaviyo-billing-works,account-billing/How-Klaviyo-billing-works-115000976672.md,True,True,10794,https://dynamicycle.com/docs/articles-how-klaviyo-billing-works/
49375453955483,How Klaviyo bills,Billing > How Klaviyo bills,115000867647,Account & billing,account-billing,115005078987,How to view your account's payment history,https://help.klaviyo.com/hc/en-us/articles/115005078987-How-to-view-your-account-s-payment-history,account-billing/How-to-view-your-account's-payment-history-115005078987.md,True,True,11225,https://dynamicycle.com/docs/articles-how-to-view-your-account-s-payment-history/
49375453955483,How Klaviyo bills,Billing > How Klaviyo bills,115000867647,Account & billing,account-billing,12557377520027,Understanding how credit cards are retried after a failed payment,https://help.klaviyo.com/hc/en-us/articles/12557377520027-Understanding-how-credit-cards-are-retried-after-a-failed-payment,account-billing/Understanding-how-credit-cards-are-retried-after-a-failed-payment-12557377520027.md,True,True,11284,https://dynamicycle.com/docs/articles-understanding-how-credit-cards-are-retried-after-a-failed-payment/
49375453955483,How Klaviyo bills,Billing > How Klaviyo bills,115000867647,Account & billing,account-billing,360050759151,Understanding how free and paid plans differ,https://help.klaviyo.com/hc/en-us/articles/360050759151-Understanding-how-free-and-paid-plans-differ,account-billing/Understanding-how-free-and-paid-plans-differ-360050759151.md,True,True,11248,https://dynamicycle.com/docs/articles-understanding-how-free-and-paid-plans-differ/
49375453955483,How Klaviyo bills,Billing > How Klaviyo bills,115000867647,Account & billing,account-billing,6199831051035,Understanding how shared billing works in Klaviyo,https://help.klaviyo.com/hc/en-us/articles/6199831051035-Understanding-how-shared-billing-works-in-Klaviyo,account-billing/Understanding-how-shared-billing-works-in-Klaviyo-6199831051035.md,True,True,11127,https://dynamicycle.com/docs/articles-understanding-how-shared-billing-works-in-klaviyo/
49375453955483,How Klaviyo bills,Billing > How Klaviyo bills,115000867647,Account & billing,account-billing,18745921973915,Understanding manual billing,https://help.klaviyo.com/hc/en-us/articles/18745921973915-Understanding-manual-billing,account-billing/Understanding-manual-billing-18745921973915.md,True,True,11041,https://dynamicycle.com/docs/articles-understanding-manual-billing/
49375478116891,Tax information,Billing > Tax information,115000867647,Account & billing,account-billing,360056419451,Glossary of tax IDs by country,https://help.klaviyo.com/hc/en-us/articles/360056419451-Glossary-of-tax-IDs-by-country,account-billing/Glossary-of-tax-IDs-by-country-360056419451.md,False,False,,
49375478116891,Tax information,Billing > Tax information,115000867647,Account & billing,account-billing,360037472871,How to file as tax exempt for US customers,https://help.klaviyo.com/hc/en-us/articles/360037472871-How-to-file-as-tax-exempt-for-US-customers,account-billing/How-to-file-as-tax-exempt-for-US-customers-360037472871.md,True,True,11079,https://dynamicycle.com/docs/articles-how-to-file-as-tax-exempt-for-us-customers/
49375478116891,Tax information,Billing > Tax information,115000867647,Account & billing,account-billing,360056549931,How to find and update your tax ID in Klaviyo,https://help.klaviyo.com/hc/en-us/articles/360056549931-How-to-find-and-update-your-tax-ID-in-Klaviyo,account-billing/How-to-find-and-update-your-tax-ID-in-Klaviyo-360056549931.md,True,True,10993,https://dynamicycle.com/docs/articles-how-to-find-and-update-your-tax-id-in-klaviyo/
49375478116891,Tax information,Billing > Tax information,115000867647,Account & billing,account-billing,360036456711,Understanding tax with Klaviyo,https://help.klaviyo.com/hc/en-us/articles/360036456711-Understanding-tax-with-Klaviyo,account-billing/Understanding-tax-with-Klaviyo-360036456711.md,True,True,10686,
49375523386779,Domains and hosting,"Email, SMS, and push notifications > Domains and hosting",115000867647,Account & billing,account-billing,360052334451,How to update the domain settings for your hosted pages,https://help.klaviyo.com/hc/en-us/articles/360052334451-How-to-update-the-domain-settings-for-your-hosted-pages,account-billing/How-to-update-the-domain-settings-for-your-hosted-pages-360052334451.md,True,True,10647,
49375455119643,Message settings,"Email, SMS, and push notifications > Message settings",115000867647,Account & billing,account-billing,360049848692,Understanding CSS optimization,https://help.klaviyo.com/hc/en-us/articles/360049848692-Understanding-CSS-optimization,account-billing/Understanding-CSS-optimization-360049848692.md,True,True,10995,https://dynamicycle.com/docs/articles-understanding-css-optimization/
49375455119643,Message settings,"Email, SMS, and push notifications > Message settings",115000867647,Account & billing,account-billing,115002779311,Understanding Smart Sending in Klaviyo,https://help.klaviyo.com/hc/en-us/articles/115002779311-Understanding-Smart-Sending-in-Klaviyo,account-billing/Understanding-Smart-Sending-in-Klaviyo-115002779311.md,True,True,10918,https://dynamicycle.com/docs/articles-understanding-smart-sending-in-klaviyo/
49375455119643,Message settings,"Email, SMS, and push notifications > Message settings",115000867647,Account & billing,account-billing,360004059711,"Understanding the default account, email, and list settings",https://help.klaviyo.com/hc/en-us/articles/360004059711-Understanding-the-default-account-email-and-list-settings,"account-billing/Understanding-the-default-account,-email,-and-list-settings-360004059711.md",True,True,10787,https://dynamicycle.com/docs/articles-understanding-the-default-account-email-and-list-settings/
49375455634203,Sender information,"Email, SMS, and push notifications > Sender information",115000867647,Account & billing,account-billing,115005066887,How to update the Klaviyo branding in the footer of your emails,https://help.klaviyo.com/hc/en-us/articles/115005066887-How-to-update-the-Klaviyo-branding-in-the-footer-of-your-emails,account-billing/How-to-update-the-Klaviyo-branding-in-the-footer-of-your-emails-115005066887.md,True,True,11230,https://dynamicycle.com/docs/articles-how-to-update-the-klaviyo-branding-in-the-footer-of-your-emails/
14542933069211,Other,Other,115000867647,Account & billing,account-billing,40992879084059,How to use the marketing agent,https://help.klaviyo.com/hc/en-us/articles/40992879084059-How-to-use-the-marketing-agent,account-billing/How-to-use-the-marketing-agent-40992879084059.md,True,True,10317,
49375526160411,Account troubleshooting,Other > Account troubleshooting,115000867647,Account & billing,account-billing,360027783611,How to add trusted devices,https://help.klaviyo.com/hc/en-us/articles/360027783611-How-to-add-trusted-devices,account-billing/How-to-add-trusted-devices-360027783611.md,True,True,11259,https://dynamicycle.com/docs/articles-how-to-add-trusted-devices/
49375526160411,Account troubleshooting,Other > Account troubleshooting,115000867647,Account & billing,account-billing,115001002272,How to contact support,https://help.klaviyo.com/hc/en-us/articles/115001002272-How-to-contact-support,account-billing/How-to-contact-support-115001002272.md,True,True,11304,https://dynamicycle.com/docs/articles-how-to-contact-support/
49375526160411,Account troubleshooting,Other > Account troubleshooting,115000867647,Account & billing,account-billing,1260805595309,"How to downgrade to free, cancel a plan, or close your Klaviyo account",https://help.klaviyo.com/hc/en-us/articles/1260805595309-How-to-downgrade-to-free-cancel-a-plan-or-close-your-Klaviyo-account,"account-billing/How-to-downgrade-to-free,-cancel-a-plan,-or-close-your-Klaviyo-account-1260805595309.md",True,True,11194,https://dynamicycle.com/docs/articles-how-to-downgrade-to-free-cancel-a-plan-or-close-your-klaviyo-account/
49375526160411,Account troubleshooting,Other > Account troubleshooting,115000867647,Account & billing,account-billing,4401830387099,How to migrate off of Klaviyo,https://help.klaviyo.com/hc/en-us/articles/4401830387099-How-to-migrate-off-of-Klaviyo,account-billing/How-to-migrate-off-of-Klaviyo-4401830387099.md,True,True,11131,https://dynamicycle.com/docs/articles-how-to-migrate-off-of-klaviyo/
49375526160411,Account troubleshooting,Other > Account troubleshooting,115000867647,Account & billing,account-billing,7872914223899,How to reset your Klaviyo password,https://help.klaviyo.com/hc/en-us/articles/7872914223899-How-to-reset-your-Klaviyo-password,account-billing/How-to-reset-your-Klaviyo-password-7872914223899.md,True,True,10975,https://dynamicycle.com/docs/articles-how-to-reset-your-klaviyo-password/
49375526160411,Account troubleshooting,Other > Account troubleshooting,115000867647,Account & billing,account-billing,7115113363483,How to retry a failed credit card payment,https://help.klaviyo.com/hc/en-us/articles/7115113363483-How-to-retry-a-failed-credit-card-payment,account-billing/How-to-retry-a-failed-credit-card-payment-7115113363483.md,True,True,11059,https://dynamicycle.com/docs/articles-how-to-retry-a-failed-credit-card-payment/
49375526160411,Account troubleshooting,Other > Account troubleshooting,115000867647,Account & billing,account-billing,115000255731,How to use the Klaviyo setup wizard,https://help.klaviyo.com/hc/en-us/articles/115000255731-How-to-use-the-Klaviyo-setup-wizard,account-billing/How-to-use-the-Klaviyo-setup-wizard-115000255731.md,True,True,11339,https://dynamicycle.com/docs/articles-how-to-use-the-klaviyo-setup-wizard/
49375526160411,Account troubleshooting,Other > Account troubleshooting,115000867647,Account & billing,account-billing,8122127265819,Supported internet browsers for Klaviyo,https://help.klaviyo.com/hc/en-us/articles/8122127265819-Supported-internet-browsers-for-Klaviyo,account-billing/Supported-internet-browsers-for-Klaviyo-8122127265819.md,True,True,10882,https://dynamicycle.com/docs/articles-supported-internet-browsers-for-klaviyo/
49375526160411,Account troubleshooting,Other > Account troubleshooting,115000867647,Account & billing,account-billing,115005251028,Why is my account suspended or disabled?,https://help.klaviyo.com/hc/en-us/articles/115005251028-Why-is-my-account-suspended-or-disabled,account-billing/Why-is-my-account-suspended-or-disabled-115005251028.md,True,True,10819,https://dynamicycle.com/docs/articles-why-is-my-account-suspended-or-disabled/
49375508721947,Downloaded and scheduled reports,Other > Downloaded and scheduled reports,115000867647,Account & billing,account-billing,115000839671,How to access recent exports and downloads,https://help.klaviyo.com/hc/en-us/articles/115000839671-How-to-access-recent-exports-and-downloads,account-billing/How-to-access-recent-exports-and-downloads-115000839671.md,True,True,10795,https://dynamicycle.com/docs/articles-how-to-access-recent-exports-and-downloads/
49375494779547,Preference and hosted pages,Other > Preference and hosted pages,115000867647,Account & billing,account-billing,360057679192,How to enable and disable hosted pages,https://help.klaviyo.com/hc/en-us/articles/360057679192-How-to-enable-and-disable-hosted-pages,account-billing/How-to-enable-and-disable-hosted-pages-360057679192.md,True,True,10629,
49375494779547,Preference and hosted pages,Other > Preference and hosted pages,115000867647,Account & billing,account-billing,360057676272,Understanding custom hosted pages in Klaviyo,https://help.klaviyo.com/hc/en-us/articles/360057676272-Understanding-custom-hosted-pages-in-Klaviyo,account-billing/Understanding-custom-hosted-pages-in-Klaviyo-360057676272.md,True,True,10630,
49375525020827,UTM tracking,Other > UTM tracking,115000867647,Account & billing,account-billing,360053921252,How to add UTM tracking to campaigns and flows,https://help.klaviyo.com/hc/en-us/articles/360053921252-How-to-add-UTM-tracking-to-campaigns-and-flows,account-billing/How-to-add-UTM-tracking-to-campaigns-and-flows-360053921252.md,True,True,10896,https://dynamicycle.com/docs/articles-how-to-add-utm-tracking-to-campaigns-and-flows/
49375525020827,UTM tracking,Other > UTM tracking,115000867647,Account & billing,account-billing,115005247808,Understanding UTM tracking in Klaviyo,https://help.klaviyo.com/hc/en-us/articles/115005247808-Understanding-UTM-tracking-in-Klaviyo,account-billing/Understanding-UTM-tracking-in-Klaviyo-115005247808.md,True,True,10823,https://dynamicycle.com/docs/articles-understanding-utm-tracking-in-klaviyo/
49375698592155,Portfolio,Portfolio,115000867647,Account & billing,account-billing,24656917054747,Getting started with portfolios,https://help.klaviyo.com/hc/en-us/articles/24656917054747-Getting-started-with-portfolios,account-billing/Getting-started-with-portfolios-24656917054747.md,True,True,10457,
49375698592155,Portfolio,Portfolio,115000867647,Account & billing,account-billing,25185184021019,How to add or remove a portfolio user,https://help.klaviyo.com/hc/en-us/articles/25185184021019-How-to-add-or-remove-a-portfolio-user,account-billing/How-to-add-or-remove-a-portfolio-user-25185184021019.md,True,True,11037,https://dynamicycle.com/docs/articles-how-to-add-or-remove-a-portfolio-user/
49375698592155,Portfolio,Portfolio,115000867647,Account & billing,account-billing,25185027474971,How to add or remove an account from a portfolio,https://help.klaviyo.com/hc/en-us/articles/25185027474971-How-to-add-or-remove-an-account-from-a-portfolio,account-billing/How-to-add-or-remove-an-account-from-a-portfolio-25185027474971.md,True,True,10850,https://dynamicycle.com/docs/articles-how-to-add-or-remove-an-account-from-a-portfolio/
49375698592155,Portfolio,Portfolio,115000867647,Account & billing,account-billing,25185303538587,How to change the Owner of a portfolio,https://help.klaviyo.com/hc/en-us/articles/25185303538587-How-to-change-the-Owner-of-a-portfolio,account-billing/How-to-change-the-Owner-of-a-portfolio-25185303538587.md,True,True,11174,https://dynamicycle.com/docs/articles-how-to-change-the-owner-of-a-portfolio/
49375698592155,Portfolio,Portfolio,115000867647,Account & billing,account-billing,33385335896859,How to close a portfolio account,https://help.klaviyo.com/hc/en-us/articles/33385335896859-How-to-close-a-portfolio-account,account-billing/How-to-close-a-portfolio-account-33385335896859.md,True,True,11348,https://dynamicycle.com/docs/articles-how-to-close-a-portfolio-account/
49375698592155,Portfolio,Portfolio,115000867647,Account & billing,account-billing,44579003241499,How to manage users in bulk across a portfolio,https://help.klaviyo.com/hc/en-us/articles/44579003241499-How-to-manage-users-in-bulk-across-a-portfolio,account-billing/How-to-manage-users-in-bulk-across-a-portfolio-44579003241499.md,True,True,10279,
49375698592155,Portfolio,Portfolio,115000867647,Account & billing,account-billing,28264156063899,How to use portfolio-level mapped metrics,https://help.klaviyo.com/hc/en-us/articles/28264156063899-How-to-use-portfolio-level-mapped-metrics,account-billing/How-to-use-portfolio-level-mapped-metrics-28264156063899.md,True,True,10953,https://dynamicycle.com/docs/articles-how-to-use-portfolio-level-mapped-metrics/
49375698592155,Portfolio,Portfolio,115000867647,Account & billing,account-billing,25185090871963,Understanding account billing details in a portfolio,https://help.klaviyo.com/hc/en-us/articles/25185090871963-Understanding-account-billing-details-in-a-portfolio,account-billing/Understanding-account-billing-details-in-a-portfolio-25185090871963.md,True,True,11237,https://dynamicycle.com/docs/articles-understanding-account-billing-details-in-a-portfolio/
49375698592155,Portfolio,Portfolio,115000867647,Account & billing,account-billing,25185047957275,Understanding portfolio reporting,https://help.klaviyo.com/hc/en-us/articles/25185047957275-Understanding-portfolio-reporting,account-billing/Understanding-portfolio-reporting-25185047957275.md,True,True,11279,https://dynamicycle.com/docs/articles-understanding-portfolio-reporting/
49375698592155,Portfolio,Portfolio,115000867647,Account & billing,account-billing,25181702319643,Understanding portfolio user roles,https://help.klaviyo.com/hc/en-us/articles/25181702319643-Understanding-portfolio-user-roles,account-billing/Understanding-portfolio-user-roles-25181702319643.md,True,True,11317,https://dynamicycle.com/docs/articles-understanding-portfolio-user-roles/
49375698592155,Portfolio,Portfolio,115000867647,Account & billing,account-billing,25185154392603,Understanding your portfolio settings,https://help.klaviyo.com/hc/en-us/articles/25185154392603-Understanding-your-portfolio-settings,account-billing/Understanding-your-portfolio-settings-25185154392603.md,True,True,11115,https://dynamicycle.com/docs/articles-understanding-your-portfolio-settings/
49375438295195,Understand Klaviyo,Understand Klaviyo,115000867647,Account & billing,account-billing,24898429283739,"How to clone forms, flows, segments, campaigns, and templates",https://help.klaviyo.com/hc/en-us/articles/24898429283739-How-to-clone-forms-flows-segments-campaigns-and-templates,"account-billing/How-to-clone-forms,-flows,-segments,-campaigns,-and-templates-24898429283739.md",True,True,10454,
49375438295195,Understand Klaviyo,Understand Klaviyo,115000867647,Account & billing,account-billing,115005251588,Klaviyo glossary,https://help.klaviyo.com/hc/en-us/articles/115005251588-Klaviyo-glossary,account-billing/Klaviyo-glossary-115005251588.md,True,True,10936,https://dynamicycle.com/docs/articles-klaviyo-glossary/
49375438295195,Understand Klaviyo,Understand Klaviyo,115000867647,Account & billing,account-billing,13315116406555,Understanding Klaviyo's search bar functionality,https://help.klaviyo.com/hc/en-us/articles/13315116406555-Understanding-Klaviyo-s-search-bar-functionality,account-billing/Understanding-Klaviyo's-search-bar-functionality-13315116406555.md,True,True,10969,https://dynamicycle.com/docs/articles-understanding-klaviyo-s-search-bar-functionality/
49375970379419,Attribution (Advanced KDP and Marketing Analytics),Attribution (Advanced KDP and Marketing Analytics),18073014919195,Advanced KDP & Marketing Analytics,advanced-kdp-marketing-analytics,36457929459227,Understanding attribution model types,https://help.klaviyo.com/hc/en-us/articles/36457929459227-Understanding-attribution-model-types,advanced-kdp-marketing-analytics/Understanding-attribution-model-types-36457929459227.md,True,True,10357,
49375970379419,Attribution (Advanced KDP and Marketing Analytics),Attribution (Advanced KDP and Marketing Analytics),18073014919195,Advanced KDP & Marketing Analytics,advanced-kdp-marketing-analytics,41008338238875,Understanding omnichannel attribution,https://help.klaviyo.com/hc/en-us/articles/41008338238875-Understanding-omnichannel-attribution,advanced-kdp-marketing-analytics/Understanding-omnichannel-attribution-41008338238875.md,True,True,10315,
49375648421915,Code,Data management (Advanced KDP) > Code,18073014919195,Advanced KDP & Marketing Analytics,advanced-kdp-marketing-analytics,18620644491035,Getting started with Code,https://help.klaviyo.com/hc/en-us/articles/18620644491035-Getting-started-with-Code,advanced-kdp-marketing-analytics/Getting-started-with-Code-18620644491035.md,True,True,10506,
49375759137051,Monitors,Data management (Advanced KDP) > Monitors,18073014919195,Advanced KDP & Marketing Analytics,advanced-kdp-marketing-analytics,27160071187739,Getting started with custom monitors,https://help.klaviyo.com/hc/en-us/articles/27160071187739-Getting-started-with-custom-monitors,advanced-kdp-marketing-analytics/Getting-started-with-custom-monitors-27160071187739.md,True,True,10428,
49375669200027,Syncing,Data management (Advanced KDP) > Syncing,18073014919195,Advanced KDP & Marketing Analytics,advanced-kdp-marketing-analytics,41406928654107,Connecting Klaviyo and BigQuery (Reverse ETL),https://help.klaviyo.com/hc/en-us/articles/41406928654107-Connecting-Klaviyo-and-BigQuery-Reverse-ETL,advanced-kdp-marketing-analytics/Connecting-Klaviyo-and-BigQuery-(Reverse-ETL)-41406928654107.md,True,True,10311,
49375669200027,Syncing,Data management (Advanced KDP) > Syncing,18073014919195,Advanced KDP & Marketing Analytics,advanced-kdp-marketing-analytics,42790208080283,Connecting Klaviyo and Databricks,https://help.klaviyo.com/hc/en-us/articles/42790208080283-Connecting-Klaviyo-and-Databricks,advanced-kdp-marketing-analytics/Connecting-Klaviyo-and-Databricks-42790208080283.md,True,True,10299,
49375669200027,Syncing,Data management (Advanced KDP) > Syncing,18073014919195,Advanced KDP & Marketing Analytics,advanced-kdp-marketing-analytics,42790298131611,Connecting Klaviyo and Redshift,https://help.klaviyo.com/hc/en-us/articles/42790298131611-Connecting-Klaviyo-and-Redshift,advanced-kdp-marketing-analytics/Connecting-Klaviyo-and-Redshift-42790298131611.md,True,True,10298,
49375669200027,Syncing,Data management (Advanced KDP) > Syncing,18073014919195,Advanced KDP & Marketing Analytics,advanced-kdp-marketing-analytics,41373252392731,Connecting Klaviyo and Snowflake,https://help.klaviyo.com/hc/en-us/articles/41373252392731-Connecting-Klaviyo-and-Snowflake,advanced-kdp-marketing-analytics/Connecting-Klaviyo-and-Snowflake-41373252392731.md,True,True,10313,
49375669200027,Syncing,Data management (Advanced KDP) > Syncing,18073014919195,Advanced KDP & Marketing Analytics,advanced-kdp-marketing-analytics,17759932376475,Understand data warehouse syncing in Klaviyo,https://help.klaviyo.com/hc/en-us/articles/17759932376475-Understand-data-warehouse-syncing-in-Klaviyo,advanced-kdp-marketing-analytics/Understand-data-warehouse-syncing-in-Klaviyo-17759932376475.md,True,True,10524,
49375669200027,Syncing,Data management (Advanced KDP) > Syncing,18073014919195,Advanced KDP & Marketing Analytics,advanced-kdp-marketing-analytics,45442043369499,Understanding data warehouse event import in Klaviyo,https://help.klaviyo.com/hc/en-us/articles/45442043369499-Understanding-data-warehouse-event-import-in-Klaviyo,advanced-kdp-marketing-analytics/Understanding-data-warehouse-event-import-in-Klaviyo-45442043369499.md,True,True,10270,
49375669200027,Syncing,Data management (Advanced KDP) > Syncing,18073014919195,Advanced KDP & Marketing Analytics,advanced-kdp-marketing-analytics,40939206649627,Understanding data warehouse import in Klaviyo,https://help.klaviyo.com/hc/en-us/articles/40939206649627-Understanding-data-warehouse-import-in-Klaviyo,advanced-kdp-marketing-analytics/Understanding-data-warehouse-import-in-Klaviyo-40939206649627.md,True,True,10319,
49375674887195,Transformation,Data management (Advanced KDP) > Transformation,18073014919195,Advanced KDP & Marketing Analytics,advanced-kdp-marketing-analytics,25592459905051,How to standardize country names and utilize standardized properties,https://help.klaviyo.com/hc/en-us/articles/25592459905051-How-to-standardize-country-names-and-utilize-standardized-properties,advanced-kdp-marketing-analytics/How-to-standardize-country-names-and-utilize-standardized-properties-25592459905051.md,True,True,10449,
49375674887195,Transformation,Data management (Advanced KDP) > Transformation,18073014919195,Advanced KDP & Marketing Analytics,advanced-kdp-marketing-analytics,17760400736539,Understand data transformation in Klaviyo,https://help.klaviyo.com/hc/en-us/articles/17760400736539-Understand-data-transformation-in-Klaviyo,advanced-kdp-marketing-analytics/Understand-data-transformation-in-Klaviyo-17760400736539.md,True,True,10523,
49375674887195,Transformation,Data management (Advanced KDP) > Transformation,18073014919195,Advanced KDP & Marketing Analytics,advanced-kdp-marketing-analytics,39729752384795,Understanding identity resolution transformations in Klaviyo,https://help.klaviyo.com/hc/en-us/articles/39729752384795-Understanding-identity-resolution-transformations-in-Klaviyo,advanced-kdp-marketing-analytics/Understanding-identity-resolution-transformations-in-Klaviyo-39729752384795.md,True,True,10339,
49375661121819,Webhooks,Data management (Advanced KDP) > Webhooks,18073014919195,Advanced KDP & Marketing Analytics,advanced-kdp-marketing-analytics,18622300908955,Understand the different webhooks available in Klaviyo,https://help.klaviyo.com/hc/en-us/articles/18622300908955-Understand-the-different-webhooks-available-in-Klaviyo,advanced-kdp-marketing-analytics/Understand-the-different-webhooks-available-in-Klaviyo-18622300908955.md,True,True,10505,
49375661121819,Webhooks,Data management (Advanced KDP) > Webhooks,18073014919195,Advanced KDP & Marketing Analytics,advanced-kdp-marketing-analytics,17760478970907,Understand webhooks in Advanced KDP,https://help.klaviyo.com/hc/en-us/articles/17760478970907-Understand-webhooks-in-Advanced-KDP,advanced-kdp-marketing-analytics/Understand-webhooks-in-Advanced-KDP-17760478970907.md,True,True,10522,
49375651181211,Getting started with Advanced KDP,Getting started with Advanced KDP,18073014919195,Advanced KDP & Marketing Analytics,advanced-kdp-marketing-analytics,17655007276059,Getting started with Advanced KDP,https://help.klaviyo.com/hc/en-us/articles/17655007276059-Getting-started-with-Advanced-KDP,advanced-kdp-marketing-analytics/Getting-started-with-Advanced-KDP-17655007276059.md,True,True,10525,
49375841945499,Getting started with Marketing Analytics ,Getting started with Marketing Analytics ,18073014919195,Advanced KDP & Marketing Analytics,advanced-kdp-marketing-analytics,33789259613595,Getting started with Marketing Analytics,https://help.klaviyo.com/hc/en-us/articles/33789259613595-Getting-started-with-Marketing-Analytics,advanced-kdp-marketing-analytics/Getting-started-with-Marketing-Analytics-33789259613595.md,True,True,10384,
49375670819099,Group membership API (Advanced KDP),Group membership API (Advanced KDP),18073014919195,Advanced KDP & Marketing Analytics,advanced-kdp-marketing-analytics,17760675787419,How to personalize onsite content with Klaviyo’s group membership API,https://help.klaviyo.com/hc/en-us/articles/17760675787419-How-to-personalize-onsite-content-with-Klaviyo-s-group-membership-API,advanced-kdp-marketing-analytics/How-to-personalize-onsite-content-with-Klaviyo’s-group-membership-API-17760675787419.md,True,True,10521,
18073047240091,Intelligence (Advanced KDP & Marketing Analytics),Intelligence (Advanced KDP & Marketing Analytics),18073014919195,Advanced KDP & Marketing Analytics,advanced-kdp-marketing-analytics,42789551068699,Getting started with Report builder (in beta),https://help.klaviyo.com/hc/en-us/articles/42789551068699-Getting-started-with-Report-builder-in-beta,advanced-kdp-marketing-analytics/Getting-started-with-Report-builder-(in-beta)-42789551068699.md,True,True,10300,
49375750380955,Catalog insights,Intelligence (Advanced KDP & Marketing Analytics) > Catalog insights,18073014919195,Advanced KDP & Marketing Analytics,advanced-kdp-marketing-analytics,26685770823451,Getting started with the Catalog Insights dashboards,https://help.klaviyo.com/hc/en-us/articles/26685770823451-Getting-started-with-the-Catalog-Insights-dashboards,advanced-kdp-marketing-analytics/Getting-started-with-the-Catalog-Insights-dashboards-26685770823451.md,True,True,10434,
49375750380955,Catalog insights,Intelligence (Advanced KDP & Marketing Analytics) > Catalog insights,18073014919195,Advanced KDP & Marketing Analytics,advanced-kdp-marketing-analytics,33789205940507,How to create a dynamic cross-sell flow using the product analysis report,https://help.klaviyo.com/hc/en-us/articles/33789205940507-How-to-create-a-dynamic-cross-sell-flow-using-the-product-analysis-report,advanced-kdp-marketing-analytics/How-to-create-a-dynamic-cross-sell-flow-using-the-product-analysis-report-33789205940507.md,True,True,10385,
49375758051483,Customer insights,Intelligence (Advanced KDP & Marketing Analytics) > Customer insights,18073014919195,Advanced KDP & Marketing Analytics,advanced-kdp-marketing-analytics,17798068936219,Getting started with the audience performance dashboard,https://help.klaviyo.com/hc/en-us/articles/17798068936219-Getting-started-with-the-audience-performance-dashboard,advanced-kdp-marketing-analytics/Getting-started-with-the-audience-performance-dashboard-17798068936219.md,True,True,10517,
49375758051483,Customer insights,Intelligence (Advanced KDP & Marketing Analytics) > Customer insights,18073014919195,Advanced KDP & Marketing Analytics,advanced-kdp-marketing-analytics,17798009376155,Getting started with the funnel analysis report,https://help.klaviyo.com/hc/en-us/articles/17798009376155-Getting-started-with-the-funnel-analysis-report,advanced-kdp-marketing-analytics/Getting-started-with-the-funnel-analysis-report-17798009376155.md,True,True,10518,
49375758051483,Customer insights,Intelligence (Advanced KDP & Marketing Analytics) > Customer insights,18073014919195,Advanced KDP & Marketing Analytics,advanced-kdp-marketing-analytics,17797889315355,"Getting started with the recency, frequency, and monetary (RFM) analysis report",https://help.klaviyo.com/hc/en-us/articles/17797889315355-Getting-started-with-the-recency-frequency-and-monetary-RFM-analysis-report,"advanced-kdp-marketing-analytics/Getting-started-with-the-recency,-frequency,-and-monetary-(RFM)-analysis-report-17797889315355.md",True,True,10519,
49375758051483,Customer insights,Intelligence (Advanced KDP & Marketing Analytics) > Customer insights,18073014919195,Advanced KDP & Marketing Analytics,advanced-kdp-marketing-analytics,26978522793627,How to avoid over-discounting using RFM groups,https://help.klaviyo.com/hc/en-us/articles/26978522793627-How-to-avoid-over-discounting-using-RFM-groups,advanced-kdp-marketing-analytics/How-to-avoid-over-discounting-using-RFM-groups-26978522793627.md,True,True,10430,
49375758051483,Customer insights,Intelligence (Advanced KDP & Marketing Analytics) > Customer insights,18073014919195,Advanced KDP & Marketing Analytics,advanced-kdp-marketing-analytics,18193920339483,How to build a segment using RFM properties,https://help.klaviyo.com/hc/en-us/articles/18193920339483-How-to-build-a-segment-using-RFM-properties,advanced-kdp-marketing-analytics/How-to-build-a-segment-using-RFM-properties-18193920339483.md,True,True,10963,https://dynamicycle.com/docs/articles-how-to-build-a-segment-using-rfm-properties/
49375758051483,Customer insights,Intelligence (Advanced KDP & Marketing Analytics) > Customer insights,18073014919195,Advanced KDP & Marketing Analytics,advanced-kdp-marketing-analytics,32652195725083,How to create a churn prevention flow using RFM properties,https://help.klaviyo.com/hc/en-us/articles/32652195725083-How-to-create-a-churn-prevention-flow-using-RFM-properties,advanced-kdp-marketing-analytics/How-to-create-a-churn-prevention-flow-using-RFM-properties-32652195725083.md,True,True,10398,
49375758051483,Customer insights,Intelligence (Advanced KDP & Marketing Analytics) > Customer insights,18073014919195,Advanced KDP & Marketing Analytics,advanced-kdp-marketing-analytics,32756348967323,How to create a nurture flow for RFM champions,https://help.klaviyo.com/hc/en-us/articles/32756348967323-How-to-create-a-nurture-flow-for-RFM-champions,advanced-kdp-marketing-analytics/How-to-create-a-nurture-flow-for-RFM-champions-32756348967323.md,True,True,10397,
49375758051483,Customer insights,Intelligence (Advanced KDP & Marketing Analytics) > Customer insights,18073014919195,Advanced KDP & Marketing Analytics,advanced-kdp-marketing-analytics,32786564072347,How to create a nurture flow for recent RFM customers,https://help.klaviyo.com/hc/en-us/articles/32786564072347-How-to-create-a-nurture-flow-for-recent-RFM-customers,advanced-kdp-marketing-analytics/How-to-create-a-nurture-flow-for-recent-RFM-customers-32786564072347.md,True,True,10395,
49375758051483,Customer insights,Intelligence (Advanced KDP & Marketing Analytics) > Customer insights,18073014919195,Advanced KDP & Marketing Analytics,advanced-kdp-marketing-analytics,25408596027547,How to create a retention flow triggered off of RFM groups and customer behavior changes,https://help.klaviyo.com/hc/en-us/articles/25408596027547-How-to-create-a-retention-flow-triggered-off-of-RFM-groups-and-customer-behavior-changes,advanced-kdp-marketing-analytics/How-to-create-a-retention-flow-triggered-off-of-RFM-groups-and-customer-behavior-changes-25408596027547.md,True,True,10450,
49375758051483,Customer insights,Intelligence (Advanced KDP & Marketing Analytics) > Customer insights,18073014919195,Advanced KDP & Marketing Analytics,advanced-kdp-marketing-analytics,42766438882075,How to create segments directly from funnels,https://help.klaviyo.com/hc/en-us/articles/42766438882075-How-to-create-segments-directly-from-funnels,advanced-kdp-marketing-analytics/How-to-create-segments-directly-from-funnels-42766438882075.md,True,True,10301,
49375758051483,Customer insights,Intelligence (Advanced KDP & Marketing Analytics) > Customer insights,18073014919195,Advanced KDP & Marketing Analytics,advanced-kdp-marketing-analytics,26365073803675,How to personalize product recommendations by RFM group,https://help.klaviyo.com/hc/en-us/articles/26365073803675-How-to-personalize-product-recommendations-by-RFM-group,advanced-kdp-marketing-analytics/How-to-personalize-product-recommendations-by-RFM-group-26365073803675.md,True,True,10436,
49375758051483,Customer insights,Intelligence (Advanced KDP & Marketing Analytics) > Customer insights,18073014919195,Advanced KDP & Marketing Analytics,advanced-kdp-marketing-analytics,18194102384539,How to strategically use RFM properties in campaigns and flows,https://help.klaviyo.com/hc/en-us/articles/18194102384539-How-to-strategically-use-RFM-properties-in-campaigns-and-flows,advanced-kdp-marketing-analytics/How-to-strategically-use-RFM-properties-in-campaigns-and-flows-18194102384539.md,True,True,11044,https://dynamicycle.com/docs/articles-how-to-strategically-use-rfm-properties-in-campaigns-and-flows/
49375758051483,Customer insights,Intelligence (Advanced KDP & Marketing Analytics) > Customer insights,18073014919195,Advanced KDP & Marketing Analytics,advanced-kdp-marketing-analytics,33389382848155,How to use RFM groups for targeted advertising,https://help.klaviyo.com/hc/en-us/articles/33389382848155-How-to-use-RFM-groups-for-targeted-advertising,advanced-kdp-marketing-analytics/How-to-use-RFM-groups-for-targeted-advertising-33389382848155.md,True,True,10392,
49375758051483,Customer insights,Intelligence (Advanced KDP & Marketing Analytics) > Customer insights,18073014919195,Advanced KDP & Marketing Analytics,advanced-kdp-marketing-analytics,28474458127899,How to use the conversion overview dashboard,https://help.klaviyo.com/hc/en-us/articles/28474458127899-How-to-use-the-conversion-overview-dashboard,advanced-kdp-marketing-analytics/How-to-use-the-conversion-overview-dashboard-28474458127899.md,True,True,10419,
49375758051483,Customer insights,Intelligence (Advanced KDP & Marketing Analytics) > Customer insights,18073014919195,Advanced KDP & Marketing Analytics,advanced-kdp-marketing-analytics,17797984549659,Troubleshooting the funnel analysis report,https://help.klaviyo.com/hc/en-us/articles/17797984549659-Troubleshooting-the-funnel-analysis-report,advanced-kdp-marketing-analytics/Troubleshooting-the-funnel-analysis-report-17797984549659.md,True,True,10858,https://dynamicycle.com/docs/articles-troubleshooting-the-funnel-analysis-report/
49375758051483,Customer insights,Intelligence (Advanced KDP & Marketing Analytics) > Customer insights,18073014919195,Advanced KDP & Marketing Analytics,advanced-kdp-marketing-analytics,33789127136027,Understanding cohort analysis in Advanced KDP and Marketing Analytics,https://help.klaviyo.com/hc/en-us/articles/33789127136027-Understanding-cohort-analysis-in-Advanced-KDP-and-Marketing-Analytics,advanced-kdp-marketing-analytics/Understanding-cohort-analysis-in-Advanced-KDP-and-Marketing-Analytics-33789127136027.md,True,True,10386,
49375758051483,Customer insights,Intelligence (Advanced KDP & Marketing Analytics) > Customer insights,18073014919195,Advanced KDP & Marketing Analytics,advanced-kdp-marketing-analytics,17797937793179,"Understanding scoring and customer groups in the recency, frequency, and monetary analysis (RFM) report",https://help.klaviyo.com/hc/en-us/articles/17797937793179-Understanding-scoring-and-customer-groups-in-the-recency-frequency-and-monetary-analysis-RFM-report,"advanced-kdp-marketing-analytics/Understanding-scoring-and-customer-groups-in-the-recency,-frequency,-and-monetary-analysis-(RFM)-report-17797937793179.md",True,True,10859,https://dynamicycle.com/docs/articles-understanding-scoring-and-customer-groups-in-the-recency-frequency-and-monetary-analysis-rfm-report/
49375715593115,Predictive models,Intelligence (Advanced KDP & Marketing Analytics) > Predictive models,18073014919195,Advanced KDP & Marketing Analytics,advanced-kdp-marketing-analytics,45231714007323,Drive performance with right time delivery using Personalized Send Time,https://help.klaviyo.com/hc/en-us/articles/45231714007323-Drive-performance-with-right-time-delivery-using-Personalized-Send-Time,advanced-kdp-marketing-analytics/Drive-performance-with-right-time-delivery-using-Personalized-Send-Time-45231714007323.md,True,True,10272,
49375715593115,Predictive models,Intelligence (Advanced KDP & Marketing Analytics) > Predictive models,18073014919195,Advanced KDP & Marketing Analytics,advanced-kdp-marketing-analytics,17797912816795,How to build a customer lifetime value (CLV) dashboard,https://help.klaviyo.com/hc/en-us/articles/17797912816795-How-to-build-a-customer-lifetime-value-CLV-dashboard,advanced-kdp-marketing-analytics/How-to-build-a-customer-lifetime-value-(CLV)-dashboard-17797912816795.md,True,True,10860,https://dynamicycle.com/docs/articles-how-to-build-a-customer-lifetime-value-clv-dashboard/
49375715593115,Predictive models,Intelligence (Advanced KDP & Marketing Analytics) > Predictive models,18073014919195,Advanced KDP & Marketing Analytics,advanced-kdp-marketing-analytics,48320692341019,Maintain a healthy email audience with Audience Optimization,https://help.klaviyo.com/hc/en-us/articles/48320692341019-Maintain-a-healthy-email-audience-with-Audience-Optimization,advanced-kdp-marketing-analytics/Maintain-a-healthy-email-audience-with-Audience-Optimization-48320692341019.md,True,True,10231,
49375715593115,Predictive models,Intelligence (Advanced KDP & Marketing Analytics) > Predictive models,18073014919195,Advanced KDP & Marketing Analytics,advanced-kdp-marketing-analytics,17797865070235,Understanding the customer lifetime value (CLV) dashboard,https://help.klaviyo.com/hc/en-us/articles/17797865070235-Understanding-the-customer-lifetime-value-CLV-dashboard,advanced-kdp-marketing-analytics/Understanding-the-customer-lifetime-value-(CLV)-dashboard-17797865070235.md,True,True,10520,
49375269321883,Email and flow strategies,Analytics calculations and strategies > Email and flow strategies,115000874048,Analytics,analytics,360000676712,How to calculate average order value (AOV),https://help.klaviyo.com/hc/en-us/articles/360000676712-How-to-calculate-average-order-value-AOV,analytics-audience/How-to-calculate-average-order-value-(AOV)-360000676712.md,True,True,11301,https://dynamicycle.com/docs/articles-how-to-calculate-average-order-value-aov/
49375269321883,Email and flow strategies,Analytics calculations and strategies > Email and flow strategies,115000874048,Analytics,analytics,360042176831,How to calculate retention rate,https://help.klaviyo.com/hc/en-us/articles/360042176831-How-to-calculate-retention-rate,analytics-audience/How-to-calculate-retention-rate-360042176831.md,True,True,10675,
49375269321883,Email and flow strategies,Analytics calculations and strategies > Email and flow strategies,115000874048,Analytics,analytics,360034724572,How to calculate revenue per recipient ,https://help.klaviyo.com/hc/en-us/articles/360034724572-How-to-calculate-revenue-per-recipient,analytics-audience/How-to-calculate-revenue-per-recipient-360034724572.md,True,True,10776,https://dynamicycle.com/docs/articles-how-to-calculate-revenue-per-recipient/
49375269321883,Email and flow strategies,Analytics calculations and strategies > Email and flow strategies,115000874048,Analytics,analytics,360042454031,How to increase campaign open rates,https://help.klaviyo.com/hc/en-us/articles/360042454031-How-to-increase-campaign-open-rates,analytics-audience/How-to-increase-campaign-open-rates-360042454031.md,True,True,10674,
49375269321883,Email and flow strategies,Analytics calculations and strategies > Email and flow strategies,115000874048,Analytics,analytics,360057459931,How to increase email click rates,https://help.klaviyo.com/hc/en-us/articles/360057459931-How-to-increase-email-click-rates,analytics-audience/How-to-increase-email-click-rates-360057459931.md,True,True,10635,
49375269321883,Email and flow strategies,Analytics calculations and strategies > Email and flow strategies,115000874048,Analytics,analytics,360058104671,How to increase email conversion rates,https://help.klaviyo.com/hc/en-us/articles/360058104671-How-to-increase-email-conversion-rates,analytics-audience/How-to-increase-email-conversion-rates-360058104671.md,True,True,10631,
49375269321883,Email and flow strategies,Analytics calculations and strategies > Email and flow strategies,115000874048,Analytics,analytics,360058346111,How to increase flow open rates,https://help.klaviyo.com/hc/en-us/articles/360058346111-How-to-increase-flow-open-rates,analytics-audience/How-to-increase-flow-open-rates-360058346111.md,True,True,10628,
49375269321883,Email and flow strategies,Analytics calculations and strategies > Email and flow strategies,115000874048,Analytics,analytics,12887265114907,Using revenue per recipient to inform your marketing strategies ,https://help.klaviyo.com/hc/en-us/articles/12887265114907-Using-revenue-per-recipient-to-inform-your-marketing-strategies,analytics-audience/Using-revenue-per-recipient-to-inform-your-marketing-strategies-12887265114907.md,True,True,10560,
49375689902619,Attribution,Attribution,115000874048,Analytics,analytics,11118357030555,How to change your attribution model,https://help.klaviyo.com/hc/en-us/articles/11118357030555-How-to-change-your-attribution-model,analytics-audience/How-to-change-your-attribution-model-11118357030555.md,True,True,10565,
49375689902619,Attribution,Attribution,115000874048,Analytics,analytics,34571019518107,How to view historical attribution changes,https://help.klaviyo.com/hc/en-us/articles/34571019518107-How-to-view-historical-attribution-changes,analytics-audience/How-to-view-historical-attribution-changes-34571019518107.md,True,True,10377,
49375689902619,Attribution,Attribution,115000874048,Analytics,analytics,1260804504250,Understanding Klaviyo message attribution,https://help.klaviyo.com/hc/en-us/articles/1260804504250-Understanding-Klaviyo-message-attribution,analytics-audience/Understanding-Klaviyo-message-attribution-1260804504250.md,True,True,10624,
49375262512411,Benchmarks best practices,Benchmarks > Benchmarks best practices,115000874048,Analytics,analytics,360050169412,Best practices for improving your benchmarks performance,https://help.klaviyo.com/hc/en-us/articles/360050169412-Best-practices-for-improving-your-benchmarks-performance,analytics-audience/Best-practices-for-improving-your-benchmarks-performance-360050169412.md,True,True,11135,https://dynamicycle.com/docs/articles-best-practices-for-improving-your-benchmarks-performance/
49375248876699,Build and use benchmarks,Benchmarks > Build and use benchmarks,115000874048,Analytics,analytics,360032635171,How to access and use the activity map,https://help.klaviyo.com/hc/en-us/articles/360032635171-How-to-access-and-use-the-activity-map,analytics-audience/How-to-access-and-use-the-activity-map-360032635171.md,True,True,10780,https://dynamicycle.com/docs/articles-how-to-access-and-use-the-activity-map/
49375248876699,Build and use benchmarks,Benchmarks > Build and use benchmarks,115000874048,Analytics,analytics,360051715391,How to customize benchmark pages,https://help.klaviyo.com/hc/en-us/articles/360051715391-How-to-customize-benchmark-pages,analytics-audience/How-to-customize-benchmark-pages-360051715391.md,True,True,10899,https://dynamicycle.com/docs/articles-how-to-customize-benchmark-pages/
49375248876699,Build and use benchmarks,Benchmarks > Build and use benchmarks,115000874048,Analytics,analytics,360059067852,How to export your benchmarks,https://help.klaviyo.com/hc/en-us/articles/360059067852-How-to-export-your-benchmarks,analytics-audience/How-to-export-your-benchmarks-360059067852.md,True,True,10625,
49375248876699,Build and use benchmarks,Benchmarks > Build and use benchmarks,115000874048,Analytics,analytics,360051797112,Understanding how Klaviyo converts currency in Benchmarks,https://help.klaviyo.com/hc/en-us/articles/360051797112-Understanding-how-Klaviyo-converts-currency-in-Benchmarks,analytics-audience/Understanding-how-Klaviyo-converts-currency-in-Benchmarks-360051797112.md,True,True,11195,https://dynamicycle.com/docs/articles-understanding-how-klaviyo-converts-currency-in-benchmarks/
49375261048347,Getting started with benchmarks,Benchmarks > Getting started with benchmarks,115000874048,Analytics,analytics,360050110072,Getting started with benchmarks reports,https://help.klaviyo.com/hc/en-us/articles/360050110072-Getting-started-with-benchmarks-reports,analytics-audience/Getting-started-with-benchmarks-reports-360050110072.md,True,True,10654,
49375261048347,Getting started with benchmarks,Benchmarks > Getting started with benchmarks,115000874048,Analytics,analytics,360049718852,Percentiles in Klaviyo reference,https://help.klaviyo.com/hc/en-us/articles/360049718852-Percentiles-in-Klaviyo-reference,analytics-audience/Percentiles-in-Klaviyo-reference-360049718852.md,True,True,11073,https://dynamicycle.com/docs/articles-percentiles-in-klaviyo-reference/
49375261048347,Getting started with benchmarks,Benchmarks > Getting started with benchmarks,115000874048,Analytics,analytics,360050180151,"Understanding peer groups, benchmarks, and how Klaviyo uses your data",https://help.klaviyo.com/hc/en-us/articles/360050180151-Understanding-peer-groups-benchmarks-and-how-Klaviyo-uses-your-data,"analytics-audience/Understanding-peer-groups,-benchmarks,-and-how-Klaviyo-uses-your-data-360050180151.md",True,True,10996,https://dynamicycle.com/docs/articles-understanding-peer-groups-benchmarks-and-how-klaviyo-uses-your-data/
49375268765851,Analyze email results,"Campaign, flow, and audience analytics > Analyze email results",115000874048,Analytics,analytics,115005199947,How to change the conversion metric for flow and campaign reports,https://help.klaviyo.com/hc/en-us/articles/115005199947-How-to-change-the-conversion-metric-for-flow-and-campaign-reports,analytics-audience/How-to-change-the-conversion-metric-for-flow-and-campaign-reports-115005199947.md,True,True,10926,https://dynamicycle.com/docs/articles-how-to-change-the-conversion-metric-for-flow-and-campaign-reports/
49375268765851,Analyze email results,"Campaign, flow, and audience analytics > Analyze email results",115000874048,Analytics,analytics,1260805819449,How to export a list of queued back in stock subscribers,https://help.klaviyo.com/hc/en-us/articles/1260805819449-How-to-export-a-list-of-queued-back-in-stock-subscribers,analytics-audience/How-to-export-a-list-of-queued-back-in-stock-subscribers-1260805819449.md,True,True,10621,
49375268765851,Analyze email results,"Campaign, flow, and audience analytics > Analyze email results",115000874048,Analytics,analytics,360054361092,How to export campaign analytics,https://help.klaviyo.com/hc/en-us/articles/360054361092-How-to-export-campaign-analytics,analytics-audience/How-to-export-campaign-analytics-360054361092.md,True,True,10640,
49375268765851,Analyze email results,"Campaign, flow, and audience analytics > Analyze email results",115000874048,Analytics,analytics,360052794352,How to review your A/B test results for campaigns,https://help.klaviyo.com/hc/en-us/articles/360052794352-How-to-review-your-A-B-test-results-for-campaigns,analytics-audience/How-to-review-your-AB-test-results-for-campaigns-360052794352.md,True,True,10646,
49375268765851,Analyze email results,"Campaign, flow, and audience analytics > Analyze email results",115000874048,Analytics,analytics,360033669492,Performance benchmarks for email campaigns reference,https://help.klaviyo.com/hc/en-us/articles/360033669492-Performance-benchmarks-for-email-campaigns-reference,analytics-audience/Performance-benchmarks-for-email-campaigns-reference-360033669492.md,True,True,10778,https://dynamicycle.com/docs/articles-performance-benchmarks-for-email-campaigns-reference/
49375268765851,Analyze email results,"Campaign, flow, and audience analytics > Analyze email results",115000874048,Analytics,analytics,360041411132,Understanding Smart Send Time results,https://help.klaviyo.com/hc/en-us/articles/360041411132-Understanding-Smart-Send-Time-results,analytics-audience/Understanding-Smart-Send-Time-results-360041411132.md,True,True,10676,
49375268765851,Analyze email results,"Campaign, flow, and audience analytics > Analyze email results",115000874048,Analytics,analytics,115005258568,Understanding available campaign analytics,https://help.klaviyo.com/hc/en-us/articles/115005258568-Understanding-available-campaign-analytics,analytics-audience/Understanding-available-campaign-analytics-115005258568.md,True,True,10802,https://dynamicycle.com/docs/articles-understanding-available-campaign-analytics/
49375268765851,Analyze email results,"Campaign, flow, and audience analytics > Analyze email results",115000874048,Analytics,analytics,115005085427,Understanding unique vs. total opens and clicks,https://help.klaviyo.com/hc/en-us/articles/115005085427-Understanding-unique-vs-total-opens-and-clicks,analytics-audience/Understanding-unique-vs.-total-opens-and-clicks-115005085427.md,True,True,11475,https://dynamicycle.com/docs/articles-understanding-unique-vs-total-opens-and-clicks/
49375275637531,Analyze lists and segments results,"Campaign, flow, and audience analytics > Analyze lists and segments results",115000874048,Analytics,analytics,16328700952987,Getting started with the segment growth report,https://help.klaviyo.com/hc/en-us/articles/16328700952987-Getting-started-with-the-segment-growth-report,analytics-audience/Getting-started-with-the-segment-growth-report-16328700952987.md,True,True,10534,
49375275637531,Analyze lists and segments results,"Campaign, flow, and audience analytics > Analyze lists and segments results",115000874048,Analytics,analytics,23933678005403,Getting started with the subscriber growth report,https://help.klaviyo.com/hc/en-us/articles/23933678005403-Getting-started-with-the-subscriber-growth-report,analytics-audience/Getting-started-with-the-subscriber-growth-report-23933678005403.md,True,True,10464,
49375275637531,Analyze lists and segments results,"Campaign, flow, and audience analytics > Analyze lists and segments results",115000874048,Analytics,analytics,15032210146715,How to create an engagement report for a list or segment,https://help.klaviyo.com/hc/en-us/articles/15032210146715-How-to-create-an-engagement-report-for-a-list-or-segment,analytics-audience/How-to-create-an-engagement-report-for-a-list-or-segment-15032210146715.md,True,True,10550,
49375275637531,Analyze lists and segments results,"Campaign, flow, and audience analytics > Analyze lists and segments results",115000874048,Analytics,analytics,115005906848,Understanding engagement reports for lists and segments,https://help.klaviyo.com/hc/en-us/articles/115005906848-Understanding-engagement-reports-for-lists-and-segments,analytics-audience/Understanding-engagement-reports-for-lists-and-segments-115005906848.md,True,True,10801,https://dynamicycle.com/docs/articles-understanding-engagement-reports-for-lists-and-segments/
49375275637531,Analyze lists and segments results,"Campaign, flow, and audience analytics > Analyze lists and segments results",115000874048,Analytics,analytics,360034785292,Understanding how segment engagement reports can help you judge lead quality,https://help.klaviyo.com/hc/en-us/articles/360034785292-Understanding-how-segment-engagement-reports-can-help-you-judge-lead-quality,analytics-audience/Understanding-how-segment-engagement-reports-can-help-you-judge-lead-quality-360034785292.md,True,True,10775,https://dynamicycle.com/docs/articles-understanding-how-segment-engagement-reports-can-help-you-judge-lead-quality/
49375276131739,Build and use custom reports,Custom reports > Build and use custom reports,115000874048,Analytics,analytics,360047022912,How to build a campaign performance report,https://help.klaviyo.com/hc/en-us/articles/360047022912-How-to-build-a-campaign-performance-report,analytics-audience/How-to-build-a-campaign-performance-report-360047022912.md,True,True,11250,https://dynamicycle.com/docs/articles-how-to-build-a-campaign-performance-report/
49375276131739,Build and use custom reports,Custom reports > Build and use custom reports,115000874048,Analytics,analytics,360047044892,How to build a flows performance report,https://help.klaviyo.com/hc/en-us/articles/360047044892-How-to-build-a-flows-performance-report,analytics-audience/How-to-build-a-flows-performance-report-360047044892.md,True,True,11197,https://dynamicycle.com/docs/articles-how-to-build-a-flows-performance-report/
49375276131739,Build and use custom reports,Custom reports > Build and use custom reports,115000874048,Analytics,analytics,360046234772,How to build a multi-metric report,https://help.klaviyo.com/hc/en-us/articles/360046234772-How-to-build-a-multi-metric-report,analytics-audience/How-to-build-a-multi-metric-report-360046234772.md,True,True,11074,https://dynamicycle.com/docs/articles-how-to-build-a-multi-metric-report/
49375276131739,Build and use custom reports,Custom reports > Build and use custom reports,115000874048,Analytics,analytics,360047083252,How to build a product performance report,https://help.klaviyo.com/hc/en-us/articles/360047083252-How-to-build-a-product-performance-report,analytics-audience/How-to-build-a-product-performance-report-360047083252.md,True,True,11137,https://dynamicycle.com/docs/articles-how-to-build-a-product-performance-report/
49375276131739,Build and use custom reports,Custom reports > Build and use custom reports,115000874048,Analytics,analytics,360046242952,How to build a single metric deep dive report,https://help.klaviyo.com/hc/en-us/articles/360046242952-How-to-build-a-single-metric-deep-dive-report,analytics-audience/How-to-build-a-single-metric-deep-dive-report-360046242952.md,True,True,11001,https://dynamicycle.com/docs/articles-how-to-build-a-single-metric-deep-dive-report/
49375276131739,Build and use custom reports,Custom reports > Build and use custom reports,115000874048,Analytics,analytics,4407838420123,How to schedule custom reports,https://help.klaviyo.com/hc/en-us/articles/4407838420123-How-to-schedule-custom-reports,analytics-audience/How-to-schedule-custom-reports-4407838420123.md,True,True,10602,
49375251572891,Custom reports best practices,Custom reports > Custom reports best practices,115000874048,Analytics,analytics,360046757411,Getting started with a custom reporting strategy,https://help.klaviyo.com/hc/en-us/articles/360046757411-Getting-started-with-a-custom-reporting-strategy,analytics-audience/Getting-started-with-a-custom-reporting-strategy-360046757411.md,True,True,11290,https://dynamicycle.com/docs/articles-getting-started-with-a-custom-reporting-strategy/
49375251572891,Custom reports best practices,Custom reports > Custom reports best practices,115000874048,Analytics,analytics,4416803987739,How to configure custom reports to track Apple Mail Privacy Protection (MPP) opens,https://help.klaviyo.com/hc/en-us/articles/4416803987739-How-to-configure-custom-reports-to-track-Apple-Mail-Privacy-Protection-MPP-opens,analytics-audience/How-to-configure-custom-reports-to-track-Apple-Mail-Privacy-Protection-(MPP)-opens-4416803987739.md,True,True,10599,
49375251572891,Custom reports best practices,Custom reports > Custom reports best practices,115000874048,Analytics,analytics,27497646637979,How to configure custom reports to track bot clicks,https://help.klaviyo.com/hc/en-us/articles/27497646637979-How-to-configure-custom-reports-to-track-bot-clicks,analytics-audience/How-to-configure-custom-reports-to-track-bot-clicks-27497646637979.md,True,True,10426,
49375266127259,Getting started with custom reports,Custom reports > Getting started with custom reports,115000874048,Analytics,analytics,360047725651,Getting started with custom reports in Klaviyo,https://help.klaviyo.com/hc/en-us/articles/360047725651-Getting-started-with-custom-reports-in-Klaviyo,analytics-audience/Getting-started-with-custom-reports-in-Klaviyo-360047725651.md,True,True,10901,https://dynamicycle.com/docs/articles-getting-started-with-custom-reports-in-klaviyo/
49375266127259,Getting started with custom reports,Custom reports > Getting started with custom reports,115000874048,Analytics,analytics,1260806521330,How to use the reports library,https://help.klaviyo.com/hc/en-us/articles/1260806521330-How-to-use-the-reports-library,analytics-audience/How-to-use-the-reports-library-1260806521330.md,True,True,10618,
49375255588635,Build and use dashboards,Dashboards > Build and use dashboards,115000874048,Analytics,analytics,16428880806427,How to build a business review dashboard,https://help.klaviyo.com/hc/en-us/articles/16428880806427-How-to-build-a-business-review-dashboard,analytics-audience/How-to-build-a-business-review-dashboard-16428880806427.md,True,True,10531,
49375255588635,Build and use dashboards,Dashboards > Build and use dashboards,115000874048,Analytics,analytics,13267004984859,How to build an analytics or overview dashboard,https://help.klaviyo.com/hc/en-us/articles/13267004984859-How-to-build-an-analytics-or-overview-dashboard,analytics-audience/How-to-build-an-analytics-or-overview-dashboard-13267004984859.md,True,True,10556,
49375228749595,Dashboard reports troubleshooting,Dashboards > Dashboard reports troubleshooting,115000874048,Analytics,analytics,13466594378523,Troubleshooting empty cards on analytics or overview dashboards,https://help.klaviyo.com/hc/en-us/articles/13466594378523-Troubleshooting-empty-cards-on-analytics-or-overview-dashboards,analytics-audience/Troubleshooting-empty-cards-on-analytics-or-overview-dashboards-13466594378523.md,True,True,10555,
49375226652315,Getting started with dashboards,Dashboards > Getting started with dashboards,115000874048,Analytics,analytics,4708299478427,Getting started with analytics or overview dashboards,https://help.klaviyo.com/hc/en-us/articles/4708299478427-Getting-started-with-analytics-or-overview-dashboards,analytics-audience/Getting-started-with-analytics-or-overview-dashboards-4708299478427.md,True,True,10595,
49375226652315,Getting started with dashboards,Dashboards > Getting started with dashboards,115000874048,Analytics,analytics,25933782934555,Getting started with the SMS dashboard,https://help.klaviyo.com/hc/en-us/articles/25933782934555-Getting-started-with-the-SMS-dashboard,analytics-audience/Getting-started-with-the-SMS-dashboard-25933782934555.md,True,True,10442,
49375226652315,Getting started with dashboards,Dashboards > Getting started with dashboards,115000874048,Analytics,analytics,16427152766619,Getting started with the business review dashboard,https://help.klaviyo.com/hc/en-us/articles/16427152766619-Getting-started-with-the-business-review-dashboard,analytics-audience/Getting-started-with-the-business-review-dashboard-16427152766619.md,True,True,10532,
49375672351515,Deliverability,Deliverability,115000874048,Analytics,analytics,18378819907995,Understanding the email deliverability hub in Klaviyo,https://help.klaviyo.com/hc/en-us/articles/18378819907995-Understanding-the-email-deliverability-hub-in-Klaviyo,analytics-audience/Understanding-the-email-deliverability-hub-in-Klaviyo-18378819907995.md,True,True,10508,
49375656806939,A/B tests,Experiments > A/B tests,115000874048,Analytics,analytics,18631098703515,Understanding the experiments section,https://help.klaviyo.com/hc/en-us/articles/18631098703515-Understanding-the-experiments-section,analytics-audience/Understanding-the-experiments-section-18631098703515.md,True,True,10504,
49375724434459,Global experiments,Experiments > Global experiments,115000874048,Analytics,analytics,18138290642971,Getting started with global holdout groups,https://help.klaviyo.com/hc/en-us/articles/18138290642971-Getting-started-with-global-holdout-groups,analytics-audience/Getting-started-with-global-holdout-groups-18138290642971.md,True,True,10513,
49375243224859,About cookies in Klaviyo,Getting started with analytics > About cookies in Klaviyo,115000874048,Analytics,analytics,4764571493275,How to configure OneTrust with Klaviyo's cookies,https://help.klaviyo.com/hc/en-us/articles/4764571493275-How-to-configure-OneTrust-with-Klaviyo-s-cookies,analytics-audience/How-to-configure-OneTrust-with-Klaviyo's-cookies-4764571493275.md,True,True,10594,
49375243224859,About cookies in Klaviyo,Getting started with analytics > About cookies in Klaviyo,115000874048,Analytics,analytics,32053410094619,How to set up extended ID cookie tracking,https://help.klaviyo.com/hc/en-us/articles/32053410094619-How-to-set-up-extended-ID-cookie-tracking,analytics-audience/How-to-set-up-extended-ID-cookie-tracking-32053410094619.md,True,True,12609,https://dynamicycle.com/docs/articles-how-to-set-up-extended-id-cookie-tracking/
49375243224859,About cookies in Klaviyo,Getting started with analytics > About cookies in Klaviyo,115000874048,Analytics,analytics,360034666712,Understanding cookies in Klaviyo,https://help.klaviyo.com/hc/en-us/articles/360034666712-Understanding-cookies-in-Klaviyo,analytics-audience/Understanding-cookies-in-Klaviyo-360034666712.md,True,True,10777,https://dynamicycle.com/docs/articles-understanding-cookies-in-klaviyo/
49375243695771,Data explanations and attribution,Getting started with analytics > Data explanations and attribution,115000874048,Analytics,analytics,360037957832,Analytics glossary,https://help.klaviyo.com/hc/en-us/articles/360037957832-Analytics-glossary,analytics-audience/Analytics-glossary-360037957832.md,True,True,10681,
49375243695771,Data explanations and attribution,Getting started with analytics > Data explanations and attribution,115000874048,Analytics,analytics,360049695831,How to edit the location of your tracking pixel,https://help.klaviyo.com/hc/en-us/articles/360049695831-How-to-edit-the-location-of-your-tracking-pixel,analytics-audience/How-to-edit-the-location-of-your-tracking-pixel-360049695831.md,True,True,10662,
49375243695771,Data explanations and attribution,Getting started with analytics > Data explanations and attribution,115000874048,Analytics,analytics,115005075187,Understanding initial source tracking with JavaScript,https://help.klaviyo.com/hc/en-us/articles/115005075187-Understanding-initial-source-tracking-with-JavaScript,analytics-audience/Understanding-initial-source-tracking-with-JavaScript-115005075187.md,True,True,11101,https://dynamicycle.com/docs/articles-understanding-initial-source-tracking-with-javascript/
49375243695771,Data explanations and attribution,Getting started with analytics > Data explanations and attribution,115000874048,Analytics,analytics,115005248128,Understanding message conversion tracking,https://help.klaviyo.com/hc/en-us/articles/115005248128-Understanding-message-conversion-tracking,analytics-audience/Understanding-message-conversion-tracking-115005248128.md,True,True,10822,https://dynamicycle.com/docs/articles-understanding-message-conversion-tracking/
49375234472219,Getting started with Klaviyo reporting,Getting started with analytics > Getting started with Klaviyo reporting,115000874048,Analytics,analytics,360047399472,Getting started with reporting,https://help.klaviyo.com/hc/en-us/articles/360047399472-Getting-started-with-reporting,analytics-audience/Getting-started-with-reporting-360047399472.md,True,True,10667,
49375234472219,Getting started with Klaviyo reporting,Getting started with analytics > Getting started with Klaviyo reporting,115000874048,Analytics,analytics,31141239059611,Understanding auto-monitors in Klaviyo,https://help.klaviyo.com/hc/en-us/articles/31141239059611-Understanding-auto-monitors-in-Klaviyo,analytics-audience/Understanding-auto-monitors-in-Klaviyo-31141239059611.md,True,True,10407,
49375234472219,Getting started with Klaviyo reporting,Getting started with analytics > Getting started with Klaviyo reporting,115000874048,Analytics,analytics,33865795499163,Understanding cohort analysis in the metrics tab,https://help.klaviyo.com/hc/en-us/articles/33865795499163-Understanding-cohort-analysis-in-the-metrics-tab,analytics-audience/Understanding-cohort-analysis-in-the-metrics-tab-33865795499163.md,True,True,10383,
49375234472219,Getting started with Klaviyo reporting,Getting started with analytics > Getting started with Klaviyo reporting,115000874048,Analytics,analytics,115005076707,Understanding the Klaviyo dashboard,https://help.klaviyo.com/hc/en-us/articles/115005076707-Understanding-the-Klaviyo-dashboard,analytics-audience/Understanding-the-Klaviyo-dashboard-115005076707.md,True,True,11164,https://dynamicycle.com/docs/articles-understanding-the-klaviyo-dashboard/
49375234472219,Getting started with Klaviyo reporting,Getting started with analytics > Getting started with Klaviyo reporting,115000874048,Analytics,analytics,9974064152347,Understanding the Klaviyo home dashboard,https://help.klaviyo.com/hc/en-us/articles/9974064152347-Understanding-the-Klaviyo-home-dashboard,analytics-audience/Understanding-the-Klaviyo-home-dashboard-9974064152347.md,True,True,10571,
49375234472219,Getting started with Klaviyo reporting,Getting started with analytics > Getting started with Klaviyo reporting,115000874048,Analytics,analytics,115005076387,Understanding the performance dashboard,https://help.klaviyo.com/hc/en-us/articles/115005076387-Understanding-the-performance-dashboard,analytics-audience/Understanding-the-performance-dashboard-115005076387.md,True,True,11031,https://dynamicycle.com/docs/articles-understanding-the-performance-dashboard/
49375263424027,Build and use metrics,Metrics > Build and use metrics,115000874048,Analytics,analytics,360015392131,How to add Klaviyo onsite tracking using Google Tag Manager,https://help.klaviyo.com/hc/en-us/articles/360015392131-How-to-add-Klaviyo-onsite-tracking-using-Google-Tag-Manager,analytics-audience/How-to-add-Klaviyo-onsite-tracking-using-Google-Tag-Manager-360015392131.md,True,True,11010,https://dynamicycle.com/docs/articles-how-to-add-klaviyo-onsite-tracking-using-google-tag-manager/
49375263424027,Build and use metrics,Metrics > Build and use metrics,115000874048,Analytics,analytics,22311085738395,How to configure custom conversion metrics,https://help.klaviyo.com/hc/en-us/articles/22311085738395-How-to-configure-custom-conversion-metrics,analytics-audience/How-to-configure-custom-conversion-metrics-22311085738395.md,True,True,10477,
49375263424027,Build and use metrics,Metrics > Build and use metrics,115000874048,Analytics,analytics,360059075151,How to create a custom viewed page metric,https://help.klaviyo.com/hc/en-us/articles/360059075151-How-to-create-a-custom-viewed-page-metric,analytics-audience/How-to-create-a-custom-viewed-page-metric-360059075151.md,True,True,10626,
49375263424027,Build and use metrics,Metrics > Build and use metrics,115000874048,Analytics,analytics,25829057055899,How to use account-level mapped metrics,https://help.klaviyo.com/hc/en-us/articles/25829057055899-How-to-use-account-level-mapped-metrics,analytics-audience/How-to-use-account-level-mapped-metrics-25829057055899.md,True,True,10444,
49375263424027,Build and use metrics,Metrics > Build and use metrics,115000874048,Analytics,analytics,115005076747,How to view raw metric or profile activity data in Klaviyo,https://help.klaviyo.com/hc/en-us/articles/115005076747-How-to-view-raw-metric-or-profile-activity-data-in-Klaviyo,analytics-audience/How-to-view-raw-metric-or-profile-activity-data-in-Klaviyo-115005076747.md,True,True,11100,https://dynamicycle.com/docs/articles-how-to-view-raw-metric-or-profile-activity-data-in-klaviyo/
49375258862875,Getting started with metrics,Metrics > Getting started with metrics,115000874048,Analytics,analytics,360036974872,Email metrics reference,https://help.klaviyo.com/hc/en-us/articles/360036974872-Email-metrics-reference,analytics-audience/Email-metrics-reference-360036974872.md,True,True,10684,
49375258862875,Getting started with metrics,Metrics > Getting started with metrics,115000874048,Analytics,analytics,115005076767,Getting started with Klaviyo onsite tracking,https://help.klaviyo.com/hc/en-us/articles/115005076767-Getting-started-with-Klaviyo-onsite-tracking,analytics-audience/Getting-started-with-Klaviyo-onsite-tracking-115005076767.md,True,True,10939,https://dynamicycle.com/docs/articles-getting-started-with-klaviyo-onsite-tracking/
49375258862875,Getting started with metrics,Metrics > Getting started with metrics,115000874048,Analytics,analytics,115005076787,Getting started with metrics,https://help.klaviyo.com/hc/en-us/articles/115005076787-Getting-started-with-metrics,analytics-audience/Getting-started-with-metrics-115005076787.md,True,True,10821,https://dynamicycle.com/docs/articles-getting-started-with-metrics/
49375258862875,Getting started with metrics,Metrics > Getting started with metrics,115000874048,Analytics,analytics,15307358769051,Push notification metrics reference,https://help.klaviyo.com/hc/en-us/articles/15307358769051-Push-notification-metrics-reference,analytics-audience/Push-notification-metrics-reference-15307358769051.md,True,True,10546,
49375245825179,Metrics best practices,Metrics > Metrics best practices,115000874048,Analytics,analytics,115000713811,How to analyze revenue by source,https://help.klaviyo.com/hc/en-us/articles/115000713811-How-to-analyze-revenue-by-source,analytics-audience/How-to-analyze-revenue-by-source-115000713811.md,True,True,10796,https://dynamicycle.com/docs/articles-how-to-analyze-revenue-by-source/
49375245825179,Metrics best practices,Metrics > Metrics best practices,115000874048,Analytics,analytics,360039666832,Understanding the subscribed to list metric,https://help.klaviyo.com/hc/en-us/articles/360039666832-Understanding-the-subscribed-to-list-metric,analytics-audience/Understanding-the-subscribed-to-list-metric-360039666832.md,True,True,10677,
49375245825179,Metrics best practices,Metrics > Metrics best practices,115000874048,Analytics,analytics,22311212640027,Understanding when and how to use custom conversion metrics,https://help.klaviyo.com/hc/en-us/articles/22311212640027-Understanding-when-and-how-to-use-custom-conversion-metrics,analytics-audience/Understanding-when-and-how-to-use-custom-conversion-metrics-22311212640027.md,True,True,10476,
49375247843227,Metrics troubleshooting,Metrics > Metrics troubleshooting,115000874048,Analytics,analytics,6985692431259,Troubleshooting added to cart tracking,https://help.klaviyo.com/hc/en-us/articles/6985692431259-Troubleshooting-added-to-cart-tracking,analytics-audience/Troubleshooting-added-to-cart-tracking-6985692431259.md,True,True,10587,
49375247843227,Metrics troubleshooting,Metrics > Metrics troubleshooting,115000874048,Analytics,analytics,7000906101019,Troubleshooting placed order tracking,https://help.klaviyo.com/hc/en-us/articles/7000906101019-Troubleshooting-placed-order-tracking,analytics-audience/Troubleshooting-placed-order-tracking-7000906101019.md,True,True,10585,
49375247843227,Metrics troubleshooting,Metrics > Metrics troubleshooting,115000874048,Analytics,analytics,6998274713371,Troubleshooting started checkout tracking,https://help.klaviyo.com/hc/en-us/articles/6998274713371-Troubleshooting-started-checkout-tracking,analytics-audience/Troubleshooting-started-checkout-tracking-6998274713371.md,True,True,10586,
49375247843227,Metrics troubleshooting,Metrics > Metrics troubleshooting,115000874048,Analytics,analytics,4416172774939,Troubleshooting viewed product tracking,https://help.klaviyo.com/hc/en-us/articles/4416172774939-Troubleshooting-viewed-product-tracking,analytics-audience/Troubleshooting-viewed-product-tracking-4416172774939.md,True,True,10600,
45191949659547,Geofences,Geofences,115000867867,Audience,audience,45194892526747,Getting started with geofences,https://help.klaviyo.com/hc/en-us/articles/45194892526747-Getting-started-with-geofences,analytics-audience/Getting-started-with-geofences-45194892526747.md,True,True,10274,
45191949659547,Geofences,Geofences,115000867867,Audience,audience,49977781377563,How to import geofences using a CSV upload,https://help.klaviyo.com/hc/en-us/articles/49977781377563-How-to-import-geofences-using-a-CSV-upload,analytics-audience/How-to-import-geofences-using-a-CSV-upload-49977781377563.md,True,True,10204,
49375671611547,Use growth tools,Growth tools > Use growth tools,115000867867,Audience,audience,18242251015835,Growth tools tab reference,https://help.klaviyo.com/hc/en-us/articles/18242251015835-Growth-tools-tab-reference,analytics-audience/Growth-tools-tab-reference-18242251015835.md,True,True,10510,
49375671611547,Use growth tools,Growth tools > Use growth tools,115000867867,Audience,audience,360059544911,How to collect consent via Instagram,https://help.klaviyo.com/hc/en-us/articles/360059544911-How-to-collect-consent-via-Instagram,analytics-audience/How-to-collect-consent-via-Instagram-360059544911.md,True,True,11435,https://dynamicycle.com/docs/articles-how-to-collect-consent-via-instagram/
49375671611547,Use growth tools,Growth tools > Use growth tools,115000867867,Audience,audience,41741460845339,How to convert Instagram followers into subscribers with Social Auto-replies,https://help.klaviyo.com/hc/en-us/articles/41741460845339-How-to-convert-Instagram-followers-into-subscribers-with-Social-Auto-replies,analytics-audience/How-to-convert-Instagram-followers-into-subscribers-with-Social-Auto-replies-41741460845339.md,True,True,10307,
49375383465243,Build and use lists,Lists and segments > Build and use lists,115000867867,Audience,audience,360039859932,Formatting dates for CSV files reference,https://help.klaviyo.com/hc/en-us/articles/360039859932-Formatting-dates-for-CSV-files-reference,analytics-audience/Formatting-dates-for-CSV-files-reference-360039859932.md,True,True,11078,https://dynamicycle.com/docs/articles-formatting-dates-for-csv-files-reference/
49375383465243,Build and use lists,Lists and segments > Build and use lists,115000867867,Audience,audience,115005078887,How to combine 2 or more lists in Klaviyo,https://help.klaviyo.com/hc/en-us/articles/115005078887-How-to-combine-2-or-more-lists-in-Klaviyo,analytics-audience/How-to-combine-2-or-more-lists-in-Klaviyo-115005078887.md,True,True,11312,https://dynamicycle.com/docs/articles-how-to-combine-2-or-more-lists-in-klaviyo/
49375383465243,Build and use lists,Lists and segments > Build and use lists,115000867867,Audience,audience,115005078647,How to find a list ID,https://help.klaviyo.com/hc/en-us/articles/115005078647-How-to-find-a-list-ID,analytics-audience/How-to-find-a-list-ID-115005078647.md,True,True,11405,https://dynamicycle.com/docs/articles-how-to-find-a-list-id/
49375383465243,Build and use lists,Lists and segments > Build and use lists,115000867867,Audience,audience,115005078547,How to find the subscribe link for a list,https://help.klaviyo.com/hc/en-us/articles/115005078547-How-to-find-the-subscribe-link-for-a-list,analytics-audience/How-to-find-the-subscribe-link-for-a-list-115005078547.md,True,True,11426,https://dynamicycle.com/docs/articles-how-to-find-the-subscribe-link-for-a-list/
49375383465243,Build and use lists,Lists and segments > Build and use lists,115000867867,Audience,audience,115005078847,How to find the unsubscribe link and unsubscribe page for a list,https://help.klaviyo.com/hc/en-us/articles/115005078847-How-to-find-the-unsubscribe-link-and-unsubscribe-page-for-a-list,analytics-audience/How-to-find-the-unsubscribe-link-and-unsubscribe-page-for-a-list-115005078847.md,True,True,11420,https://dynamicycle.com/docs/articles-how-to-find-the-unsubscribe-link-and-unsubscribe-page-for-a-list/
49375383465243,Build and use lists,Lists and segments > Build and use lists,115000867867,Audience,audience,115005251128,How to import subscribers to a list,https://help.klaviyo.com/hc/en-us/articles/115005251128-How-to-import-subscribers-to-a-list,analytics-audience/How-to-import-subscribers-to-a-list-115005251128.md,True,True,10937,https://dynamicycle.com/docs/articles-how-to-import-subscribers-to-a-list/
49375383465243,Build and use lists,Lists and segments > Build and use lists,115000867867,Audience,audience,115005078487,How to migrate existing email subscribers (and unsubscribes) into Klaviyo,https://help.klaviyo.com/hc/en-us/articles/115005078487-How-to-migrate-existing-email-subscribers-and-unsubscribes-into-Klaviyo,analytics-audience/How-to-migrate-existing-email-subscribers-(and-unsubscribes)-into-Klaviyo-115005078487.md,True,True,11162,https://dynamicycle.com/docs/articles-how-to-migrate-existing-email-subscribers-and-unsubscribes-into-klaviyo/
49375383465243,Build and use lists,Lists and segments > Build and use lists,115000867867,Audience,audience,115005077307,How to remove suppressed profiles from a list,https://help.klaviyo.com/hc/en-us/articles/115005077307-How-to-remove-suppressed-profiles-from-a-list,analytics-audience/How-to-remove-suppressed-profiles-from-a-list-115005077307.md,True,True,11344,https://dynamicycle.com/docs/articles-how-to-remove-suppressed-profiles-from-a-list/
49375383465243,Build and use lists,Lists and segments > Build and use lists,115000867867,Audience,audience,115005537388,How to verify that new contacts are being added to a list,https://help.klaviyo.com/hc/en-us/articles/115005537388-How-to-verify-that-new-contacts-are-being-added-to-a-list,analytics-audience/How-to-verify-that-new-contacts-are-being-added-to-a-list-115005537388.md,True,True,11362,https://dynamicycle.com/docs/articles-how-to-verify-that-new-contacts-are-being-added-to-a-list/
49375383465243,Build and use lists,Lists and segments > Build and use lists,115000867867,Audience,audience,115005078407,List growth reporting reference,https://help.klaviyo.com/hc/en-us/articles/115005078407-List-growth-reporting-reference,analytics-audience/List-growth-reporting-reference-115005078407.md,True,True,11226,https://dynamicycle.com/docs/articles-list-growth-reporting-reference/
49375383465243,Build and use lists,Lists and segments > Build and use lists,115000867867,Audience,audience,48460612827163,Understanding how to create a list using converted profiles,https://help.klaviyo.com/hc/en-us/articles/48460612827163-Understanding-how-to-create-a-list-using-converted-profiles,analytics-audience/Understanding-how-to-create-a-list-using-converted-profiles-48460612827163.md,True,True,10229,
49375383465243,Build and use lists,Lists and segments > Build and use lists,115000867867,Audience,audience,115005251108,Understanding the double opt-in process,https://help.klaviyo.com/hc/en-us/articles/115005251108-Understanding-the-double-opt-in-process,analytics-audience/Understanding-the-double-opt-in-process-115005251108.md,True,True,11390,https://dynamicycle.com/docs/articles-understanding-the-double-opt-in-process/
49375383465243,Build and use lists,Lists and segments > Build and use lists,115000867867,Audience,audience,115005078267,Understanding unsubscribes and resubscribes,https://help.klaviyo.com/hc/en-us/articles/115005078267-Understanding-unsubscribes-and-resubscribes,analytics-audience/Understanding-unsubscribes-and-resubscribes-115005078267.md,True,True,11274,https://dynamicycle.com/docs/articles-understanding-unsubscribes-and-resubscribes/
49375416013339,Build and use segments,Lists and segments > Build and use segments,115000867867,Audience,audience,360036534631,AND vs. OR reference,https://help.klaviyo.com/hc/en-us/articles/360036534631-AND-vs-OR-reference,analytics-audience/AND-vs.-OR-reference-360036534631.md,True,True,11005,https://dynamicycle.com/docs/articles-and-vs-or-reference/
49375416013339,Build and use segments,Lists and segments > Build and use segments,115000867867,Audience,audience,360035312491,Advanced segmentation reference,https://help.klaviyo.com/hc/en-us/articles/360035312491-Advanced-segmentation-reference,analytics-audience/Advanced-segmentation-reference-360035312491.md,True,True,10905,https://dynamicycle.com/docs/articles-advanced-segmentation-reference/
49375416013339,Build and use segments,Lists and segments > Build and use segments,115000867867,Audience,audience,115005237908,Getting started with segments,https://help.klaviyo.com/hc/en-us/articles/115005237908-Getting-started-with-segments,analytics-audience/Getting-started-with-segments-115005237908.md,True,True,10826,https://dynamicycle.com/docs/articles-getting-started-with-segments/
49375416013339,Build and use segments,Lists and segments > Build and use segments,115000867867,Audience,audience,18986425586715,How to define segments with AI,https://help.klaviyo.com/hc/en-us/articles/18986425586715-How-to-define-segments-with-AI,analytics-audience/How-to-define-segments-with-AI-18986425586715.md,True,True,11040,https://dynamicycle.com/docs/articles-how-to-define-segments-with-ai/
49375416013339,Build and use segments,Lists and segments > Build and use segments,115000867867,Audience,audience,360015118592,How to identify and reactivate an inactive segment,https://help.klaviyo.com/hc/en-us/articles/360015118592-How-to-identify-and-reactivate-an-inactive-segment,analytics-audience/How-to-identify-and-reactivate-an-inactive-segment-360015118592.md,True,True,11211,https://dynamicycle.com/docs/articles-how-to-identify-and-reactivate-an-inactive-segment/
49375416013339,Build and use segments,Lists and segments > Build and use segments,115000867867,Audience,audience,42691974773147,How to use event funnels in segmentation,https://help.klaviyo.com/hc/en-us/articles/42691974773147-How-to-use-event-funnels-in-segmentation,analytics-audience/How-to-use-event-funnels-in-segmentation-42691974773147.md,True,True,11107,https://dynamicycle.com/docs/articles-how-to-use-event-funnels-in-segmentation/
49375416013339,Build and use segments,Lists and segments > Build and use segments,115000867867,Audience,audience,115005062847,Segment conditions reference,https://help.klaviyo.com/hc/en-us/articles/115005062847-Segment-conditions-reference,analytics-audience/Segment-conditions-reference-115005062847.md,True,True,11276,https://dynamicycle.com/docs/articles-segment-conditions-reference/
49375416013339,Build and use segments,Lists and segments > Build and use segments,115000867867,Audience,audience,4403222359451,Segmenting with dates reference,https://help.klaviyo.com/hc/en-us/articles/4403222359451-Segmenting-with-dates-reference,analytics-audience/Segmenting-with-dates-reference-4403222359451.md,True,True,11289,https://dynamicycle.com/docs/articles-segmenting-with-dates-reference/
49375416013339,Build and use segments,Lists and segments > Build and use segments,115000867867,Audience,audience,14837232353691,Understanding how segment conditions evaluate null or empty values,https://help.klaviyo.com/hc/en-us/articles/14837232353691-Understanding-how-segment-conditions-evaluate-null-or-empty-values,analytics-audience/Understanding-how-segment-conditions-evaluate-null-or-empty-values-14837232353691.md,True,True,11319,https://dynamicycle.com/docs/articles-understanding-how-segment-conditions-evaluate-null-or-empty-values/
49375416013339,Build and use segments,Lists and segments > Build and use segments,115000867867,Audience,audience,115005233488,Understanding how segments update,https://help.klaviyo.com/hc/en-us/articles/115005233488-Understanding-how-segments-update,analytics-audience/Understanding-how-segments-update-115005233488.md,True,True,11370,https://dynamicycle.com/docs/articles-understanding-how-segments-update/
49375416013339,Build and use segments,Lists and segments > Build and use segments,115000867867,Audience,audience,45673762457243,Using RegEx matching in Segmentation,https://help.klaviyo.com/hc/en-us/articles/45673762457243-Using-RegEx-matching-in-Segmentation,analytics-audience/Using-RegEx-matching-in-Segmentation-45673762457243.md,True,True,11371,https://dynamicycle.com/docs/articles-using-regex-matching-in-segmentation/
49375376184475,Getting started with lists and segments,Lists and segments > Getting started with lists and segments,115000867867,Audience,audience,4407853491483,How profiles are added to and removed from lists,https://help.klaviyo.com/hc/en-us/articles/4407853491483-How-profiles-are-added-to-and-removed-from-lists,analytics-audience/How-profiles-are-added-to-and-removed-from-lists-4407853491483.md,True,True,11062,https://dynamicycle.com/docs/articles-how-profiles-are-added-to-and-removed-from-lists/
49375376184475,Getting started with lists and segments,Lists and segments > Getting started with lists and segments,115000867867,Audience,audience,360044054732,How to clean your email list to maintain good deliverability,https://help.klaviyo.com/hc/en-us/articles/360044054732-How-to-clean-your-email-list-to-maintain-good-deliverability,analytics-audience/How-to-clean-your-email-list-to-maintain-good-deliverability-360044054732.md,True,True,11424,https://dynamicycle.com/docs/articles-how-to-clean-your-email-list-to-maintain-good-deliverability/
49375376184475,Getting started with lists and segments,Lists and segments > Getting started with lists and segments,115000867867,Audience,audience,115005078687,How to export a list or segment to a CSV file,https://help.klaviyo.com/hc/en-us/articles/115005078687-How-to-export-a-list-or-segment-to-a-CSV-file,analytics-audience/How-to-export-a-list-or-segment-to-a-CSV-file-115005078687.md,True,True,11273,https://dynamicycle.com/docs/articles-how-to-export-a-list-or-segment-to-a-csv-file/
49375376184475,Getting started with lists and segments,Lists and segments > Getting started with lists and segments,115000867867,Audience,audience,23336016762395,How to preview segments,https://help.klaviyo.com/hc/en-us/articles/23336016762395-How-to-preview-segments,analytics-audience/How-to-preview-segments-23336016762395.md,True,True,10467,
49375376184475,Getting started with lists and segments,Lists and segments > Getting started with lists and segments,115000867867,Audience,audience,360024538231,Klaviyo's default lists and segments reference,https://help.klaviyo.com/hc/en-us/articles/360024538231-Klaviyo-s-default-lists-and-segments-reference,analytics-audience/Klaviyo's-default-lists-and-segments-reference-360024538231.md,True,True,11208,https://dynamicycle.com/docs/articles-klaviyo-s-default-lists-and-segments-reference/
49375376184475,Getting started with lists and segments,Lists and segments > Getting started with lists and segments,115000867867,Audience,audience,360043947571,Understanding the benefits of having a main list for each marketing channel,https://help.klaviyo.com/hc/en-us/articles/360043947571-Understanding-the-benefits-of-having-a-main-list-for-each-marketing-channel,analytics-audience/Understanding-the-benefits-of-having-a-main-list-for-each-marketing-channel-360043947571.md,True,True,10671,
49375376184475,Getting started with lists and segments,Lists and segments > Getting started with lists and segments,115000867867,Audience,audience,115005061447,Understanding the difference between segments and lists,https://help.klaviyo.com/hc/en-us/articles/115005061447-Understanding-the-difference-between-segments-and-lists,analytics-audience/Understanding-the-difference-between-segments-and-lists-115005061447.md,True,True,10940,https://dynamicycle.com/docs/articles-understanding-the-difference-between-segments-and-lists/
49375404972699,List and segments best practices,Lists and segments > List and segments best practices,115000867867,Audience,audience,360037527052,Creating a sending schedule based on email engagement reference,https://help.klaviyo.com/hc/en-us/articles/360037527052-Creating-a-sending-schedule-based-on-email-engagement-reference,analytics-audience/Creating-a-sending-schedule-based-on-email-engagement-reference-360037527052.md,True,True,10682,
49375404972699,List and segments best practices,Lists and segments > List and segments best practices,115000867867,Audience,audience,5495696206363,"How to allow subscribers to opt out of Mother's Day, Father's Day, and other holiday messages",https://help.klaviyo.com/hc/en-us/articles/5495696206363-How-to-allow-subscribers-to-opt-out-of-Mother-s-Day-Father-s-Day-and-other-holiday-messages,"analytics-audience/How-to-allow-subscribers-to-opt-out-of-Mother's-Day,-Father's-Day,-and-other-holiday-messages-5495696206363.md",True,True,10980,https://dynamicycle.com/docs/articles-how-to-allow-subscribers-to-opt-out-of-mother-s-day-father-s-day-and-other-holiday-messages/
49375404972699,List and segments best practices,Lists and segments > List and segments best practices,115000867867,Audience,audience,360000407272,How to create customer persona segments based on activity,https://help.klaviyo.com/hc/en-us/articles/360000407272-How-to-create-customer-persona-segments-based-on-activity,analytics-audience/How-to-create-customer-persona-segments-based-on-activity-360000407272.md,True,True,10914,https://dynamicycle.com/docs/articles-how-to-create-customer-persona-segments-based-on-activity/
49375404972699,List and segments best practices,Lists and segments > List and segments best practices,115000867867,Audience,audience,115005239028,How to customize content based on language,https://help.klaviyo.com/hc/en-us/articles/115005239028-How-to-customize-content-based-on-language,analytics-audience/How-to-customize-content-based-on-language-115005239028.md,True,True,11166,https://dynamicycle.com/docs/articles-how-to-customize-content-based-on-language/
49375404972699,List and segments best practices,Lists and segments > List and segments best practices,115000867867,Audience,audience,115001145931,How to take a random sample of a list or segment,https://help.klaviyo.com/hc/en-us/articles/115001145931-How-to-take-a-random-sample-of-a-list-or-segment,analytics-audience/How-to-take-a-random-sample-of-a-list-or-segment-115001145931.md,True,True,11090,https://dynamicycle.com/docs/articles-how-to-take-a-random-sample-of-a-list-or-segment/
49375404972699,List and segments best practices,Lists and segments > List and segments best practices,115000867867,Audience,audience,48218796985883,List and segment limits in Klaviyo,https://help.klaviyo.com/hc/en-us/articles/48218796985883-List-and-segment-limits-in-Klaviyo,analytics-audience/List-and-segment-limits-in-Klaviyo-48218796985883.md,True,True,10233,
49375440090395,List and segments troubleshooting,Lists and segments > List and segments troubleshooting,115000867867,Audience,audience,8557734278683,Troubleshooting duplicate or missing identifier error messages,https://help.klaviyo.com/hc/en-us/articles/8557734278683-Troubleshooting-duplicate-or-missing-identifier-error-messages,analytics-audience/Troubleshooting-duplicate-or-missing-identifier-error-messages-8557734278683.md,True,True,10973,https://dynamicycle.com/docs/articles-troubleshooting-duplicate-or-missing-identifier-error-messages/
49375440090395,List and segments troubleshooting,Lists and segments > List and segments troubleshooting,115000867867,Audience,audience,8557592023451,Troubleshooting invalid format error messages,https://help.klaviyo.com/hc/en-us/articles/8557592023451-Troubleshooting-invalid-format-error-messages,analytics-audience/Troubleshooting-invalid-format-error-messages-8557592023451.md,True,True,10880,https://dynamicycle.com/docs/articles-troubleshooting-invalid-format-error-messages/
49375440090395,List and segments troubleshooting,Lists and segments > List and segments troubleshooting,115000867867,Audience,audience,115005078807,Troubleshooting list imports,https://help.klaviyo.com/hc/en-us/articles/115005078807-Troubleshooting-list-imports,analytics-audience/Troubleshooting-list-imports-115005078807.md,True,True,10818,https://dynamicycle.com/docs/articles-troubleshooting-list-imports/
49375416542491,Segment examples and types,Lists and segments > Segment examples and types,115000867867,Audience,audience,115005066027,How to create a cross sell segment,https://help.klaviyo.com/hc/en-us/articles/115005066027-How-to-create-a-cross-sell-segment,analytics-audience/How-to-create-a-cross-sell-segment-115005066027.md,True,True,11433,https://dynamicycle.com/docs/articles-how-to-create-a-cross-sell-segment/
49375416542491,Segment examples and types,Lists and segments > Segment examples and types,115000867867,Audience,audience,115005065887,How to create a location-based segment,https://help.klaviyo.com/hc/en-us/articles/115005065887-How-to-create-a-location-based-segment,analytics-audience/How-to-create-a-location-based-segment-115005065887.md,True,True,11453,https://dynamicycle.com/docs/articles-how-to-create-a-location-based-segment/
49375416542491,Segment examples and types,Lists and segments > Segment examples and types,115000867867,Audience,audience,115005078347,How to create a never engaged segment,https://help.klaviyo.com/hc/en-us/articles/115005078347-How-to-create-a-never-engaged-segment,analytics-audience/How-to-create-a-never-engaged-segment-115005078347.md,True,True,11163,https://dynamicycle.com/docs/articles-how-to-create-a-never-engaged-segment/
49375416542491,Segment examples and types,Lists and segments > Segment examples and types,115000867867,Audience,audience,360048341511,How to create a non-opener segment,https://help.klaviyo.com/hc/en-us/articles/360048341511-How-to-create-a-non-opener-segment,analytics-audience/How-to-create-a-non-opener-segment-360048341511.md,True,True,11196,https://dynamicycle.com/docs/articles-how-to-create-a-non-opener-segment/
49375416542491,Segment examples and types,Lists and segments > Segment examples and types,115000867867,Audience,audience,360024584671,How to create a not-opted-in segment,https://help.klaviyo.com/hc/en-us/articles/360024584671-How-to-create-a-not-opted-in-segment,analytics-audience/How-to-create-a-not-opted-in-segment-360024584671.md,True,True,11331,https://dynamicycle.com/docs/articles-how-to-create-a-not-opted-in-segment/
49375416542491,Segment examples and types,Lists and segments > Segment examples and types,115000867867,Audience,audience,115005066067,How to create a repeat purchaser segment,https://help.klaviyo.com/hc/en-us/articles/115005066067-How-to-create-a-repeat-purchaser-segment,analytics-audience/How-to-create-a-repeat-purchaser-segment-115005066067.md,True,True,11407,https://dynamicycle.com/docs/articles-how-to-create-a-repeat-purchaser-segment/
49375416542491,Segment examples and types,Lists and segments > Segment examples and types,115000867867,Audience,audience,115005065707,How to create a segment of VIP customers,https://help.klaviyo.com/hc/en-us/articles/115005065707-How-to-create-a-segment-of-VIP-customers,analytics-audience/How-to-create-a-segment-of-VIP-customers-115005065707.md,True,True,11458,https://dynamicycle.com/docs/articles-how-to-create-a-segment-of-vip-customers/
49375416542491,Segment examples and types,Lists and segments > Segment examples and types,115000867867,Audience,audience,115000200072,How to create an engaged segment of email subscribers,https://help.klaviyo.com/hc/en-us/articles/115000200072-How-to-create-an-engaged-segment-of-email-subscribers,analytics-audience/How-to-create-an-engaged-segment-of-email-subscribers-115000200072.md,True,True,11455,https://dynamicycle.com/docs/articles-how-to-create-an-engaged-segment-of-email-subscribers/
49375416542491,Segment examples and types,Lists and segments > Segment examples and types,115000867867,Audience,audience,15345735597211,How to create an engaged segment of mobile push subscribers,https://help.klaviyo.com/hc/en-us/articles/15345735597211-How-to-create-an-engaged-segment-of-mobile-push-subscribers,analytics-audience/How-to-create-an-engaged-segment-of-mobile-push-subscribers-15345735597211.md,True,True,10869,https://dynamicycle.com/docs/articles-how-to-create-an-engaged-segment-of-mobile-push-subscribers/
49375416542491,Segment examples and types,Lists and segments > Segment examples and types,115000867867,Audience,audience,32826141659675,How to create an unengaged segment,https://help.klaviyo.com/hc/en-us/articles/32826141659675-How-to-create-an-unengaged-segment,analytics-audience/How-to-create-an-unengaged-segment-32826141659675.md,True,True,10394,
49375416542491,Segment examples and types,Lists and segments > Segment examples and types,115000867867,Audience,audience,360032334511,How to create and target a segment of recent cart abandoners,https://help.klaviyo.com/hc/en-us/articles/360032334511-How-to-create-and-target-a-segment-of-recent-cart-abandoners,analytics-audience/How-to-create-and-target-a-segment-of-recent-cart-abandoners-360032334511.md,True,True,11296,https://dynamicycle.com/docs/articles-how-to-create-and-target-a-segment-of-recent-cart-abandoners/
49375416542491,Segment examples and types,Lists and segments > Segment examples and types,115000867867,Audience,audience,115000769631,How to create email frequency segments,https://help.klaviyo.com/hc/en-us/articles/115000769631-How-to-create-email-frequency-segments,analytics-audience/How-to-create-email-frequency-segments-115000769631.md,True,True,11383,https://dynamicycle.com/docs/articles-how-to-create-email-frequency-segments/
49375416542491,Segment examples and types,Lists and segments > Segment examples and types,115000867867,Audience,audience,20776984621083,How to create espresso shot segments,https://help.klaviyo.com/hc/en-us/articles/20776984621083-How-to-create-espresso-shot-segments,analytics-audience/How-to-create-espresso-shot-segments-20776984621083.md,True,True,11459,https://dynamicycle.com/docs/articles-how-to-create-espresso-shot-segments/
49375416542491,Segment examples and types,Lists and segments > Segment examples and types,115000867867,Audience,audience,360054684072,How to create segments based on birthdays,https://help.klaviyo.com/hc/en-us/articles/360054684072-How-to-create-segments-based-on-birthdays,analytics-audience/How-to-create-segments-based-on-birthdays-360054684072.md,True,True,11071,https://dynamicycle.com/docs/articles-how-to-create-segments-based-on-birthdays/
49375416542491,Segment examples and types,Lists and segments > Segment examples and types,115000867867,Audience,audience,4416791883163,How to identify iOS15 Mail Privacy Protection opens,https://help.klaviyo.com/hc/en-us/articles/4416791883163-How-to-identify-iOS15-Mail-Privacy-Protection-opens,analytics-audience/How-to-identify-iOS15-Mail-Privacy-Protection-opens-4416791883163.md,True,True,10983,https://dynamicycle.com/docs/articles-how-to-identify-ios15-mail-privacy-protection-opens/
49375416542491,Segment examples and types,Lists and segments > Segment examples and types,115000867867,Audience,audience,360013201072,How to segment by customer lifetime value (CLV),https://help.klaviyo.com/hc/en-us/articles/360013201072-How-to-segment-by-customer-lifetime-value-CLV,analytics-audience/How-to-segment-by-customer-lifetime-value-(CLV)-360013201072.md,True,True,11358,https://dynamicycle.com/docs/articles-how-to-segment-by-customer-lifetime-value-clv/
49375416542491,Segment examples and types,Lists and segments > Segment examples and types,115000867867,Audience,audience,360040841811,How to segment for form results,https://help.klaviyo.com/hc/en-us/articles/360040841811-How-to-segment-for-form-results,analytics-audience/How-to-segment-for-form-results-360040841811.md,True,True,11253,https://dynamicycle.com/docs/articles-how-to-segment-for-form-results/
49375416542491,Segment examples and types,Lists and segments > Segment examples and types,115000867867,Audience,audience,19514751281307,How to segment on channel consent,https://help.klaviyo.com/hc/en-us/articles/19514751281307-How-to-segment-on-channel-consent,analytics-audience/How-to-segment-on-channel-consent-19514751281307.md,True,True,10496,
49375416542491,Segment examples and types,Lists and segments > Segment examples and types,115000867867,Audience,audience,22166996219419,How to segment subscribers by assigned coupons,https://help.klaviyo.com/hc/en-us/articles/22166996219419-How-to-segment-subscribers-by-assigned-coupons,analytics-audience/How-to-segment-subscribers-by-assigned-coupons-22166996219419.md,True,True,10480,
49375416542491,Segment examples and types,Lists and segments > Segment examples and types,115000867867,Audience,audience,360054433291,How to segment using average order value (AOV),https://help.klaviyo.com/hc/en-us/articles/360054433291-How-to-segment-using-average-order-value-AOV,analytics-audience/How-to-segment-using-average-order-value-(AOV)-360054433291.md,True,True,11133,https://dynamicycle.com/docs/articles-how-to-segment-using-average-order-value-aov/
14508656438555,Profiles,Profiles,115000867867,Audience,audience,48274807144475,Multi Email Profiles,https://help.klaviyo.com/hc/en-us/articles/48274807144475-Multi-Email-Profiles,analytics-audience/Multi-Email-Profiles-48274807144475.md,True,True,10232,
49375387362331,Getting started with profiles,Profiles > Getting started with profiles,115000867867,Audience,audience,115005074627,Profile properties reference,https://help.klaviyo.com/hc/en-us/articles/115005074627-Profile-properties-reference,analytics-audience/Profile-properties-reference-115005074627.md,True,True,11229,https://dynamicycle.com/docs/articles-profile-properties-reference/
49375387362331,Getting started with profiles,Profiles > Getting started with profiles,115000867867,Audience,audience,360053679071,Profiles and properties glossary,https://help.klaviyo.com/hc/en-us/articles/360053679071-Profiles-and-properties-glossary,analytics-audience/Profiles-and-properties-glossary-360053679071.md,True,True,10645,
49375387362331,Getting started with profiles,Profiles > Getting started with profiles,115000867867,Audience,audience,1260804673530,Source value reference,https://help.klaviyo.com/hc/en-us/articles/1260804673530-Source-value-reference,analytics-audience/Source-value-reference-1260804673530.md,True,True,10622,
49375387362331,Getting started with profiles,Profiles > Getting started with profiles,115000867867,Audience,audience,115005246968,Understanding active email profiles in Klaviyo,https://help.klaviyo.com/hc/en-us/articles/115005246968-Understanding-active-email-profiles-in-Klaviyo,analytics-audience/Understanding-active-email-profiles-in-Klaviyo-115005246968.md,True,True,11165,https://dynamicycle.com/docs/articles-understanding-active-email-profiles-in-klaviyo/
49375387362331,Getting started with profiles,Profiles > Getting started with profiles,115000867867,Audience,audience,115005247088,Understanding profiles in Klaviyo,https://help.klaviyo.com/hc/en-us/articles/115005247088-Understanding-profiles-in-Klaviyo,analytics-audience/Understanding-profiles-in-Klaviyo-115005247088.md,True,True,10824,https://dynamicycle.com/docs/articles-understanding-profiles-in-klaviyo/
49375414914715,Profile management,Profiles > Profile management,115000867867,Audience,audience,115005253428,Acceptable date and timestamp formats for profile and event properties reference,https://help.klaviyo.com/hc/en-us/articles/115005253428-Acceptable-date-and-timestamp-formats-for-profile-and-event-properties-reference,analytics-audience/Acceptable-date-and-timestamp-formats-for-profile-and-event-properties-reference-115005253428.md,True,True,11388,https://dynamicycle.com/docs/articles-acceptable-date-and-timestamp-formats-for-profile-and-event-properties-reference/
49375414914715,Profile management,Profiles > Profile management,115000867867,Audience,audience,115005073847,"How to delete, merge, and export a profile",https://help.klaviyo.com/hc/en-us/articles/115005073847-How-to-delete-merge-and-export-a-profile,"analytics-audience/How-to-delete,-merge,-and-export-a-profile-115005073847.md",True,True,11391,https://dynamicycle.com/docs/articles-how-to-delete-merge-and-export-a-profile/
49375414914715,Profile management,Profiles > Profile management,115000867867,Audience,audience,115005246168,How to export all people in your account,https://help.klaviyo.com/hc/en-us/articles/115005246168-How-to-export-all-people-in-your-account,analytics-audience/How-to-export-all-people-in-your-account-115005246168.md,True,True,11369,https://dynamicycle.com/docs/articles-how-to-export-all-people-in-your-account/
49375414914715,Profile management,Profiles > Profile management,115000867867,Audience,audience,1260806293150,How to import profile properties using a CSV upload,https://help.klaviyo.com/hc/en-us/articles/1260806293150-How-to-import-profile-properties-using-a-CSV-upload,analytics-audience/How-to-import-profile-properties-using-a-CSV-upload-1260806293150.md,True,True,10619,
49375414914715,Profile management,Profiles > Profile management,115000867867,Audience,audience,24312135764251,How to manage email suppressions and delete profiles in bulk,https://help.klaviyo.com/hc/en-us/articles/24312135764251-How-to-manage-email-suppressions-and-delete-profiles-in-bulk,analytics-audience/How-to-manage-email-suppressions-and-delete-profiles-in-bulk-24312135764251.md,True,True,10458,
49375414914715,Profile management,Profiles > Profile management,115000867867,Audience,audience,115005246328,How to send a personal email in Klaviyo,https://help.klaviyo.com/hc/en-us/articles/115005246328-How-to-send-a-personal-email-in-Klaviyo,analytics-audience/How-to-send-a-personal-email-in-Klaviyo-115005246328.md,True,True,11314,https://dynamicycle.com/docs/articles-how-to-send-a-personal-email-in-klaviyo/
49375414914715,Profile management,Profiles > Profile management,115000867867,Audience,audience,24990565562139,How to unset profile properties,https://help.klaviyo.com/hc/en-us/articles/24990565562139-How-to-unset-profile-properties,analytics-audience/How-to-unset-profile-properties-24990565562139.md,True,True,10453,
49375414914715,Profile management,Profiles > Profile management,115000867867,Audience,audience,24263920096027,Understanding active profile management in Klaviyo,https://help.klaviyo.com/hc/en-us/articles/24263920096027-Understanding-active-profile-management-in-Klaviyo,analytics-audience/Understanding-active-profile-management-in-Klaviyo-24263920096027.md,True,True,10460,
49375415469339,Understand profiles,Profiles > Understand profiles,115000867867,Audience,audience,13756180653851,Frequently asked questions about identity resolution in Klaviyo,https://help.klaviyo.com/hc/en-us/articles/13756180653851-Frequently-asked-questions-about-identity-resolution-in-Klaviyo,analytics-audience/Frequently-asked-questions-about-identity-resolution-in-Klaviyo-13756180653851.md,True,True,10554,
49375415469339,Understand profiles,Profiles > Understand profiles,115000867867,Audience,audience,17928628922395,Understand Klaviyo's anonymous visitor activity backfill,https://help.klaviyo.com/hc/en-us/articles/17928628922395-Understand-Klaviyo-s-anonymous-visitor-activity-backfill,analytics-audience/Understand-Klaviyo's-anonymous-visitor-activity-backfill-17928628922395.md,True,True,10516,
49375415469339,Understand profiles,Profiles > Understand profiles,115000867867,Audience,audience,360020919731,Understanding Klaviyo's predictive analytics,https://help.klaviyo.com/hc/en-us/articles/360020919731-Understanding-Klaviyo-s-predictive-analytics,analytics-audience/Understanding-Klaviyo's-predictive-analytics-360020919731.md,True,True,11009,https://dynamicycle.com/docs/articles-understanding-klaviyo-s-predictive-analytics/
49375415469339,Understand profiles,Profiles > Understand profiles,115000867867,Audience,audience,36211794270107,Understanding channel affinity in Klaviyo,https://help.klaviyo.com/hc/en-us/articles/36211794270107-Understanding-channel-affinity-in-Klaviyo,analytics-audience/Understanding-channel-affinity-in-Klaviyo-36211794270107.md,True,True,10359,
49375415469339,Understand profiles,Profiles > Understand profiles,115000867867,Audience,audience,360037101072,Understanding consent in profiles,https://help.klaviyo.com/hc/en-us/articles/360037101072-Understanding-consent-in-profiles,analytics-audience/Understanding-consent-in-profiles-360037101072.md,True,True,10683,
49375415469339,Understand profiles,Profiles > Understand profiles,115000867867,Audience,audience,115000250912,Understanding custom profile properties,https://help.klaviyo.com/hc/en-us/articles/115000250912-Understanding-custom-profile-properties,analytics-audience/Understanding-custom-profile-properties-115000250912.md,True,True,10924,https://dynamicycle.com/docs/articles-understanding-custom-profile-properties/
49375415469339,Understand profiles,Profiles > Understand profiles,115000867867,Audience,audience,115005237648,Understanding data types,https://help.klaviyo.com/hc/en-us/articles/115005237648-Understanding-data-types,analytics-audience/Understanding-data-types-115005237648.md,True,True,11345,https://dynamicycle.com/docs/articles-understanding-data-types/
49375415469339,Understand profiles,Profiles > Understand profiles,115000867867,Audience,audience,12902308138011,Understanding identity resolution in Klaviyo,https://help.klaviyo.com/hc/en-us/articles/12902308138011-Understanding-identity-resolution-in-Klaviyo,analytics-audience/Understanding-identity-resolution-in-Klaviyo-12902308138011.md,True,True,10559,
49375415469339,Understand profiles,Profiles > Understand profiles,115000867867,Audience,audience,115005246108,Understanding suppressed email profiles,https://help.klaviyo.com/hc/en-us/articles/115005246108-Understanding-suppressed-email-profiles,analytics-audience/Understanding-suppressed-email-profiles-115005246108.md,True,True,11406,https://dynamicycle.com/docs/articles-understanding-suppressed-email-profiles/
49375415469339,Understand profiles,Profiles > Understand profiles,115000867867,Audience,audience,115005247028,Understanding the information section of a profile,https://help.klaviyo.com/hc/en-us/articles/115005247028-Understanding-the-information-section-of-a-profile,analytics-audience/Understanding-the-information-section-of-a-profile-115005247028.md,True,True,11102,https://dynamicycle.com/docs/articles-understanding-the-information-section-of-a-profile/
49375415469339,Understand profiles,Profiles > Understand profiles,115000867867,Audience,audience,115005073907,Understanding when and how Klaviyo sets a profile's location,https://help.klaviyo.com/hc/en-us/articles/115005073907-Understanding-when-and-how-Klaviyo-sets-a-profile-s-location,analytics-audience/Understanding-when-and-how-Klaviyo-sets-a-profile's-location-115005073907.md,True,True,11275,https://dynamicycle.com/docs/articles-understanding-when-and-how-klaviyo-sets-a-profile-s-location/
49375421843483,Email campaigns,Email campaigns,49375106949275,Campaigns,campaigns,44513639011099,Use mobile optimization in Klaviyo Sign-up Forms,https://help.klaviyo.com/hc/en-us/articles/44513639011099-Use-mobile-optimization-in-Klaviyo-Sign-up-Forms,campaigns/Use-mobile-optimization-in-Klaviyo-Sign-up-Forms-44513639011099.md,True,True,10280,
49375435350811,Build and send email campaigns,Email campaigns > Build and send email campaigns,49375106949275,Campaigns,campaigns,38069585109787,How to create a multilingual email campaign using Smart Translations,https://help.klaviyo.com/hc/en-us/articles/38069585109787-How-to-create-a-multilingual-email-campaign-using-Smart-Translations,campaigns/How-to-create-a-multilingual-email-campaign-using-Smart-Translations-38069585109787.md,True,True,10349,
49375435350811,Build and send email campaigns,Email campaigns > Build and send email campaigns,49375106949275,Campaigns,campaigns,46770313016987,How to create follow-up messages in omnichannel campaigns,https://help.klaviyo.com/hc/en-us/articles/46770313016987-How-to-create-follow-up-messages-in-omnichannel-campaigns,campaigns/How-to-create-follow-up-messages-in-omnichannel-campaigns-46770313016987.md,True,True,10249,
49375435350811,Build and send email campaigns,Email campaigns > Build and send email campaigns,49375106949275,Campaigns,campaigns,115005257928,"How to include a follow-up email to resend a campaign to ""non-openers""",https://help.klaviyo.com/hc/en-us/articles/115005257928-How-to-include-a-follow-up-email-to-resend-a-campaign-to-non-openers,campaigns/How-to-include-a-follow-up-email-to-resend-a-campaign-to-non-openers-115005257928.md,True,True,11305,https://dynamicycle.com/docs/articles-how-to-include-a-follow-up-email-to-resend-a-campaign-to-non-openers/
49375435350811,Build and send email campaigns,Email campaigns > Build and send email campaigns,49375106949275,Campaigns,campaigns,115000931551,How to run a re-engagement email campaign,https://help.klaviyo.com/hc/en-us/articles/115000931551-How-to-run-a-re-engagement-email-campaign,campaigns/How-to-run-a-re-engagement-email-campaign-115000931551.md,True,True,11265,https://dynamicycle.com/docs/articles-how-to-run-a-re-engagement-email-campaign/
49375435350811,Build and send email campaigns,Email campaigns > Build and send email campaigns,49375106949275,Campaigns,campaigns,5051278887835,How to use Klaviyo’s subject line assistant,https://help.klaviyo.com/hc/en-us/articles/5051278887835-How-to-use-Klaviyo-s-subject-line-assistant,campaigns/How-to-use-Klaviyo’s-subject-line-assistant-5051278887835.md,True,True,11321,https://dynamicycle.com/docs/articles-how-to-use-klaviyo-s-subject-line-assistant/
49375435350811,Build and send email campaigns,Email campaigns > Build and send email campaigns,49375106949275,Campaigns,campaigns,44273596909595,Understanding Audience Filters in Omnichannel Campaigns,https://help.klaviyo.com/hc/en-us/articles/44273596909595-Understanding-Audience-Filters-in-Omnichannel-Campaigns,campaigns/Understanding-Audience-Filters-in-Omnichannel-Campaigns-44273596909595.md,True,True,10288,
49375421251483,Email campaign troubleshooting,Email campaigns > Email campaign troubleshooting,49375106949275,Campaigns,campaigns,10730779545883,How to resend a campaign that exceeded account sending limits,https://help.klaviyo.com/hc/en-us/articles/10730779545883-How-to-resend-a-campaign-that-exceeded-account-sending-limits,campaigns/How-to-resend-a-campaign-that-exceeded-account-sending-limits-10730779545883.md,True,True,10878,https://dynamicycle.com/docs/articles-how-to-resend-a-campaign-that-exceeded-account-sending-limits/
49375421251483,Email campaign troubleshooting,Email campaigns > Email campaign troubleshooting,49375106949275,Campaigns,campaigns,115005258268,Troubleshooting skipped profiles in email campaigns,https://help.klaviyo.com/hc/en-us/articles/115005258268-Troubleshooting-skipped-profiles-in-email-campaigns,campaigns/Troubleshooting-skipped-profiles-in-email-campaigns-115005258268.md,True,True,10803,https://dynamicycle.com/docs/articles-troubleshooting-skipped-profiles-in-email-campaigns/
49375421251483,Email campaign troubleshooting,Email campaigns > Email campaign troubleshooting,49375106949275,Campaigns,campaigns,9755086953371,Understanding email throttling,https://help.klaviyo.com/hc/en-us/articles/9755086953371-Understanding-email-throttling,campaigns/Understanding-email-throttling-9755086953371.md,True,True,10971,https://dynamicycle.com/docs/articles-understanding-email-throttling/
49375434864411,Getting started with email campaigns,Email campaigns > Getting started with email campaigns,49375106949275,Campaigns,campaigns,115005228148,How to A/B test an email campaign,https://help.klaviyo.com/hc/en-us/articles/115005228148-How-to-A-B-test-an-email-campaign,campaigns/How-to-AB-test-an-email-campaign-115005228148.md,True,True,11104,https://dynamicycle.com/docs/articles-how-to-a-b-test-an-email-campaign/
49375434864411,Getting started with email campaigns,Email campaigns > Getting started with email campaigns,49375106949275,Campaigns,campaigns,115005054847,How to create and send an email campaign,https://help.klaviyo.com/hc/en-us/articles/115005054847-How-to-create-and-send-an-email-campaign,campaigns/How-to-create-and-send-an-email-campaign-115005054847.md,True,True,10828,https://dynamicycle.com/docs/articles-how-to-create-and-send-an-email-campaign/
49375434864411,Getting started with email campaigns,Email campaigns > Getting started with email campaigns,49375106949275,Campaigns,campaigns,28242227715227,How to use Email AI to draft an email campaign,https://help.klaviyo.com/hc/en-us/articles/28242227715227-How-to-use-Email-AI-to-draft-an-email-campaign,campaigns/How-to-use-Email-AI-to-draft-an-email-campaign-28242227715227.md,True,True,10421,
49375413332763,Test and analyze campaigns,Email campaigns > Test and analyze campaigns,49375106949275,Campaigns,campaigns,360049073691,How to perform and analyze Smart Send Time tests,https://help.klaviyo.com/hc/en-us/articles/360049073691-How-to-perform-and-analyze-Smart-Send-Time-tests,campaigns/How-to-perform-and-analyze-Smart-Send-Time-tests-360049073691.md,True,True,10663,
49375413332763,Test and analyze campaigns,Email campaigns > Test and analyze campaigns,49375106949275,Campaigns,campaigns,115005089467,How to use the email campaigns trend report,https://help.klaviyo.com/hc/en-us/articles/115005089467-How-to-use-the-email-campaigns-trend-report,campaigns/How-to-use-the-email-campaigns-trend-report-115005089467.md,True,True,11019,https://dynamicycle.com/docs/articles-how-to-use-the-email-campaigns-trend-report/
49375413332763,Test and analyze campaigns,Email campaigns > Test and analyze campaigns,49375106949275,Campaigns,campaigns,360029794371,Understanding Smart Send Time in Klaviyo,https://help.klaviyo.com/hc/en-us/articles/360029794371-Understanding-Smart-Send-Time-in-Klaviyo,campaigns/Understanding-Smart-Send-Time-in-Klaviyo-360029794371.md,True,True,11205,https://dynamicycle.com/docs/articles-understanding-smart-send-time-in-klaviyo/
49375700794011,Getting started with campaigns,Getting started with campaigns,49375106949275,Campaigns,campaigns,43671905324187,Automatically prevent over-messaging with omnichannel campaigns exit criteria,https://help.klaviyo.com/hc/en-us/articles/43671905324187-Automatically-prevent-over-messaging-with-omnichannel-campaigns-exit-criteria,campaigns/Automatically-prevent-over-messaging-with-omnichannel-campaigns-exit-criteria-43671905324187.md,True,True,10291,
49375700794011,Getting started with campaigns,Getting started with campaigns,49375106949275,Campaigns,campaigns,360045012632,Best practices for A/B testing reference,https://help.klaviyo.com/hc/en-us/articles/360045012632-Best-practices-for-A-B-testing-reference,campaigns/Best-practices-for-AB-testing-reference-360045012632.md,True,True,11356,https://dynamicycle.com/docs/articles-best-practices-for-a-b-testing-reference/
49375700794011,Getting started with campaigns,Getting started with campaigns,49375106949275,Campaigns,campaigns,41401317013147,Difference between single message and omnichannel campaigns,https://help.klaviyo.com/hc/en-us/articles/41401317013147-Difference-between-single-message-and-omnichannel-campaigns,campaigns/Difference-between-single-message-and-omnichannel-campaigns-41401317013147.md,True,True,10312,
49375700794011,Getting started with campaigns,Getting started with campaigns,49375106949275,Campaigns,campaigns,40939669530011,Getting started with omnichannel campaigns,https://help.klaviyo.com/hc/en-us/articles/40939669530011-Getting-started-with-omnichannel-campaigns,campaigns/Getting-started-with-omnichannel-campaigns-40939669530011.md,True,True,10318,
49375700794011,Getting started with campaigns,Getting started with campaigns,49375106949275,Campaigns,campaigns,115005085067,How to cancel a scheduled or sending campaign,https://help.klaviyo.com/hc/en-us/articles/115005085067-How-to-cancel-a-scheduled-or-sending-campaign,campaigns/How-to-cancel-a-scheduled-or-sending-campaign-115005085067.md,True,True,11218,https://dynamicycle.com/docs/articles-how-to-cancel-a-scheduled-or-sending-campaign/
49375700794011,Getting started with campaigns,Getting started with campaigns,49375106949275,Campaigns,campaigns,22501501263899,How to change when a campaign's recipients are determined,https://help.klaviyo.com/hc/en-us/articles/22501501263899-How-to-change-when-a-campaign-s-recipients-are-determined,campaigns/How-to-change-when-a-campaign's-recipients-are-determined-22501501263899.md,True,True,10474,
49375700794011,Getting started with campaigns,Getting started with campaigns,49375106949275,Campaigns,campaigns,36126687448475,How to create a personalized campaign plan,https://help.klaviyo.com/hc/en-us/articles/36126687448475-How-to-create-a-personalized-campaign-plan,campaigns/How-to-create-a-personalized-campaign-plan-36126687448475.md,True,True,10360,
49375700794011,Getting started with campaigns,Getting started with campaigns,49375106949275,Campaigns,campaigns,35873493204251,How to create a segment in the campaign wizard,https://help.klaviyo.com/hc/en-us/articles/35873493204251-How-to-create-a-segment-in-the-campaign-wizard,campaigns/How-to-create-a-segment-in-the-campaign-wizard-35873493204251.md,True,True,10362,
49375700794011,Getting started with campaigns,Getting started with campaigns,49375106949275,Campaigns,campaigns,115006199048,"How to delete, edit, view, or archive a campaign",https://help.klaviyo.com/hc/en-us/articles/115006199048-How-to-delete-edit-view-or-archive-a-campaign,"campaigns/How-to-delete,-edit,-view,-or-archive-a-campaign-115006199048.md",True,True,11267,https://dynamicycle.com/docs/articles-how-to-delete-edit-view-or-archive-a-campaign/
49375700794011,Getting started with campaigns,Getting started with campaigns,49375106949275,Campaigns,campaigns,4411545074203,How to edit or reschedule a campaign,https://help.klaviyo.com/hc/en-us/articles/4411545074203-How-to-edit-or-reschedule-a-campaign,campaigns/How-to-edit-or-reschedule-a-campaign-4411545074203.md,True,True,11130,https://dynamicycle.com/docs/articles-how-to-edit-or-reschedule-a-campaign/
49375700794011,Getting started with campaigns,Getting started with campaigns,49375106949275,Campaigns,campaigns,360007016571,How to exclude lists or segments from a campaign send,https://help.klaviyo.com/hc/en-us/articles/360007016571-How-to-exclude-lists-or-segments-from-a-campaign-send,campaigns/How-to-exclude-lists-or-segments-from-a-campaign-send-360007016571.md,True,True,11400,https://dynamicycle.com/docs/articles-how-to-exclude-lists-or-segments-from-a-campaign-send/
49375700794011,Getting started with campaigns,Getting started with campaigns,49375106949275,Campaigns,campaigns,9231956403611,How to exclude recent purchasers from a campaign,https://help.klaviyo.com/hc/en-us/articles/9231956403611-How-to-exclude-recent-purchasers-from-a-campaign,campaigns/How-to-exclude-recent-purchasers-from-a-campaign-9231956403611.md,True,True,11373,https://dynamicycle.com/docs/articles-how-to-exclude-recent-purchasers-from-a-campaign/
49375700794011,Getting started with campaigns,Getting started with campaigns,49375106949275,Campaigns,campaigns,115005227808,How to send a campaign to multiple lists or segments,https://help.klaviyo.com/hc/en-us/articles/115005227808-How-to-send-a-campaign-to-multiple-lists-or-segments,campaigns/How-to-send-a-campaign-to-multiple-lists-or-segments-115005227808.md,True,True,11105,https://dynamicycle.com/docs/articles-how-to-send-a-campaign-to-multiple-lists-or-segments/
49375700794011,Getting started with campaigns,Getting started with campaigns,49375106949275,Campaigns,campaigns,115005257828,How to use tags to organize campaigns,https://help.klaviyo.com/hc/en-us/articles/115005257828-How-to-use-tags-to-organize-campaigns,campaigns/How-to-use-tags-to-organize-campaigns-115005257828.md,True,True,11419,https://dynamicycle.com/docs/articles-how-to-use-tags-to-organize-campaigns/
49375700794011,Getting started with campaigns,Getting started with campaigns,49375106949275,Campaigns,campaigns,14508495654427,How to use the campaign calendar,https://help.klaviyo.com/hc/en-us/articles/14508495654427-How-to-use-the-campaign-calendar,campaigns/How-to-use-the-campaign-calendar-14508495654427.md,True,True,10872,https://dynamicycle.com/docs/articles-how-to-use-the-campaign-calendar/
49375700794011,Getting started with campaigns,Getting started with campaigns,49375106949275,Campaigns,campaigns,30892315134747,How to use the campaigns library,https://help.klaviyo.com/hc/en-us/articles/30892315134747-How-to-use-the-campaigns-library,campaigns/How-to-use-the-campaigns-library-30892315134747.md,True,True,10408,
49375700794011,Getting started with campaigns,Getting started with campaigns,49375106949275,Campaigns,campaigns,360040327431,"How to view, filter, and sort your campaigns",https://help.klaviyo.com/hc/en-us/articles/360040327431-How-to-view-filter-and-sort-your-campaigns,"campaigns/How-to-view,-filter,-and-sort-your-campaigns-360040327431.md",True,True,11003,https://dynamicycle.com/docs/articles-how-to-view-filter-and-sort-your-campaigns/
49375700794011,Getting started with campaigns,Getting started with campaigns,49375106949275,Campaigns,campaigns,14719736311067,Understanding campaign calendar options,https://help.klaviyo.com/hc/en-us/articles/14719736311067-Understanding-campaign-calendar-options,campaigns/Understanding-campaign-calendar-options-14719736311067.md,True,True,11282,https://dynamicycle.com/docs/articles-understanding-campaign-calendar-options/
49375700794011,Getting started with campaigns,Getting started with campaigns,49375106949275,Campaigns,campaigns,360050216012,Understanding campaign schedule and send options,https://help.klaviyo.com/hc/en-us/articles/360050216012-Understanding-campaign-schedule-and-send-options,campaigns/Understanding-campaign-schedule-and-send-options-360050216012.md,True,True,10653,
49375700794011,Getting started with campaigns,Getting started with campaigns,49375106949275,Campaigns,campaigns,360052793012,Understanding statistical significance in Klaviyo campaigns,https://help.klaviyo.com/hc/en-us/articles/360052793012-Understanding-statistical-significance-in-Klaviyo-campaigns,campaigns/Understanding-statistical-significance-in-Klaviyo-campaigns-360052793012.md,True,True,11328,https://dynamicycle.com/docs/articles-understanding-statistical-significance-in-klaviyo-campaigns/
49375884050075,Push notification campaigns,Push notification campaigns,49375106949275,Campaigns,campaigns,16853367294747,Basics: push notification best practices,https://help.klaviyo.com/hc/en-us/articles/16853367294747-Basics-push-notification-best-practices,campaigns/Basics-push-notification-best-practices-16853367294747.md,True,True,11238,https://dynamicycle.com/docs/articles-basics-push-notification-best-practices/
49375884050075,Push notification campaigns,Push notification campaigns,49375106949275,Campaigns,campaigns,20445195483035,Frequently asked questions about push notification delivery,https://help.klaviyo.com/hc/en-us/articles/20445195483035-Frequently-asked-questions-about-push-notification-delivery,campaigns/Frequently-asked-questions-about-push-notification-delivery-20445195483035.md,True,True,11460,https://dynamicycle.com/docs/articles-frequently-asked-questions-about-push-notification-delivery/
49375884050075,Push notification campaigns,Push notification campaigns,49375106949275,Campaigns,campaigns,20582984332059,Frequently asked questions about push profiles and tokens,https://help.klaviyo.com/hc/en-us/articles/20582984332059-Frequently-asked-questions-about-push-profiles-and-tokens,campaigns/Frequently-asked-questions-about-push-profiles-and-tokens-20582984332059.md,True,True,11462,https://dynamicycle.com/docs/articles-frequently-asked-questions-about-push-profiles-and-tokens/
49375884050075,Push notification campaigns,Push notification campaigns,49375106949275,Campaigns,campaigns,18596283143707,How to add a dynamic image to a push notification,https://help.klaviyo.com/hc/en-us/articles/18596283143707-How-to-add-a-dynamic-image-to-a-push-notification,campaigns/How-to-add-a-dynamic-image-to-a-push-notification-18596283143707.md,True,True,11409,https://dynamicycle.com/docs/articles-how-to-add-a-dynamic-image-to-a-push-notification/
49375884050075,Push notification campaigns,Push notification campaigns,49375106949275,Campaigns,campaigns,19893982562203,How to create Google service account to enable push notifications,https://help.klaviyo.com/hc/en-us/articles/19893982562203-How-to-create-Google-service-account-to-enable-push-notifications,campaigns/How-to-create-Google-service-account-to-enable-push-notifications-19893982562203.md,True,True,11176,https://dynamicycle.com/docs/articles-how-to-create-google-service-account-to-enable-push-notifications/
49375884050075,Push notification campaigns,Push notification campaigns,49375106949275,Campaigns,campaigns,45609327372571,How to create a multilingual push notification campaign using Smart Translations,https://help.klaviyo.com/hc/en-us/articles/45609327372571-How-to-create-a-multilingual-push-notification-campaign-using-Smart-Translations,campaigns/How-to-create-a-multilingual-push-notification-campaign-using-Smart-Translations-45609327372571.md,True,True,10268,
49375884050075,Push notification campaigns,Push notification campaigns,49375106949275,Campaigns,campaigns,34567685177883,How to create an in-app form,https://help.klaviyo.com/hc/en-us/articles/34567685177883-How-to-create-an-in-app-form,campaigns/How-to-create-an-in-app-form-34567685177883.md,True,True,10378,
49375884050075,Push notification campaigns,Push notification campaigns,49375106949275,Campaigns,campaigns,13769219837083,How to increase push notifications opens,https://help.klaviyo.com/hc/en-us/articles/13769219837083-How-to-increase-push-notifications-opens,campaigns/How-to-increase-push-notifications-opens-13769219837083.md,True,True,11434,https://dynamicycle.com/docs/articles-how-to-increase-push-notifications-opens/
49375884050075,Push notification campaigns,Push notification campaigns,49375106949275,Campaigns,campaigns,18011985278875,How to preview push notifications,https://help.klaviyo.com/hc/en-us/articles/18011985278875-How-to-preview-push-notifications,campaigns/How-to-preview-push-notifications-18011985278875.md,True,True,11454,https://dynamicycle.com/docs/articles-how-to-preview-push-notifications/
49375884050075,Push notification campaigns,Push notification campaigns,49375106949275,Campaigns,campaigns,360006653972,How to send a push notification campaign,https://help.klaviyo.com/hc/en-us/articles/360006653972-How-to-send-a-push-notification-campaign,campaigns/How-to-send-a-push-notification-campaign-360006653972.md,True,True,11334,https://dynamicycle.com/docs/articles-how-to-send-a-push-notification-campaign/
49375884050075,Push notification campaigns,Push notification campaigns,49375106949275,Campaigns,campaigns,14750928993307,How to set up Android push notifications,https://help.klaviyo.com/hc/en-us/articles/14750928993307-How-to-set-up-Android-push-notifications,campaigns/How-to-set-up-Android-push-notifications-14750928993307.md,True,True,11050,https://dynamicycle.com/docs/articles-how-to-set-up-android-push-notifications/
49375884050075,Push notification campaigns,Push notification campaigns,49375106949275,Campaigns,campaigns,360023213971,How to set up iOS push notifications,https://help.klaviyo.com/hc/en-us/articles/360023213971-How-to-set-up-iOS-push-notifications,campaigns/How-to-set-up-iOS-push-notifications-360023213971.md,True,True,11008,https://dynamicycle.com/docs/articles-how-to-set-up-ios-push-notifications/
49375884050075,Push notification campaigns,Push notification campaigns,49375106949275,Campaigns,campaigns,41701832186523,How to set up iOS universal links and Android App Links,https://help.klaviyo.com/hc/en-us/articles/41701832186523-How-to-set-up-iOS-universal-links-and-Android-App-Links,campaigns/How-to-set-up-iOS-universal-links-and-Android-App-Links-41701832186523.md,True,True,10308,
49375884050075,Push notification campaigns,Push notification campaigns,49375106949275,Campaigns,campaigns,22344173696539,How to set up push notifications for a React Native app,https://help.klaviyo.com/hc/en-us/articles/22344173696539-How-to-set-up-push-notifications-for-a-React-Native-app,campaigns/How-to-set-up-push-notifications-for-a-React-Native-app-22344173696539.md,True,True,11117,https://dynamicycle.com/docs/articles-how-to-set-up-push-notifications-for-a-react-native-app/
49375884050075,Push notification campaigns,Push notification campaigns,49375106949275,Campaigns,campaigns,14750403974043,How to use deep links in push notifications,https://help.klaviyo.com/hc/en-us/articles/14750403974043-How-to-use-deep-links-in-push-notifications,campaigns/How-to-use-deep-links-in-push-notifications-14750403974043.md,False,False,,
49375884050075,Push notification campaigns,Push notification campaigns,49375106949275,Campaigns,campaigns,18681129051803,"How to use email, SMS, and push together",https://help.klaviyo.com/hc/en-us/articles/18681129051803-How-to-use-email-SMS-and-push-together,"campaigns/How-to-use-email,-SMS,-and-push-together-18681129051803.md",True,True,11456,https://dynamicycle.com/docs/articles-how-to-use-email-sms-and-push-together/
49375884050075,Push notification campaigns,Push notification campaigns,49375106949275,Campaigns,campaigns,22334048422683,Introduction to mobile push notifications,https://help.klaviyo.com/hc/en-us/articles/22334048422683-Introduction-to-mobile-push-notifications,campaigns/Introduction-to-mobile-push-notifications-22334048422683.md,True,True,10856,https://dynamicycle.com/docs/articles-introduction-to-mobile-push-notifications/
49375884050075,Push notification campaigns,Push notification campaigns,49375106949275,Campaigns,campaigns,21997060301979,Push notification glossary,https://help.klaviyo.com/hc/en-us/articles/21997060301979-Push-notification-glossary,campaigns/Push-notification-glossary-21997060301979.md,True,True,10481,
49375884050075,Push notification campaigns,Push notification campaigns,49375106949275,Campaigns,campaigns,15594685536539,Understand push notification delivery,https://help.klaviyo.com/hc/en-us/articles/15594685536539-Understand-push-notification-delivery,campaigns/Understand-push-notification-delivery-15594685536539.md,True,True,11427,https://dynamicycle.com/docs/articles-understand-push-notification-delivery/
49375884050075,Push notification campaigns,Push notification campaigns,49375106949275,Campaigns,campaigns,34603509978907,Understanding in-app forms,https://help.klaviyo.com/hc/en-us/articles/34603509978907-Understanding-in-app-forms,campaigns/Understanding-in-app-forms-34603509978907.md,True,True,10376,
49375884050075,Push notification campaigns,Push notification campaigns,49375106949275,Campaigns,campaigns,34331971195675,Understanding key-value pairs,https://help.klaviyo.com/hc/en-us/articles/34331971195675-Understanding-key-value-pairs,campaigns/Understanding-key-value-pairs-34331971195675.md,True,True,11441,https://dynamicycle.com/docs/articles-understanding-key-value-pairs/
49375884050075,Push notification campaigns,Push notification campaigns,49375106949275,Campaigns,campaigns,28753430257435,Understanding mobile push notification performance,https://help.klaviyo.com/hc/en-us/articles/28753430257435-Understanding-mobile-push-notification-performance,campaigns/Understanding-mobile-push-notification-performance-28753430257435.md,True,True,11448,https://dynamicycle.com/docs/articles-understanding-mobile-push-notification-performance/
49375884050075,Push notification campaigns,Push notification campaigns,49375106949275,Campaigns,campaigns,14781686592283,Understanding push notification consent,https://help.klaviyo.com/hc/en-us/articles/14781686592283-Understanding-push-notification-consent,campaigns/Understanding-push-notification-consent-14781686592283.md,False,False,,
49375884050075,Push notification campaigns,Push notification campaigns,49375106949275,Campaigns,campaigns,16917302437275,Understanding rich push notifications,https://help.klaviyo.com/hc/en-us/articles/16917302437275-Understanding-rich-push-notifications,campaigns/Understanding-rich-push-notifications-16917302437275.md,True,True,11393,https://dynamicycle.com/docs/articles-understanding-rich-push-notifications/
49375884050075,Push notification campaigns,Push notification campaigns,49375106949275,Campaigns,campaigns,34331926591003,Understanding silent push notifications,https://help.klaviyo.com/hc/en-us/articles/34331926591003-Understanding-silent-push-notifications,campaigns/Understanding-silent-push-notifications-34331926591003.md,True,True,11347,https://dynamicycle.com/docs/articles-understanding-silent-push-notifications/
49375884050075,Push notification campaigns,Push notification campaigns,49375106949275,Campaigns,campaigns,12932500186907,Understanding your push notification settings,https://help.klaviyo.com/hc/en-us/articles/12932500186907-Understanding-your-push-notification-settings,campaigns/Understanding-your-push-notification-settings-12932500186907.md,True,True,11283,https://dynamicycle.com/docs/articles-understanding-your-push-notification-settings/
49375551401115,Coupons and ecommerce integrations,Coupons > Coupons and ecommerce integrations,4414879524891,Content,content,115005253088,How to add a link that applies a coupon code to a Shopify cart,https://help.klaviyo.com/hc/en-us/articles/115005253088-How-to-add-a-link-that-applies-a-coupon-code-to-a-Shopify-cart,content/How-to-add-a-link-that-applies-a-coupon-code-to-a-Shopify-cart-115005253088.md,True,True,10932,https://dynamicycle.com/docs/articles-how-to-add-a-link-that-applies-a-coupon-code-to-a-shopify-cart/
49375551401115,Coupons and ecommerce integrations,Coupons > Coupons and ecommerce integrations,4414879524891,Content,content,19655157461403,How to create static coupons for PrestaShop,https://help.klaviyo.com/hc/en-us/articles/19655157461403-How-to-create-static-coupons-for-PrestaShop,content/How-to-create-static-coupons-for-PrestaShop-19655157461403.md,True,True,10495,
49375551401115,Coupons and ecommerce integrations,Coupons > Coupons and ecommerce integrations,4414879524891,Content,content,115006155388,How to create unique coupon codes for Shopify,https://help.klaviyo.com/hc/en-us/articles/115006155388-How-to-create-unique-coupon-codes-for-Shopify,content/How-to-create-unique-coupon-codes-for-Shopify-115006155388.md,True,True,10800,https://dynamicycle.com/docs/articles-how-to-create-unique-coupon-codes-for-shopify/
49375551401115,Coupons and ecommerce integrations,Coupons > Coupons and ecommerce integrations,4414879524891,Content,content,25151598311195,How to create unique coupons for PrestaShop,https://help.klaviyo.com/hc/en-us/articles/25151598311195-How-to-create-unique-coupons-for-PrestaShop,content/How-to-create-unique-coupons-for-PrestaShop-25151598311195.md,True,True,10452,
49375551401115,Coupons and ecommerce integrations,Coupons > Coupons and ecommerce integrations,4414879524891,Content,content,22168739689627,How to create unique coupons for Woocommerce,https://help.klaviyo.com/hc/en-us/articles/22168739689627-How-to-create-unique-coupons-for-Woocommerce,content/How-to-create-unique-coupons-for-Woocommerce-22168739689627.md,True,True,10479,
49375551401115,Coupons and ecommerce integrations,Coupons > Coupons and ecommerce integrations,4414879524891,Content,content,115005246547,How to set up coupons (for Magento 1.x),https://help.klaviyo.com/hc/en-us/articles/115005246547-How-to-set-up-coupons-for-Magento-1-x,content/How-to-set-up-coupons-(for-Magento-1.x)-115005246547.md,True,True,11018,https://dynamicycle.com/docs/articles-how-to-set-up-coupons-for-magento-1-x/
49375551401115,Coupons and ecommerce integrations,Coupons > Coupons and ecommerce integrations,4414879524891,Content,content,360022884472,How to set up coupons for BigCommerce,https://help.klaviyo.com/hc/en-us/articles/360022884472-How-to-set-up-coupons-for-BigCommerce,content/How-to-set-up-coupons-for-BigCommerce-360022884472.md,True,True,11209,https://dynamicycle.com/docs/articles-how-to-set-up-coupons-for-bigcommerce/
49375551401115,Coupons and ecommerce integrations,Coupons > Coupons and ecommerce integrations,4414879524891,Content,content,360041971851,How to set up coupons for Magento 2,https://help.klaviyo.com/hc/en-us/articles/360041971851-How-to-set-up-coupons-for-Magento-2,content/How-to-set-up-coupons-for-Magento-2-360041971851.md,True,True,11077,https://dynamicycle.com/docs/articles-how-to-set-up-coupons-for-magento-2/
49375551401115,Coupons and ecommerce integrations,Coupons > Coupons and ecommerce integrations,4414879524891,Content,content,18229362143899,How to set up coupons for Square,https://help.klaviyo.com/hc/en-us/articles/18229362143899-How-to-set-up-coupons-for-Square,content/How-to-set-up-coupons-for-Square-18229362143899.md,True,True,10511,
49375551401115,Coupons and ecommerce integrations,Coupons > Coupons and ecommerce integrations,4414879524891,Content,content,360031279471,How to set up static coupons for WooCommerce,https://help.klaviyo.com/hc/en-us/articles/360031279471-How-to-set-up-static-coupons-for-WooCommerce,content/How-to-set-up-static-coupons-for-WooCommerce-360031279471.md,True,True,11141,https://dynamicycle.com/docs/articles-how-to-set-up-static-coupons-for-woocommerce/
49375550228763,Getting started with coupons,Coupons > Getting started with coupons,4414879524891,Content,content,115005084727,Getting started with coupon codes in Klaviyo,https://help.klaviyo.com/hc/en-us/articles/115005084727-Getting-started-with-coupon-codes-in-Klaviyo,content/Getting-started-with-coupon-codes-in-Klaviyo-115005084727.md,True,True,11219,https://dynamicycle.com/docs/articles-getting-started-with-coupon-codes-in-klaviyo/
49375550228763,Getting started with coupons,Coupons > Getting started with coupons,4414879524891,Content,content,6038674938523,How to add coupon codes to sign-up forms,https://help.klaviyo.com/hc/en-us/articles/6038674938523-How-to-add-coupon-codes-to-sign-up-forms,content/How-to-add-coupon-codes-to-sign-up-forms-6038674938523.md,True,True,10592,
49375550228763,Getting started with coupons,Coupons > Getting started with coupons,4414879524891,Content,content,360048067932,How to edit coupons in Klaviyo,https://help.klaviyo.com/hc/en-us/articles/360048067932-How-to-edit-coupons-in-Klaviyo,content/How-to-edit-coupons-in-Klaviyo-360048067932.md,True,True,10666,
49375550228763,Getting started with coupons,Coupons > Getting started with coupons,4414879524891,Content,content,360048071212,How to export coupon information,https://help.klaviyo.com/hc/en-us/articles/360048071212-How-to-export-coupon-information,content/How-to-export-coupon-information-360048071212.md,True,True,10664,
49375550228763,Getting started with coupons,Coupons > Getting started with coupons,4414879524891,Content,content,47691927326107,How to use a coupon block in an email,https://help.klaviyo.com/hc/en-us/articles/47691927326107-How-to-use-a-coupon-block-in-an-email,content/How-to-use-a-coupon-block-in-an-email-47691927326107.md,True,True,10238,
49375550228763,Getting started with coupons,Coupons > Getting started with coupons,4414879524891,Content,content,360048069712,How to view coupon history,https://help.klaviyo.com/hc/en-us/articles/360048069712-How-to-view-coupon-history,content/How-to-view-coupon-history-360048069712.md,True,True,10665,
49375872847131,Getting started with objects,Objects > Getting started with objects,4414879524891,Content,content,37711720137755,Frequently asked questions about custom objects,https://help.klaviyo.com/hc/en-us/articles/37711720137755-Frequently-asked-questions-about-custom-objects,content/Frequently-asked-questions-about-custom-objects-37711720137755.md,True,True,10835,https://dynamicycle.com/docs/articles-frequently-asked-questions-about-custom-objects/
49375872847131,Getting started with objects,Objects > Getting started with objects,4414879524891,Content,content,35105337172123,Getting started with custom objects,https://help.klaviyo.com/hc/en-us/articles/35105337172123-Getting-started-with-custom-objects,content/Getting-started-with-custom-objects-35105337172123.md,True,True,10371,
49375857053851,Use objects in Klaviyo,Objects > Use objects in Klaviyo,4414879524891,Content,content,35146374047515,How to use custom objects in flows,https://help.klaviyo.com/hc/en-us/articles/35146374047515-How-to-use-custom-objects-in-flows,content/How-to-use-custom-objects-in-flows-35146374047515.md,True,True,10368,
49375857053851,Use objects in Klaviyo,Objects > Use objects in Klaviyo,4414879524891,Content,content,35146339009691,How to use custom objects in segments,https://help.klaviyo.com/hc/en-us/articles/35146339009691-How-to-use-custom-objects-in-segments,content/How-to-use-custom-objects-in-segments-35146339009691.md,True,True,10370,
49375857053851,Use objects in Klaviyo,Objects > Use objects in Klaviyo,4414879524891,Content,content,35146367972763,How to use custom objects in templates,https://help.klaviyo.com/hc/en-us/articles/35146367972763-How-to-use-custom-objects-in-templates,content/How-to-use-custom-objects-in-templates-35146367972763.md,True,True,10369,
49375625008283,Build and use products ,Products > Build and use products ,4414879524891,Content,content,115005258768,How to add a custom web feed in an email,https://help.klaviyo.com/hc/en-us/articles/115005258768-How-to-add-a-custom-web-feed-in-an-email,content/How-to-add-a-custom-web-feed-in-an-email-115005258768.md,True,True,11340,https://dynamicycle.com/docs/articles-how-to-add-a-custom-web-feed-in-an-email/
49375625008283,Build and use products ,Products > Build and use products ,4414879524891,Content,content,115000219092,How to add a product block to an email,https://help.klaviyo.com/hc/en-us/articles/115000219092-How-to-add-a-product-block-to-an-email,content/How-to-add-a-product-block-to-an-email-115000219092.md,True,True,11439,https://dynamicycle.com/docs/articles-how-to-add-a-product-block-to-an-email/
49375625008283,Build and use products ,Products > Build and use products ,4414879524891,Content,content,360019921772,How to display recently viewed items in an email,https://help.klaviyo.com/hc/en-us/articles/360019921772-How-to-display-recently-viewed-items-in-an-email,content/How-to-display-recently-viewed-items-in-an-email-360019921772.md,True,True,11210,https://dynamicycle.com/docs/articles-how-to-display-recently-viewed-items-in-an-email/
49375624479003,Getting started with products,Products > Getting started with products,4414879524891,Content,content,360004785571,Catalog lookup tag reference,https://help.klaviyo.com/hc/en-us/articles/360004785571-Catalog-lookup-tag-reference,content/Catalog-lookup-tag-reference-360004785571.md,True,True,10909,https://dynamicycle.com/docs/articles-catalog-lookup-tag-reference/
49375624479003,Getting started with products,Products > Getting started with products,4414879524891,Content,content,115005082787,How to use product feeds and recommendations,https://help.klaviyo.com/hc/en-us/articles/115005082787-How-to-use-product-feeds-and-recommendations,content/How-to-use-product-feeds-and-recommendations-115005082787.md,True,True,10806,https://dynamicycle.com/docs/articles-how-to-use-product-feeds-and-recommendations/
14543554717467,Templates,Templates,4414879524891,Content,content,49460040208539,About the upgrade to text editing in Klaviyo's Drag and Drop editor,https://help.klaviyo.com/hc/en-us/articles/49460040208539-About-the-upgrade-to-text-editing-in-Klaviyo-s-Drag-and-Drop-editor,content/About-the-upgrade-to-text-editing-in-Klaviyo's-Drag-and-Drop-editor-49460040208539.md,True,True,10222,
14543554717467,Templates,Templates,4414879524891,Content,content,49469198235419,About the upgrade to text editing in Klaviyo's Drag and Drop editor,https://help.klaviyo.com/hc/en-us/articles/49469198235419-About-the-upgrade-to-text-editing-in-Klaviyo-s-Drag-and-Drop-editor,content/About-the-upgrade-to-text-editing-in-Klaviyo's-Drag-and-Drop-editor-49469198235419.md,True,True,10221,
49375573073947,Advanced template design,Templates > Advanced template design,4414879524891,Content,content,115005254188,How to create a hybrid email template,https://help.klaviyo.com/hc/en-us/articles/115005254188-How-to-create-a-hybrid-email-template,content/How-to-create-a-hybrid-email-template-115005254188.md,True,True,11270,https://dynamicycle.com/docs/articles-how-to-create-a-hybrid-email-template/
49375573073947,Advanced template design,Templates > Advanced template design,4414879524891,Content,content,19462923466651,How to display products vertically in emails,https://help.klaviyo.com/hc/en-us/articles/19462923466651-How-to-display-products-vertically-in-emails,content/How-to-display-products-vertically-in-emails-19462923466651.md,True,True,10498,
49375573073947,Advanced template design,Templates > Advanced template design,4414879524891,Content,content,23145809959707,How to enable and use email annotations for Gmail,https://help.klaviyo.com/hc/en-us/articles/23145809959707-How-to-enable-and-use-email-annotations-for-Gmail,content/How-to-enable-and-use-email-annotations-for-Gmail-23145809959707.md,True,True,10468,
49375573073947,Advanced template design,Templates > Advanced template design,4414879524891,Content,content,115005085167,How to export the HTML for an email template,https://help.klaviyo.com/hc/en-us/articles/115005085167-How-to-export-the-HTML-for-an-email-template,content/How-to-export-the-HTML-for-an-email-template-115005085167.md,True,True,11306,https://dynamicycle.com/docs/articles-how-to-export-the-html-for-an-email-template/
49375573073947,Advanced template design,Templates > Advanced template design,4414879524891,Content,content,115005254068,How to import a custom HTML template,https://help.klaviyo.com/hc/en-us/articles/115005254068-How-to-import-a-custom-HTML-template,content/How-to-import-a-custom-HTML-template-115005254068.md,True,True,11222,https://dynamicycle.com/docs/articles-how-to-import-a-custom-html-template/
49375559270427,Build and use templates,Templates > Build and use templates,4414879524891,Content,content,48461666134939,About the upgrade to Klaviyo's text only editor,https://help.klaviyo.com/hc/en-us/articles/48461666134939-About-the-upgrade-to-Klaviyo-s-text-only-editor,content/About-the-upgrade-to-Klaviyo's-text-only-editor-48461666134939.md,True,True,10228,
49375559270427,Build and use templates,Templates > Build and use templates,4414879524891,Content,content,48509573327515,Getting started with Canva for email,https://help.klaviyo.com/hc/en-us/articles/48509573327515-Getting-started-with-Canva-for-email,content/Getting-started-with-Canva-for-email-48509573327515.md,True,True,10227,
49375559270427,Build and use templates,Templates > Build and use templates,4414879524891,Content,content,4407911841435,Guide to the email template editor,https://help.klaviyo.com/hc/en-us/articles/4407911841435-Guide-to-the-email-template-editor,content/Guide-to-the-email-template-editor-4407911841435.md,True,True,10886,https://dynamicycle.com/docs/articles-guide-to-the-email-template-editor/
49375559270427,Build and use templates,Templates > Build and use templates,4414879524891,Content,content,115005085147,How to add a link to an email address or phone number,https://help.klaviyo.com/hc/en-us/articles/115005085147-How-to-add-a-link-to-an-email-address-or-phone-number,content/How-to-add-a-link-to-an-email-address-or-phone-number-115005085147.md,True,True,11418,https://dynamicycle.com/docs/articles-how-to-add-a-link-to-an-email-address-or-phone-number/
49375559270427,Build and use templates,Templates > Build and use templates,4414879524891,Content,content,115000807711,How to add columns to an email,https://help.klaviyo.com/hc/en-us/articles/115000807711-How-to-add-columns-to-an-email,content/How-to-add-columns-to-an-email-115000807711.md,True,True,11153,https://dynamicycle.com/docs/articles-how-to-add-columns-to-an-email/
49375559270427,Build and use templates,Templates > Build and use templates,4414879524891,Content,content,115001735052,How to create and manage header blocks,https://help.klaviyo.com/hc/en-us/articles/115001735052-How-to-create-and-manage-header-blocks,content/How-to-create-and-manage-header-blocks-115001735052.md,True,True,11089,https://dynamicycle.com/docs/articles-how-to-create-and-manage-header-blocks/
49375559270427,Build and use templates,Templates > Build and use templates,4414879524891,Content,content,38068161225243,How to enable Smart Translations,https://help.klaviyo.com/hc/en-us/articles/38068161225243-How-to-enable-Smart-Translations,content/How-to-enable-Smart-Translations-38068161225243.md,True,True,10350,
49375559270427,Build and use templates,Templates > Build and use templates,4414879524891,Content,content,50266901162011,How to import glossary terms in bulk with CSV,https://help.klaviyo.com/hc/en-us/articles/50266901162011-How-to-import-glossary-terms-in-bulk-with-CSV,content/How-to-import-glossary-terms-in-bulk-with-CSV-50266901162011.md,True,True,10197,
49375559270427,Build and use templates,Templates > Build and use templates,4414879524891,Content,content,115000108632,How to insert an image into a text block,https://help.klaviyo.com/hc/en-us/articles/115000108632-How-to-insert-an-image-into-a-text-block,content/How-to-insert-an-image-into-a-text-block-115000108632.md,True,True,11217,https://dynamicycle.com/docs/articles-how-to-insert-an-image-into-a-text-block/
49375559270427,Build and use templates,Templates > Build and use templates,4414879524891,Content,content,360043932991,"How to make an add to calendar event in a button, link, or image",https://help.klaviyo.com/hc/en-us/articles/360043932991-How-to-make-an-add-to-calendar-event-in-a-button-link-or-image,"content/How-to-make-an-add-to-calendar-event-in-a-button,-link,-or-image-360043932991.md",True,True,11291,https://dynamicycle.com/docs/articles-how-to-make-an-add-to-calendar-event-in-a-button-link-or-image/
49375559270427,Build and use templates,Templates > Build and use templates,4414879524891,Content,content,45085617755931,How to manage translations in bulk with CSV,https://help.klaviyo.com/hc/en-us/articles/45085617755931-How-to-manage-translations-in-bulk-with-CSV,content/How-to-manage-translations-in-bulk-with-CSV-45085617755931.md,True,True,10275,
49375559270427,Build and use templates,Templates > Build and use templates,4414879524891,Content,content,7655965301531,How to show or hide template blocks and sections based on dynamic variables,https://help.klaviyo.com/hc/en-us/articles/7655965301531-How-to-show-or-hide-template-blocks-and-sections-based-on-dynamic-variables,content/How-to-show-or-hide-template-blocks-and-sections-based-on-dynamic-variables-7655965301531.md,True,True,11242,https://dynamicycle.com/docs/articles-how-to-show-or-hide-template-blocks-and-sections-based-on-dynamic-variables/
49375559270427,Build and use templates,Templates > Build and use templates,4414879524891,Content,content,21977834205723,How to use Email AI to create email content,https://help.klaviyo.com/hc/en-us/articles/21977834205723-How-to-use-Email-AI-to-create-email-content,content/How-to-use-Email-AI-to-create-email-content-21977834205723.md,True,True,10482,
49375559270427,Build and use templates,Templates > Build and use templates,4414879524891,Content,content,34411474977947,How to use Email AI to revise text,https://help.klaviyo.com/hc/en-us/articles/34411474977947-How-to-use-Email-AI-to-revise-text,content/How-to-use-Email-AI-to-revise-text-34411474977947.md,True,True,10380,
49375559270427,Build and use templates,Templates > Build and use templates,4414879524891,Content,content,360004384031,How to use Instagram content in emails,https://help.klaviyo.com/hc/en-us/articles/360004384031-How-to-use-Instagram-content-in-emails,content/How-to-use-Instagram-content-in-emails-360004384031.md,True,True,11446,https://dynamicycle.com/docs/articles-how-to-use-instagram-content-in-emails/
49375559270427,Build and use templates,Templates > Build and use templates,4414879524891,Content,content,32201419926939,How to use a header bar block in an email,https://help.klaviyo.com/hc/en-us/articles/32201419926939-How-to-use-a-header-bar-block-in-an-email,content/How-to-use-a-header-bar-block-in-an-email-32201419926939.md,True,True,10402,
49375559270427,Build and use templates,Templates > Build and use templates,4414879524891,Content,content,32281152537755,How to use a social links block in an email,https://help.klaviyo.com/hc/en-us/articles/32281152537755-How-to-use-a-social-links-block-in-an-email,content/How-to-use-a-social-links-block-in-an-email-32281152537755.md,True,True,10400,
49375559270427,Build and use templates,Templates > Build and use templates,4414879524891,Content,content,32254258938139,How to use a split block in an email,https://help.klaviyo.com/hc/en-us/articles/32254258938139-How-to-use-a-split-block-in-an-email,content/How-to-use-a-split-block-in-an-email-32254258938139.md,True,True,10401,
49375559270427,Build and use templates,Templates > Build and use templates,4414879524891,Content,content,32908976218779,How to use a table block in an email,https://help.klaviyo.com/hc/en-us/articles/32908976218779-How-to-use-a-table-block-in-an-email,content/How-to-use-a-table-block-in-an-email-32908976218779.md,True,True,10393,
49375559270427,Build and use templates,Templates > Build and use templates,4414879524891,Content,content,32200923751195,How to use a text block in an email,https://help.klaviyo.com/hc/en-us/articles/32200923751195-How-to-use-a-text-block-in-an-email,content/How-to-use-a-text-block-in-an-email-32200923751195.md,True,True,10403,
49375559270427,Build and use templates,Templates > Build and use templates,4414879524891,Content,content,36557890762011,How to use pre-built email content,https://help.klaviyo.com/hc/en-us/articles/36557890762011-How-to-use-pre-built-email-content,content/How-to-use-pre-built-email-content-36557890762011.md,True,True,10356,
49375559270427,Build and use templates,Templates > Build and use templates,4414879524891,Content,content,4408802293019,How to use sections in email templates,https://help.klaviyo.com/hc/en-us/articles/4408802293019-How-to-use-sections-in-email-templates,content/How-to-use-sections-in-email-templates-4408802293019.md,True,True,11374,https://dynamicycle.com/docs/articles-how-to-use-sections-in-email-templates/
49375559270427,Build and use templates,Templates > Build and use templates,4414879524891,Content,content,4408802445339,How to use the content repeat feature,https://help.klaviyo.com/hc/en-us/articles/4408802445339-How-to-use-the-content-repeat-feature,content/How-to-use-the-content-repeat-feature-4408802445339.md,True,True,11325,https://dynamicycle.com/docs/articles-how-to-use-the-content-repeat-feature/
49375559270427,Build and use templates,Templates > Build and use templates,4414879524891,Content,content,40650805147931,Remix an image in the email editor,https://help.klaviyo.com/hc/en-us/articles/40650805147931-Remix-an-image-in-the-email-editor,content/Remix-an-image-in-the-email-editor-40650805147931.md,True,True,10325,
49375559270427,Build and use templates,Templates > Build and use templates,4414879524891,Content,content,4408802299547,Understanding display options,https://help.klaviyo.com/hc/en-us/articles/4408802299547-Understanding-display-options,content/Understanding-display-options-4408802299547.md,True,True,11353,https://dynamicycle.com/docs/articles-understanding-display-options/
49375559270427,Build and use templates,Templates > Build and use templates,4414879524891,Content,content,30664434733211,Understanding partner-created templates,https://help.klaviyo.com/hc/en-us/articles/30664434733211-Understanding-partner-created-templates,content/Understanding-partner-created-templates-30664434733211.md,True,True,10410,
49375572515355,Design best practices,Templates > Design best practices,4414879524891,Content,content,4406592127515,About BIMI,https://help.klaviyo.com/hc/en-us/articles/4406592127515-About-BIMI,content/About-BIMI-4406592127515.md,True,True,11189,https://dynamicycle.com/docs/articles-about-bimi/
49375572515355,Design best practices,Templates > Design best practices,4414879524891,Content,content,115005253688,About email images best practices,https://help.klaviyo.com/hc/en-us/articles/115005253688-About-email-images-best-practices,content/About-email-images-best-practices-115005253688.md,True,True,11367,https://dynamicycle.com/docs/articles-about-email-images-best-practices/
49375572515355,Design best practices,Templates > Design best practices,4414879524891,Content,content,360034711931,Accessibility in emails and forms best practice reference,https://help.klaviyo.com/hc/en-us/articles/360034711931-Accessibility-in-emails-and-forms-best-practice-reference,content/Accessibility-in-emails-and-forms-best-practice-reference-360034711931.md,True,True,11295,https://dynamicycle.com/docs/articles-accessibility-in-emails-and-forms-best-practice-reference/
49375572515355,Design best practices,Templates > Design best practices,4414879524891,Content,content,360020651191,Brand design reference,https://help.klaviyo.com/hc/en-us/articles/360020651191-Brand-design-reference,content/Brand-design-reference-360020651191.md,True,True,11415,https://dynamicycle.com/docs/articles-brand-design-reference/
49375572515355,Design best practices,Templates > Design best practices,4414879524891,Content,content,360049181631,Dark mode email design best practices,https://help.klaviyo.com/hc/en-us/articles/360049181631-Dark-mode-email-design-best-practices,content/Dark-mode-email-design-best-practices-360049181631.md,True,True,10999,https://dynamicycle.com/docs/articles-dark-mode-email-design-best-practices/
49375572515355,Design best practices,Templates > Design best practices,4414879524891,Content,content,115000780232,How to add a countdown timer to an email,https://help.klaviyo.com/hc/en-us/articles/115000780232-How-to-add-a-countdown-timer-to-an-email,content/How-to-add-a-countdown-timer-to-an-email-115000780232.md,True,True,11338,https://dynamicycle.com/docs/articles-how-to-add-a-countdown-timer-to-an-email/
49375572515355,Design best practices,Templates > Design best practices,4414879524891,Content,content,35873068949147,How to apply brand voice guidelines to AI-generated email content,https://help.klaviyo.com/hc/en-us/articles/35873068949147-How-to-apply-brand-voice-guidelines-to-AI-generated-email-content,content/How-to-apply-brand-voice-guidelines-to-AI-generated-email-content-35873068949147.md,True,True,10363,
49375572515355,Design best practices,Templates > Design best practices,4414879524891,Content,content,12415384810651,How to create a text-only email,https://help.klaviyo.com/hc/en-us/articles/12415384810651-How-to-create-a-text-only-email,content/How-to-create-a-text-only-email-12415384810651.md,True,True,10875,https://dynamicycle.com/docs/articles-how-to-create-a-text-only-email/
49375572515355,Design best practices,Templates > Design best practices,4414879524891,Content,content,4403537778331,How to update your brand styles in Klaviyo,https://help.klaviyo.com/hc/en-us/articles/4403537778331-How-to-update-your-brand-styles-in-Klaviyo,content/How-to-update-your-brand-styles-in-Klaviyo-4403537778331.md,True,True,10611,
49375572515355,Design best practices,Templates > Design best practices,4414879524891,Content,content,360043506852,How to use anchor links in your messages and forms,https://help.klaviyo.com/hc/en-us/articles/360043506852-How-to-use-anchor-links-in-your-messages-and-forms,content/How-to-use-anchor-links-in-your-messages-and-forms-360043506852.md,True,True,11251,https://dynamicycle.com/docs/articles-how-to-use-anchor-links-in-your-messages-and-forms/
49375572515355,Design best practices,Templates > Design best practices,4414879524891,Content,content,115005257048,How to use emojis in subject lines and email templates,https://help.klaviyo.com/hc/en-us/articles/115005257048-How-to-use-emojis-in-subject-lines-and-email-templates,content/How-to-use-emojis-in-subject-lines-and-email-templates-115005257048.md,True,True,11403,https://dynamicycle.com/docs/articles-how-to-use-emojis-in-subject-lines-and-email-templates/
49375572515355,Design best practices,Templates > Design best practices,4414879524891,Content,content,115001435352,Optimal email template width reference,https://help.klaviyo.com/hc/en-us/articles/115001435352-Optimal-email-template-width-reference,content/Optimal-email-template-width-reference-115001435352.md,True,True,11152,https://dynamicycle.com/docs/articles-optimal-email-template-width-reference/
49375572515355,Design best practices,Templates > Design best practices,4414879524891,Content,content,4405396468379,Understanding fonts in email,https://help.klaviyo.com/hc/en-us/articles/4405396468379-Understanding-fonts-in-email,content/Understanding-fonts-in-email-4405396468379.md,True,True,11063,https://dynamicycle.com/docs/articles-understanding-fonts-in-email/
49375572515355,Design best practices,Templates > Design best practices,4414879524891,Content,content,115005254428,Understanding mobile email optimization,https://help.klaviyo.com/hc/en-us/articles/115005254428-Understanding-mobile-email-optimization,content/Understanding-mobile-email-optimization-115005254428.md,True,True,11387,https://dynamicycle.com/docs/articles-understanding-mobile-email-optimization/
49375507646363,Getting started with templates,Templates > Getting started with templates,4414879524891,Content,content,50674179087259,Comment on emails in the drag-and-drop editor,https://help.klaviyo.com/hc/en-us/articles/50674179087259-Comment-on-emails-in-the-drag-and-drop-editor,content/Comment-on-emails-in-the-drag-and-drop-editor-50674179087259.md,True,True,10188,
49375507646363,Getting started with templates,Templates > Getting started with templates,4414879524891,Content,content,115005255968,How to add a background image to an email template or section,https://help.klaviyo.com/hc/en-us/articles/115005255968-How-to-add-a-background-image-to-an-email-template-or-section,content/How-to-add-a-background-image-to-an-email-template-or-section-115005255968.md,True,True,11308,https://dynamicycle.com/docs/articles-how-to-add-a-background-image-to-an-email-template-or-section/
49375507646363,Getting started with templates,Templates > Getting started with templates,4414879524891,Content,content,27066187499291,How to add and edit text blocks in emails,https://help.klaviyo.com/hc/en-us/articles/27066187499291-How-to-add-and-edit-text-blocks-in-emails,content/How-to-add-and-edit-text-blocks-in-emails-27066187499291.md,True,True,10429,
49375507646363,Getting started with templates,Templates > Getting started with templates,4414879524891,Content,content,39106892802331,How to add branding from your website to your emails,https://help.klaviyo.com/hc/en-us/articles/39106892802331-How-to-add-branding-from-your-website-to-your-emails,content/How-to-add-branding-from-your-website-to-your-emails-39106892802331.md,True,True,10344,
49375507646363,Getting started with templates,Templates > Getting started with templates,4414879524891,Content,content,4412748537627,How to add custom fonts in email templates,https://help.klaviyo.com/hc/en-us/articles/4412748537627-How-to-add-custom-fonts-in-email-templates,content/How-to-add-custom-fonts-in-email-templates-4412748537627.md,True,True,10985,https://dynamicycle.com/docs/articles-how-to-add-custom-fonts-in-email-templates/
49375507646363,Getting started with templates,Templates > Getting started with templates,4414879524891,Content,content,18986347580827,How to add personalization to your messages,https://help.klaviyo.com/hc/en-us/articles/18986347580827-How-to-add-personalization-to-your-messages,content/How-to-add-personalization-to-your-messages-18986347580827.md,True,True,10503,
49375507646363,Getting started with templates,Templates > Getting started with templates,4414879524891,Content,content,115005083887,How to create a base template,https://help.klaviyo.com/hc/en-us/articles/115005083887-How-to-create-a-base-template,content/How-to-create-a-base-template-115005083887.md,True,True,11156,https://dynamicycle.com/docs/articles-how-to-create-a-base-template/
49375507646363,Getting started with templates,Templates > Getting started with templates,4414879524891,Content,content,115005413888,How to create and manage universal and saved content,https://help.klaviyo.com/hc/en-us/articles/115005413888-How-to-create-and-manage-universal-and-saved-content,content/How-to-create-and-manage-universal-and-saved-content-115005413888.md,True,True,10925,https://dynamicycle.com/docs/articles-how-to-create-and-manage-universal-and-saved-content/
49375507646363,Getting started with templates,Templates > Getting started with templates,4414879524891,Content,content,115000102752,"How to create, edit, delete, and manage templates",https://help.klaviyo.com/hc/en-us/articles/115000102752-How-to-create-edit-delete-and-manage-templates,"content/How-to-create,-edit,-delete,-and-manage-templates-115000102752.md",True,True,10799,https://dynamicycle.com/docs/articles-how-to-create-edit-delete-and-manage-templates/
49375507646363,Getting started with templates,Templates > Getting started with templates,4414879524891,Content,content,360037894891,How to edit the plain text version of an HTML email,https://help.klaviyo.com/hc/en-us/articles/360037894891-How-to-edit-the-plain-text-version-of-an-HTML-email,content/How-to-edit-the-plain-text-version-of-an-HTML-email-360037894891.md,True,True,11254,https://dynamicycle.com/docs/articles-how-to-edit-the-plain-text-version-of-an-html-email/
49375507646363,Getting started with templates,Templates > Getting started with templates,4414879524891,Content,content,115005256968,How to embed videos and attach files to emails,https://help.klaviyo.com/hc/en-us/articles/115005256968-How-to-embed-videos-and-attach-files-to-emails,content/How-to-embed-videos-and-attach-files-to-emails-115005256968.md,True,True,11385,https://dynamicycle.com/docs/articles-how-to-embed-videos-and-attach-files-to-emails/
49375507646363,Getting started with templates,Templates > Getting started with templates,4414879524891,Content,content,115005082687,How to insert preview text into an email,https://help.klaviyo.com/hc/en-us/articles/115005082687-How-to-insert-preview-text-into-an-email,content/How-to-insert-preview-text-into-an-email-115005082687.md,True,True,11365,https://dynamicycle.com/docs/articles-how-to-insert-preview-text-into-an-email/
49375507646363,Getting started with templates,Templates > Getting started with templates,4414879524891,Content,content,115005081907,How to preview and send test emails in Klaviyo,https://help.klaviyo.com/hc/en-us/articles/115005081907-How-to-preview-and-send-test-emails-in-Klaviyo,content/How-to-preview-and-send-test-emails-in-Klaviyo-115005081907.md,True,True,11096,https://dynamicycle.com/docs/articles-how-to-preview-and-send-test-emails-in-klaviyo/
49375507646363,Getting started with templates,Templates > Getting started with templates,4414879524891,Content,content,115005253868,How to save an email template,https://help.klaviyo.com/hc/en-us/articles/115005253868-How-to-save-an-email-template,content/How-to-save-an-email-template-115005253868.md,True,True,11223,https://dynamicycle.com/docs/articles-how-to-save-an-email-template/
49375507646363,Getting started with templates,Templates > Getting started with templates,4414879524891,Content,content,4408036400155,How to use Klaviyo Showcase,https://help.klaviyo.com/hc/en-us/articles/4408036400155-How-to-use-Klaviyo-Showcase,content/How-to-use-Klaviyo-Showcase-4408036400155.md,True,True,11397,https://dynamicycle.com/docs/articles-how-to-use-klaviyo-showcase/
49375507646363,Getting started with templates,Templates > Getting started with templates,4414879524891,Content,content,37463094051611,How to use inbox testing,https://help.klaviyo.com/hc/en-us/articles/37463094051611-How-to-use-inbox-testing,content/How-to-use-inbox-testing-37463094051611.md,True,True,10353,
49375507646363,Getting started with templates,Templates > Getting started with templates,4414879524891,Content,content,50674778768539,Organize templates with folders,https://help.klaviyo.com/hc/en-us/articles/50674778768539-Organize-templates-with-folders,content/Organize-templates-with-folders-50674778768539.md,True,True,10187,
49375507646363,Getting started with templates,Templates > Getting started with templates,4414879524891,Content,content,14904583929755,Templates and design glossary,https://help.klaviyo.com/hc/en-us/articles/14904583929755-Templates-and-design-glossary,content/Templates-and-design-glossary-14904583929755.md,True,True,10552,
49375607281819,Template troubleshooting ,Templates > Template troubleshooting ,4414879524891,Content,content,115005085387,My email looks different when viewed in Microsoft Outlook,https://help.klaviyo.com/hc/en-us/articles/115005085387-My-email-looks-different-when-viewed-in-Microsoft-Outlook,content/My-email-looks-different-when-viewed-in-Microsoft-Outlook-115005085387.md,True,True,10927,https://dynamicycle.com/docs/articles-my-email-looks-different-when-viewed-in-microsoft-outlook/
49375607281819,Template troubleshooting ,Templates > Template troubleshooting ,4414879524891,Content,content,115005254488,"Troubleshooting custom CSS, JavaScript, and HTML in Klaviyo",https://help.klaviyo.com/hc/en-us/articles/115005254488-Troubleshooting-custom-CSS-JavaScript-and-HTML-in-Klaviyo,"content/Troubleshooting-custom-CSS,-JavaScript,-and-HTML-in-Klaviyo-115005254488.md",True,True,11386,https://dynamicycle.com/docs/articles-troubleshooting-custom-css-javascript-and-html-in-klaviyo/
49375607281819,Template troubleshooting ,Templates > Template troubleshooting ,4414879524891,Content,content,4402386684187,Troubleshooting email template error messages,https://help.klaviyo.com/hc/en-us/articles/4402386684187-Troubleshooting-email-template-error-messages,content/Troubleshooting-email-template-error-messages-4402386684187.md,True,True,10615,
49375607281819,Template troubleshooting ,Templates > Template troubleshooting ,4414879524891,Content,content,115000591251,Why is my email being clipped?,https://help.klaviyo.com/hc/en-us/articles/115000591251-Why-is-my-email-being-clipped,content/Why-is-my-email-being-clipped-115000591251.md,True,True,10798,https://dynamicycle.com/docs/articles-why-is-my-email-being-clipped/
49375545220123,Use variable syntax and tags,Templates > Use variable syntax and tags,4414879524891,Content,content,7655926841499,Conditional logic reference for templates,https://help.klaviyo.com/hc/en-us/articles/7655926841499-Conditional-logic-reference-for-templates,content/Conditional-logic-reference-for-templates-7655926841499.md,True,True,10976,https://dynamicycle.com/docs/articles-conditional-logic-reference-for-templates/
49375545220123,Use variable syntax and tags,Templates > Use variable syntax and tags,4414879524891,Content,content,115005257788,Date personalization in templates reference,https://help.klaviyo.com/hc/en-us/articles/115005257788-Date-personalization-in-templates-reference,content/Date-personalization-in-templates-reference-115005257788.md,True,True,11307,https://dynamicycle.com/docs/articles-date-personalization-in-templates-reference/
49375545220123,Use variable syntax and tags,Templates > Use variable syntax and tags,4414879524891,Content,content,11613154130843,"How to add a first name to an email, SMS, or push message",https://help.klaviyo.com/hc/en-us/articles/11613154130843-How-to-add-a-first-name-to-an-email-SMS-or-push-message,"content/How-to-add-a-first-name-to-an-email,-SMS,-or-push-message-11613154130843.md",True,True,10563,
49375545220123,Use variable syntax and tags,Templates > Use variable syntax and tags,4414879524891,Content,content,115006054267,How to add an unsubscribe link to Klaviyo emails,https://help.klaviyo.com/hc/en-us/articles/115006054267-How-to-add-an-unsubscribe-link-to-Klaviyo-emails,content/How-to-add-an-unsubscribe-link-to-Klaviyo-emails-115006054267.md,True,True,11155,https://dynamicycle.com/docs/articles-how-to-add-an-unsubscribe-link-to-klaviyo-emails/
49375545220123,Use variable syntax and tags,Templates > Use variable syntax and tags,4414879524891,Content,content,48971655463067,How to add barcodes to your messages,https://help.klaviyo.com/hc/en-us/articles/48971655463067-How-to-add-barcodes-to-your-messages,content/How-to-add-barcodes-to-your-messages-48971655463067.md,True,True,10223,
49375545220123,Use variable syntax and tags,Templates > Use variable syntax and tags,4414879524891,Content,content,4408802597659,How to build dynamic blocks in a flow email,https://help.klaviyo.com/hc/en-us/articles/4408802597659-How-to-build-dynamic-blocks-in-a-flow-email,content/How-to-build-dynamic-blocks-in-a-flow-email-4408802597659.md,True,True,11244,https://dynamicycle.com/docs/articles-how-to-build-dynamic-blocks-in-a-flow-email/
49375545220123,Use variable syntax and tags,Templates > Use variable syntax and tags,4414879524891,Content,content,115001201231,How to change the currency for a specific template,https://help.klaviyo.com/hc/en-us/articles/115001201231-How-to-change-the-currency-for-a-specific-template,content/How-to-change-the-currency-for-a-specific-template-115001201231.md,True,True,11360,https://dynamicycle.com/docs/articles-how-to-change-the-currency-for-a-specific-template/
49375545220123,Use variable syntax and tags,Templates > Use variable syntax and tags,4414879524891,Content,content,115005084627,How to include ratings links or NPS surveys in an email,https://help.klaviyo.com/hc/en-us/articles/115005084627-How-to-include-ratings-links-or-NPS-surveys-in-an-email,content/How-to-include-ratings-links-or-NPS-surveys-in-an-email-115005084627.md,True,True,11440,https://dynamicycle.com/docs/articles-how-to-include-ratings-links-or-nps-surveys-in-an-email/
49375545220123,Use variable syntax and tags,Templates > Use variable syntax and tags,4414879524891,Content,content,4408810769307,How to insert a dynamic image in an email,https://help.klaviyo.com/hc/en-us/articles/4408810769307-How-to-insert-a-dynamic-image-in-an-email,content/How-to-insert-a-dynamic-image-in-an-email-4408810769307.md,True,True,11324,https://dynamicycle.com/docs/articles-how-to-insert-a-dynamic-image-in-an-email/
49375545220123,Use variable syntax and tags,Templates > Use variable syntax and tags,4414879524891,Content,content,4408810654235,How to insert personalization into text blocks,https://help.klaviyo.com/hc/en-us/articles/4408810654235-How-to-insert-personalization-into-text-blocks,content/How-to-insert-personalization-into-text-blocks-4408810654235.md,True,True,11396,https://dynamicycle.com/docs/articles-how-to-insert-personalization-into-text-blocks/
49375545220123,Use variable syntax and tags,Templates > Use variable syntax and tags,4414879524891,Content,content,115005258248,How to insert your company name and address to an email footer,https://help.klaviyo.com/hc/en-us/articles/115005258248-How-to-insert-your-company-name-and-address-to-an-email-footer,content/How-to-insert-your-company-name-and-address-to-an-email-footer-115005258248.md,True,True,11384,https://dynamicycle.com/docs/articles-how-to-insert-your-company-name-and-address-to-an-email-footer/
49375545220123,Use variable syntax and tags,Templates > Use variable syntax and tags,4414879524891,Content,content,25825620314651,How to skip lines in a dynamic table block,https://help.klaviyo.com/hc/en-us/articles/25825620314651-How-to-skip-lines-in-a-dynamic-table-block,content/How-to-skip-lines-in-a-dynamic-table-block-25825620314651.md,True,True,10445,
49375545220123,Use variable syntax and tags,Templates > Use variable syntax and tags,4414879524891,Content,content,115005255248,How to update a profile property when someone clicks a link,https://help.klaviyo.com/hc/en-us/articles/115005255248-How-to-update-a-profile-property-when-someone-clicks-a-link,content/How-to-update-a-profile-property-when-someone-clicks-a-link-115005255248.md,True,True,11452,https://dynamicycle.com/docs/articles-how-to-update-a-profile-property-when-someone-clicks-a-link/
49375545220123,Use variable syntax and tags,Templates > Use variable syntax and tags,4414879524891,Content,content,360058907911,How to use filters to customize variables,https://help.klaviyo.com/hc/en-us/articles/360058907911-How-to-use-filters-to-customize-variables,content/How-to-use-filters-to-customize-variables-360058907911.md,True,True,11069,https://dynamicycle.com/docs/articles-how-to-use-filters-to-customize-variables/
49375545220123,Use variable syntax and tags,Templates > Use variable syntax and tags,4414879524891,Content,content,27843522951707,How to use the preview panel for message personalization,https://help.klaviyo.com/hc/en-us/articles/27843522951707-How-to-use-the-preview-panel-for-message-personalization,content/How-to-use-the-preview-panel-for-message-personalization-27843522951707.md,True,True,10423,
49375545220123,Use variable syntax and tags,Templates > Use variable syntax and tags,4414879524891,Content,content,4408802648731,Message personalization reference,https://help.klaviyo.com/hc/en-us/articles/4408802648731-Message-personalization-reference,content/Message-personalization-reference-4408802648731.md,True,True,10885,https://dynamicycle.com/docs/articles-message-personalization-reference/
49375845122587,Automations,Automations,14234163769755,Conversations,conversations,34158391513627,Getting started with SMS automations,https://help.klaviyo.com/hc/en-us/articles/34158391513627-Getting-started-with-SMS-automations,conversations/Getting-started-with-SMS-automations-34158391513627.md,True,True,10381,
49375845122587,Automations,Automations,14234163769755,Conversations,conversations,34158785231515,How to create a SMS and RCS automation,https://help.klaviyo.com/hc/en-us/articles/34158785231515-How-to-create-a-SMS-and-RCS-automation,conversations/How-to-create-a-SMS-and-RCS-automation-34158785231515.md,True,True,10839,https://dynamicycle.com/docs/articles-how-to-create-a-sms-and-rcs-automation/
49375845122587,Automations,Automations,14234163769755,Conversations,conversations,40116727375771,How to create a WhatsApp automation,https://help.klaviyo.com/hc/en-us/articles/40116727375771-How-to-create-a-WhatsApp-automation,conversations/How-to-create-a-WhatsApp-automation-40116727375771.md,True,True,10330,
49375845122587,Automations,Automations,14234163769755,Conversations,conversations,34174737534363,"How to edit, turn off, or delete automations",https://help.klaviyo.com/hc/en-us/articles/34174737534363-How-to-edit-turn-off-or-delete-automations,"conversations/How-to-edit,-turn-off,-or-delete-automations-34174737534363.md",True,True,11112,https://dynamicycle.com/docs/articles-how-to-edit-turn-off-or-delete-automations/
49375845122587,Automations,Automations,14234163769755,Conversations,conversations,34175751807515,How to preview automations,https://help.klaviyo.com/hc/en-us/articles/34175751807515-How-to-preview-automations,conversations/How-to-preview-automations-34175751807515.md,True,True,10948,https://dynamicycle.com/docs/articles-how-to-preview-automations/
49375845122587,Automations,Automations,14234163769755,Conversations,conversations,34174623457051,How to view analytics for an automation,https://help.klaviyo.com/hc/en-us/articles/34174623457051-How-to-view-analytics-for-an-automation,conversations/How-to-view-analytics-for-an-automation-34174623457051.md,True,True,11033,https://dynamicycle.com/docs/articles-how-to-view-analytics-for-an-automation/
49375900228635,Customer Agent,Customer Agent,14234163769755,Conversations,conversations,44813293727131,Customer Agent event data reference,https://help.klaviyo.com/hc/en-us/articles/44813293727131-Customer-Agent-event-data-reference,conversations/Customer-Agent-event-data-reference-44813293727131.md,True,True,10276,
49375900228635,Customer Agent,Customer Agent,14234163769755,Conversations,conversations,37659268052635,Getting started with Customer Agent,https://help.klaviyo.com/hc/en-us/articles/37659268052635-Getting-started-with-Customer-Agent,conversations/Getting-started-with-Customer-Agent-37659268052635.md,True,True,10352,
49375900228635,Customer Agent,Customer Agent,14234163769755,Conversations,conversations,47313754407323,Guide to using customer agent on SMS,https://help.klaviyo.com/hc/en-us/articles/47313754407323-Guide-to-using-customer-agent-on-SMS,conversations/Guide-to-using-customer-agent-on-SMS-47313754407323.md,True,True,10240,
49375900228635,Customer Agent,Customer Agent,14234163769755,Conversations,conversations,40418535535387,How to add and manage content,https://help.klaviyo.com/hc/en-us/articles/40418535535387-How-to-add-and-manage-content,conversations/How-to-add-and-manage-content-40418535535387.md,True,True,11170,https://dynamicycle.com/docs/articles-how-to-add-and-manage-content/
49375900228635,Customer Agent,Customer Agent,14234163769755,Conversations,conversations,45985054509467,How to automatically sync website content for Customer Agent,https://help.klaviyo.com/hc/en-us/articles/45985054509467-How-to-automatically-sync-website-content-for-Customer-Agent,conversations/How-to-automatically-sync-website-content-for-Customer-Agent-45985054509467.md,True,True,10261,
49375900228635,Customer Agent,Customer Agent,14234163769755,Conversations,conversations,44483282667163,How to launch your Customer Agent,https://help.klaviyo.com/hc/en-us/articles/44483282667163-How-to-launch-your-Customer-Agent,conversations/How-to-launch-your-Customer-Agent-44483282667163.md,True,True,10282,
49375900228635,Customer Agent,Customer Agent,14234163769755,Conversations,conversations,42533189094811,How to set your tone of voice,https://help.klaviyo.com/hc/en-us/articles/42533189094811-How-to-set-your-tone-of-voice,conversations/How-to-set-your-tone-of-voice-42533189094811.md,True,True,10302,
49375900228635,Customer Agent,Customer Agent,14234163769755,Conversations,conversations,37659457059739,How to test your Customer Agent,https://help.klaviyo.com/hc/en-us/articles/37659457059739-How-to-test-your-Customer-Agent,conversations/How-to-test-your-Customer-Agent-37659457059739.md,True,True,10946,https://dynamicycle.com/docs/articles-how-to-test-your-customer-agent/
49375900228635,Customer Agent,Customer Agent,14234163769755,Conversations,conversations,44177833708571,How to use coupon retrieval with the Customer Agent,https://help.klaviyo.com/hc/en-us/articles/44177833708571-How-to-use-coupon-retrieval-with-the-Customer-Agent,conversations/How-to-use-coupon-retrieval-with-the-Customer-Agent-44177833708571.md,True,True,10289,
49375900228635,Customer Agent,Customer Agent,14234163769755,Conversations,conversations,47792322896667,How to use the Loyalty skill,https://help.klaviyo.com/hc/en-us/articles/47792322896667-How-to-use-the-Loyalty-skill,conversations/How-to-use-the-Loyalty-skill-47792322896667.md,True,True,10237,
49375900228635,Customer Agent,Customer Agent,14234163769755,Conversations,conversations,46881677361435,How to use the Order Editing skill,https://help.klaviyo.com/hc/en-us/articles/46881677361435-How-to-use-the-Order-Editing-skill,conversations/How-to-use-the-Order-Editing-skill-46881677361435.md,True,True,10246,
49375900228635,Customer Agent,Customer Agent,14234163769755,Conversations,conversations,46881399074331,How to use the Returns and Exchanges skill,https://help.klaviyo.com/hc/en-us/articles/46881399074331-How-to-use-the-Returns-and-Exchanges-skill,conversations/How-to-use-the-Returns-and-Exchanges-skill-46881399074331.md,True,True,10247,
49375900228635,Customer Agent,Customer Agent,14234163769755,Conversations,conversations,47635125037595,How to use the Subscriptions skill,https://help.klaviyo.com/hc/en-us/articles/47635125037595-How-to-use-the-Subscriptions-skill,conversations/How-to-use-the-Subscriptions-skill-47635125037595.md,True,True,10239,
49375900228635,Customer Agent,Customer Agent,14234163769755,Conversations,conversations,37659474656027,Managing Customer Agent settings,https://help.klaviyo.com/hc/en-us/articles/37659474656027-Managing-Customer-Agent-settings,conversations/Managing-Customer-Agent-settings-37659474656027.md,True,True,11111,https://dynamicycle.com/docs/articles-managing-customer-agent-settings/
49375900228635,Customer Agent,Customer Agent,14234163769755,Conversations,conversations,40496146232219,Understand how KlaviyoAIBot works,https://help.klaviyo.com/hc/en-us/articles/40496146232219-Understand-how-KlaviyoAIBot-works,conversations/Understand-how-KlaviyoAIBot-works-40496146232219.md,True,True,11234,https://dynamicycle.com/docs/articles-understand-how-klaviyoaibot-works/
49375900228635,Customer Agent,Customer Agent,14234163769755,Conversations,conversations,45769973148571,Understanding Skills,https://help.klaviyo.com/hc/en-us/articles/45769973148571-Understanding-Skills,conversations/Understanding-Skills-45769973148571.md,True,True,10265,
49375900228635,Customer Agent,Customer Agent,14234163769755,Conversations,conversations,37659296009883,Understanding how Customer Agent works,https://help.klaviyo.com/hc/en-us/articles/37659296009883-Understanding-how-Customer-Agent-works,conversations/Understanding-how-Customer-Agent-works-37659296009883.md,True,True,10837,https://dynamicycle.com/docs/articles-understanding-how-customer-agent-works/
49375900228635,Customer Agent,Customer Agent,14234163769755,Conversations,conversations,37659376435483,Understanding the performance dashboard,https://help.klaviyo.com/hc/en-us/articles/37659376435483-Understanding-the-performance-dashboard,conversations/Understanding-the-performance-dashboard-37659376435483.md,True,True,11031,https://dynamicycle.com/docs/articles-understanding-the-performance-dashboard/
49375591462811,Configure and use Helpdesk,Helpdesk > Configure and use Helpdesk,14234163769755,Conversations,conversations,45953417955867,Ticket History: View and Manage Past Interactions,https://help.klaviyo.com/hc/en-us/articles/45953417955867-Ticket-History-View-and-Manage-Past-Interactions,conversations/Ticket-History-View-and-Manage-Past-Interactions-45953417955867.md,True,True,10263,
49191914194587,Guidance,Guidance,48274996158235,Customer Agent,customer-agent,50527904871835,Customer Agent in your customer's language,https://help.klaviyo.com/hc/en-us/articles/50527904871835-Customer-Agent-in-your-customer-s-language,customer-agent/Customer-Agent-in-your-customer's-language-50527904871835.md,True,True,11543,https://dynamicycle.com/docs/articles-customer-agent-in-your-customer-s-language/
49191914194587,Guidance,Guidance,48274996158235,Customer Agent,customer-agent,49761952891163,How to configure communication style rules,https://help.klaviyo.com/hc/en-us/articles/49761952891163-How-to-configure-communication-style-rules,customer-agent/How-to-configure-communication-style-rules-49761952891163.md,True,True,11549,https://dynamicycle.com/docs/articles-how-to-configure-communication-style-rules/
49191914194587,Guidance,Guidance,48274996158235,Customer Agent,customer-agent,49761962013595,How to configure escalation rules,https://help.klaviyo.com/hc/en-us/articles/49761962013595-How-to-configure-escalation-rules,customer-agent/How-to-configure-escalation-rules-49761962013595.md,True,True,11546,https://dynamicycle.com/docs/articles-how-to-configure-escalation-rules/
49191914194587,Guidance,Guidance,48274996158235,Customer Agent,customer-agent,49680009548699,How to write your brand summary,https://help.klaviyo.com/hc/en-us/articles/49680009548699-How-to-write-your-brand-summary,customer-agent/How-to-write-your-brand-summary-49680009548699.md,True,True,11553,https://dynamicycle.com/docs/articles-how-to-write-your-brand-summary/
49191914194587,Guidance,Guidance,48274996158235,Customer Agent,customer-agent,48155927563547,Understanding Guidance,https://help.klaviyo.com/hc/en-us/articles/48155927563547-Understanding-Guidance,customer-agent/Understanding-Guidance-48155927563547.md,True,True,11557,https://dynamicycle.com/docs/articles-understanding-guidance/
49192910266011,Launch,Launch,48274996158235,Customer Agent,customer-agent,49680340021915,How to launch Customer Agent on WhatsApp,https://help.klaviyo.com/hc/en-us/articles/49680340021915-How-to-launch-Customer-Agent-on-WhatsApp,customer-agent/How-to-launch-Customer-Agent-on-WhatsApp-49680340021915.md,True,True,11552,https://dynamicycle.com/docs/articles-how-to-launch-customer-agent-on-whatsapp/
49192766741147,Skills,Skills,48274996158235,Customer Agent,customer-agent,49680495496987,How to create a Procedure (Beta),https://help.klaviyo.com/hc/en-us/articles/49680495496987-How-to-create-a-Procedure-Beta,customer-agent/How-to-create-a-Procedure-(Beta)-49680495496987.md,True,True,11571,https://dynamicycle.com/docs/articles-how-to-create-a-procedure-beta-49680495496987/
49192766741147,Skills,Skills,48274996158235,Customer Agent,customer-agent,49680548955163,How to create a Procedure (Beta),https://help.klaviyo.com/hc/en-us/articles/49680548955163-How-to-create-a-Procedure-Beta,customer-agent/How-to-create-a-Procedure-(Beta)-49680548955163.md,True,True,11569,https://dynamicycle.com/docs/articles-how-to-create-a-procedure-beta-49680548955163/
49192766741147,Skills,Skills,48274996158235,Customer Agent,customer-agent,49680557891355,How to create a Procedure (Beta),https://help.klaviyo.com/hc/en-us/articles/49680557891355-How-to-create-a-Procedure-Beta,customer-agent/How-to-create-a-Procedure-(Beta)-49680557891355.md,True,True,11570,https://dynamicycle.com/docs/articles-how-to-create-a-procedure-beta-49680557891355/
49192766741147,Skills,Skills,48274996158235,Customer Agent,customer-agent,49761932711067,How to create a Skill (Beta),https://help.klaviyo.com/hc/en-us/articles/49761932711067-How-to-create-a-Skill-Beta,customer-agent/How-to-create-a-Skill-(Beta)-49761932711067.md,True,True,11547,https://dynamicycle.com/docs/articles-how-to-create-a-skill-beta/
49192766741147,Skills,Skills,48274996158235,Customer Agent,customer-agent,49679774579611,Understanding Procedures vs. Tools,https://help.klaviyo.com/hc/en-us/articles/49679774579611-Understanding-Procedures-vs-Tools,customer-agent/Understanding-Procedures-vs.-Tools-49679774579611.md,True,True,11574,https://dynamicycle.com/docs/articles-understanding-procedures-vs-tools-49679774579611/
49192766741147,Skills,Skills,48274996158235,Customer Agent,customer-agent,49679804535707,Understanding Procedures vs. Tools,https://help.klaviyo.com/hc/en-us/articles/49679804535707-Understanding-Procedures-vs-Tools,customer-agent/Understanding-Procedures-vs.-Tools-49679804535707.md,True,True,11554,https://dynamicycle.com/docs/articles-understanding-procedures-vs-tools-49679804535707/
49192766741147,Skills,Skills,48274996158235,Customer Agent,customer-agent,49679835212059,Understanding Procedures vs. Tools,https://help.klaviyo.com/hc/en-us/articles/49679835212059-Understanding-Procedures-vs-Tools,customer-agent/Understanding-Procedures-vs.-Tools-49679835212059.md,True,True,11572,https://dynamicycle.com/docs/articles-understanding-procedures-vs-tools-49679835212059/
49192766741147,Skills,Skills,48274996158235,Customer Agent,customer-agent,49761954967707,Understanding Skills vs. Tools,https://help.klaviyo.com/hc/en-us/articles/49761954967707-Understanding-Skills-vs-Tools,customer-agent/Understanding-Skills-vs.-Tools-49761954967707.md,True,True,11548,https://dynamicycle.com/docs/articles-understanding-skills-vs-tools/
49994543708315,Tools,Tools,48274996158235,Customer Agent,customer-agent,49994492261787,How to create a Tool (Beta),https://help.klaviyo.com/hc/en-us/articles/49994492261787-How-to-create-a-Tool-Beta,customer-agent/How-to-create-a-Tool-(Beta)-49994492261787.md,True,True,11544,https://dynamicycle.com/docs/articles-how-to-create-a-tool-beta/
49994543708315,Tools,Tools,48274996158235,Customer Agent,customer-agent,49994508239131,Understanding Tools,https://help.klaviyo.com/hc/en-us/articles/49994508239131-Understanding-Tools,customer-agent/Understanding-Tools-49994508239131.md,True,True,11545,https://dynamicycle.com/docs/articles-understanding-tools/
48275014799387,Training,Training,48274996158235,Customer Agent,customer-agent,49679733672347,How to create a Procedure (Beta),https://help.klaviyo.com/hc/en-us/articles/49679733672347-How-to-create-a-Procedure-Beta,customer-agent/How-to-create-a-Procedure-(Beta)-49679733672347.md,True,True,11550,https://dynamicycle.com/docs/articles-how-to-create-a-procedure-beta-49679733672347/
48275014799387,Training,Training,48274996158235,Customer Agent,customer-agent,49679796055451,How to create a Procedure (Beta),https://help.klaviyo.com/hc/en-us/articles/49679796055451-How-to-create-a-Procedure-Beta,customer-agent/How-to-create-a-Procedure-(Beta)-49679796055451.md,True,True,11575,https://dynamicycle.com/docs/articles-how-to-create-a-procedure-beta-49679796055451/
48275014799387,Training,Training,48274996158235,Customer Agent,customer-agent,49679830641691,How to create a Procedure (Beta),https://help.klaviyo.com/hc/en-us/articles/49679830641691-How-to-create-a-Procedure-Beta,customer-agent/How-to-create-a-Procedure-(Beta)-49679830641691.md,True,True,11573,https://dynamicycle.com/docs/articles-how-to-create-a-procedure-beta-49679830641691/
48275014799387,Training,Training,48274996158235,Customer Agent,customer-agent,48920080799899,Multi Email Profiles,https://help.klaviyo.com/hc/en-us/articles/48920080799899-Multi-Email-Profiles,customer-agent/Multi-Email-Profiles-48920080799899.md,True,True,11556,https://dynamicycle.com/docs/articles-multi-email-profiles-48920080799899/
49375855492123,Build and use Customer Hub,Set up Customer Hub > Build and use Customer Hub,34141283979931,Customer Hub,customer-hub,43506836897563,Get Customer Hub performance metrics delivered via Performance Digest Emails,https://help.klaviyo.com/hc/en-us/articles/43506836897563-Get-Customer-Hub-performance-metrics-delivered-via-Performance-Digest-Emails,customer-hub/Get-Customer-Hub-performance-metrics-delivered-via-Performance-Digest-Emails-43506836897563.md,True,True,10292,
49375855492123,Build and use Customer Hub,Set up Customer Hub > Build and use Customer Hub,34141283979931,Customer Hub,customer-hub,43956692620059,"How to add a Favorites link (icon, text, or button) to your Shopify header",https://help.klaviyo.com/hc/en-us/articles/43956692620059-How-to-add-a-Favorites-link-icon-text-or-button-to-your-Shopify-header,"customer-hub/How-to-add-a-Favorites-link-(icon,-text,-or-button)-to-your-Shopify-header-43956692620059.md",True,True,10290,
49375855492123,Build and use Customer Hub,Set up Customer Hub > Build and use Customer Hub,34141283979931,Customer Hub,customer-hub,33660636674843,How to add a help button to the Customer Hub orders tab,https://help.klaviyo.com/hc/en-us/articles/33660636674843-How-to-add-a-help-button-to-the-Customer-Hub-orders-tab,customer-hub/How-to-add-a-help-button-to-the-Customer-Hub-orders-tab-33660636674843.md,True,True,11236,https://dynamicycle.com/docs/articles-how-to-add-a-help-button-to-the-customer-hub-orders-tab/
49375855492123,Build and use Customer Hub,Set up Customer Hub > Build and use Customer Hub,34141283979931,Customer Hub,customer-hub,36400427885979,How to create FAQs for your Customer Hub and product pages,https://help.klaviyo.com/hc/en-us/articles/36400427885979-How-to-create-FAQs-for-your-Customer-Hub-and-product-pages,customer-hub/How-to-create-FAQs-for-your-Customer-Hub-and-product-pages-36400427885979.md,True,True,11172,https://dynamicycle.com/docs/articles-how-to-create-faqs-for-your-customer-hub-and-product-pages/
49375855492123,Build and use Customer Hub,Set up Customer Hub > Build and use Customer Hub,34141283979931,Customer Hub,customer-hub,33660517680795,How to create content blocks for Customer Hub,https://help.klaviyo.com/hc/en-us/articles/33660517680795-How-to-create-content-blocks-for-Customer-Hub,customer-hub/How-to-create-content-blocks-for-Customer-Hub-33660517680795.md,True,True,10842,https://dynamicycle.com/docs/articles-how-to-create-content-blocks-for-customer-hub/
49375855492123,Build and use Customer Hub,Set up Customer Hub > Build and use Customer Hub,34141283979931,Customer Hub,customer-hub,33660504643867,How to display product recommendations in Customer Hub,https://help.klaviyo.com/hc/en-us/articles/33660504643867-How-to-display-product-recommendations-in-Customer-Hub,customer-hub/How-to-display-product-recommendations-in-Customer-Hub-33660504643867.md,False,False,,
49375855492123,Build and use Customer Hub,Set up Customer Hub > Build and use Customer Hub,34141283979931,Customer Hub,customer-hub,36998789661595,How to leverage favorites in flows,https://help.klaviyo.com/hc/en-us/articles/36998789661595-How-to-leverage-favorites-in-flows,customer-hub/How-to-leverage-favorites-in-flows-36998789661595.md,True,True,11278,https://dynamicycle.com/docs/articles-how-to-leverage-favorites-in-flows/
49375855492123,Build and use Customer Hub,Set up Customer Hub > Build and use Customer Hub,34141283979931,Customer Hub,customer-hub,39273771656987,How to set up coupons for Customer Hub,https://help.klaviyo.com/hc/en-us/articles/39273771656987-How-to-set-up-coupons-for-Customer-Hub,customer-hub/How-to-set-up-coupons-for-Customer-Hub-39273771656987.md,True,True,11110,https://dynamicycle.com/docs/articles-how-to-set-up-coupons-for-customer-hub/
49375855492123,Build and use Customer Hub,Set up Customer Hub > Build and use Customer Hub,34141283979931,Customer Hub,customer-hub,42782506830107,How to set up the Add to Cart Widget in Customer Hub,https://help.klaviyo.com/hc/en-us/articles/42782506830107-How-to-set-up-the-Add-to-Cart-Widget-in-Customer-Hub,customer-hub/How-to-set-up-the-Add-to-Cart-Widget-in-Customer-Hub-42782506830107.md,True,True,12697,https://dynamicycle.com/docs/articles-how-to-set-up-the-add-to-cart-widget-in-customer-hub/
49375855492123,Build and use Customer Hub,Set up Customer Hub > Build and use Customer Hub,34141283979931,Customer Hub,customer-hub,33660543083419,How to show favorite buttons on your site and in Customer Hub,https://help.klaviyo.com/hc/en-us/articles/33660543083419-How-to-show-favorite-buttons-on-your-site-and-in-Customer-Hub,customer-hub/How-to-show-favorite-buttons-on-your-site-and-in-Customer-Hub-33660543083419.md,True,True,10950,https://dynamicycle.com/docs/articles-how-to-show-favorite-buttons-on-your-site-and-in-customer-hub/
49375855492123,Build and use Customer Hub,Set up Customer Hub > Build and use Customer Hub,34141283979931,Customer Hub,customer-hub,33660482389659,How to style your Customer Hub,https://help.klaviyo.com/hc/en-us/articles/33660482389659-How-to-style-your-Customer-Hub,customer-hub/How-to-style-your-Customer-Hub-33660482389659.md,True,True,10388,
49375855492123,Build and use Customer Hub,Set up Customer Hub > Build and use Customer Hub,34141283979931,Customer Hub,customer-hub,44768355991195,How to use Customer Hub with Shopify Markets,https://help.klaviyo.com/hc/en-us/articles/44768355991195-How-to-use-Customer-Hub-with-Shopify-Markets,customer-hub/How-to-use-Customer-Hub-with-Shopify-Markets-44768355991195.md,True,True,10277,
49375871281947,Getting started with Customer Hub,Set up Customer Hub > Getting started with Customer Hub,34141283979931,Customer Hub,customer-hub,33660324811675,Getting started with Customer Hub,https://help.klaviyo.com/hc/en-us/articles/33660324811675-Getting-started-with-Customer-Hub,customer-hub/Getting-started-with-Customer-Hub-33660324811675.md,True,True,10390,
49375871281947,Getting started with Customer Hub,Set up Customer Hub > Getting started with Customer Hub,34141283979931,Customer Hub,customer-hub,47792369863451,Getting started with Customer Hub for WooCommerce,https://help.klaviyo.com/hc/en-us/articles/47792369863451-Getting-started-with-Customer-Hub-for-WooCommerce,customer-hub/Getting-started-with-Customer-Hub-for-WooCommerce-47792369863451.md,True,True,10236,
49375871281947,Getting started with Customer Hub,Set up Customer Hub > Getting started with Customer Hub,34141283979931,Customer Hub,customer-hub,35094079400219,Guide to email and SMS consent collection in the Customer Hub,https://help.klaviyo.com/hc/en-us/articles/35094079400219-Guide-to-email-and-SMS-consent-collection-in-the-Customer-Hub,customer-hub/Guide-to-email-and-SMS-consent-collection-in-the-Customer-Hub-35094079400219.md,True,True,10947,https://dynamicycle.com/docs/articles-guide-to-email-and-sms-consent-collection-in-the-customer-hub/
49375871281947,Getting started with Customer Hub,Set up Customer Hub > Getting started with Customer Hub,34141283979931,Customer Hub,customer-hub,47987855301659,How to Create a Personalized Onsite Banner,https://help.klaviyo.com/hc/en-us/articles/47987855301659-How-to-Create-a-Personalized-Onsite-Banner,customer-hub/How-to-Create-a-Personalized-Onsite-Banner-47987855301659.md,True,True,10235,
49375871281947,Getting started with Customer Hub,Set up Customer Hub > Getting started with Customer Hub,34141283979931,Customer Hub,customer-hub,41537373957787,How to localize Customer Hub for multi-language stores,https://help.klaviyo.com/hc/en-us/articles/41537373957787-How-to-localize-Customer-Hub-for-multi-language-stores,customer-hub/How-to-localize-Customer-Hub-for-multi-language-stores-41537373957787.md,True,True,10309,
49375871281947,Getting started with Customer Hub,Set up Customer Hub > Getting started with Customer Hub,34141283979931,Customer Hub,customer-hub,41413854379291,How to set up Customer Hub with Headless Shopify,https://help.klaviyo.com/hc/en-us/articles/41413854379291-How-to-set-up-Customer-Hub-with-Headless-Shopify,customer-hub/How-to-set-up-Customer-Hub-with-Headless-Shopify-41413854379291.md,True,True,10310,
49375871281947,Getting started with Customer Hub,Set up Customer Hub > Getting started with Customer Hub,34141283979931,Customer Hub,customer-hub,33660581127963,Understanding how coupons work for Customer Hub,https://help.klaviyo.com/hc/en-us/articles/33660581127963-Understanding-how-coupons-work-for-Customer-Hub,customer-hub/Understanding-how-coupons-work-for-Customer-Hub-33660581127963.md,True,True,11316,https://dynamicycle.com/docs/articles-understanding-how-coupons-work-for-customer-hub/
49375871281947,Getting started with Customer Hub,Set up Customer Hub > Getting started with Customer Hub,34141283979931,Customer Hub,customer-hub,33660382797595,Understanding the Customer Hub overview dashboard,https://help.klaviyo.com/hc/en-us/articles/33660382797595-Understanding-the-Customer-Hub-overview-dashboard,customer-hub/Understanding-the-Customer-Hub-overview-dashboard-33660382797595.md,True,True,10843,https://dynamicycle.com/docs/articles-understanding-the-customer-hub-overview-dashboard/
49375862170267,Integrate other platforms with Customer Hub,Set up Customer Hub > Integrate other platforms with Customer Hub,34141283979931,Customer Hub,customer-hub,33660687711771,How to connect Gorgias to Customer Hub,https://help.klaviyo.com/hc/en-us/articles/33660687711771-How-to-connect-Gorgias-to-Customer-Hub,customer-hub/How-to-connect-Gorgias-to-Customer-Hub-33660687711771.md,True,True,10949,https://dynamicycle.com/docs/articles-how-to-connect-gorgias-to-customer-hub/
49375862170267,Integrate other platforms with Customer Hub,Set up Customer Hub > Integrate other platforms with Customer Hub,34141283979931,Customer Hub,customer-hub,33660672085019,How to connect Smile.io to Customer Hub,https://help.klaviyo.com/hc/en-us/articles/33660672085019-How-to-connect-Smile-io-to-Customer-Hub,customer-hub/How-to-connect-Smile.io-to-Customer-Hub-33660672085019.md,True,True,11113,https://dynamicycle.com/docs/articles-how-to-connect-smile-io-to-customer-hub/
49375862170267,Integrate other platforms with Customer Hub,Set up Customer Hub > Integrate other platforms with Customer Hub,34141283979931,Customer Hub,customer-hub,38357331656347,How to connect an order tracking provider to Customer Hub,https://help.klaviyo.com/hc/en-us/articles/38357331656347-How-to-connect-an-order-tracking-provider-to-Customer-Hub,customer-hub/How-to-connect-an-order-tracking-provider-to-Customer-Hub-38357331656347.md,True,True,11030,https://dynamicycle.com/docs/articles-how-to-connect-an-order-tracking-provider-to-customer-hub/
49375862170267,Integrate other platforms with Customer Hub,Set up Customer Hub > Integrate other platforms with Customer Hub,34141283979931,Customer Hub,customer-hub,33660683592603,How to connect your returns provider to Customer Hub,https://help.klaviyo.com/hc/en-us/articles/33660683592603-How-to-connect-your-returns-provider-to-Customer-Hub,customer-hub/How-to-connect-your-returns-provider-to-Customer-Hub-33660683592603.md,True,True,10387,
49375862170267,Integrate other platforms with Customer Hub,Set up Customer Hub > Integrate other platforms with Customer Hub,34141283979931,Customer Hub,customer-hub,39786250669083,How to connect your subscriptions provider to Customer Hub,https://help.klaviyo.com/hc/en-us/articles/39786250669083-How-to-connect-your-subscriptions-provider-to-Customer-Hub,customer-hub/How-to-connect-your-subscriptions-provider-to-Customer-Hub-39786250669083.md,True,True,10338,
49375862170267,Integrate other platforms with Customer Hub,Set up Customer Hub > Integrate other platforms with Customer Hub,34141283979931,Customer Hub,customer-hub,33660618974491,How to show review star ratings in Customer Hub,https://help.klaviyo.com/hc/en-us/articles/33660618974491-How-to-show-review-star-ratings-in-Customer-Hub,customer-hub/How-to-show-review-star-ratings-in-Customer-Hub-33660618974491.md,True,True,10841,https://dynamicycle.com/docs/articles-how-to-show-review-star-ratings-in-customer-hub/
49375862170267,Integrate other platforms with Customer Hub,Set up Customer Hub > Integrate other platforms with Customer Hub,34141283979931,Customer Hub,customer-hub,46364536713755,Integrating Yotpo Loyalty & Referrals with Customer Hub,https://help.klaviyo.com/hc/en-us/articles/46364536713755-Integrating-Yotpo-Loyalty-Referrals-with-Customer-Hub,customer-hub/Integrating-Yotpo-Loyalty-&-Referrals-with-Customer-Hub-46364536713755.md,True,True,10259,
49375862170267,Integrate other platforms with Customer Hub,Set up Customer Hub > Integrate other platforms with Customer Hub,34141283979931,Customer Hub,customer-hub,36271755028507,Smile.io and Customer Hub integration reference,https://help.klaviyo.com/hc/en-us/articles/36271755028507-Smile-io-and-Customer-Hub-integration-reference,customer-hub/Smile.io-and-Customer-Hub-integration-reference-36271755028507.md,True,True,11173,https://dynamicycle.com/docs/articles-smile-io-and-customer-hub-integration-reference/
49375836735387,Use web chat,Use web chat,34141283979931,Customer Hub,customer-hub,33660391549211,Getting started with web chat,https://help.klaviyo.com/hc/en-us/articles/33660391549211-Getting-started-with-web-chat,customer-hub/Getting-started-with-web-chat-33660391549211.md,True,True,10389,
49375836735387,Use web chat,Use web chat,34141283979931,Customer Hub,customer-hub,38298315322907,How to configure office hours for web chat,https://help.klaviyo.com/hc/en-us/articles/38298315322907-How-to-configure-office-hours-for-web-chat,customer-hub/How-to-configure-office-hours-for-web-chat-38298315322907.md,True,True,10834,https://dynamicycle.com/docs/articles-how-to-configure-office-hours-for-web-chat/
49375398329243,Consent and privacy,"Compliance, consent, and data privacy > Consent and privacy",115000873988,Deliverability & compliance,deliverability-compliance,4404203889947,Understanding explicit vs. implicit consent,https://help.klaviyo.com/hc/en-us/articles/4404203889947-Understanding-explicit-vs-implicit-consent,deliverability-compliance/Understanding-explicit-vs.-implicit-consent-4404203889947.md,True,True,10608,
49375398329243,Consent and privacy,"Compliance, consent, and data privacy > Consent and privacy",115000873988,Deliverability & compliance,deliverability-compliance,26024442679835,Understanding transactional messages,https://help.klaviyo.com/hc/en-us/articles/26024442679835-Understanding-transactional-messages,deliverability-compliance/Understanding-transactional-messages-26024442679835.md,True,True,10439,
49375384641435,Klaviyo compliance,"Compliance, consent, and data privacy > Klaviyo compliance",115000873988,Deliverability & compliance,deliverability-compliance,360038973652,How to comply with data privacy laws,https://help.klaviyo.com/hc/en-us/articles/360038973652-How-to-comply-with-data-privacy-laws,deliverability-compliance/How-to-comply-with-data-privacy-laws-360038973652.md,True,True,10679,
49375384641435,Klaviyo compliance,"Compliance, consent, and data privacy > Klaviyo compliance",115000873988,Deliverability & compliance,deliverability-compliance,360002117891,How to get your full email header,https://help.klaviyo.com/hc/en-us/articles/360002117891-How-to-get-your-full-email-header,deliverability-compliance/How-to-get-your-full-email-header-360002117891.md,True,True,11085,https://dynamicycle.com/docs/articles-how-to-get-your-full-email-header/
49375384641435,Klaviyo compliance,"Compliance, consent, and data privacy > Klaviyo compliance",115000873988,Deliverability & compliance,deliverability-compliance,115000308972,Understanding Klaviyo's anti-abuse and campaign performance monitoring,https://help.klaviyo.com/hc/en-us/articles/115000308972-Understanding-Klaviyo-s-anti-abuse-and-campaign-performance-monitoring,deliverability-compliance/Understanding-Klaviyo's-anti-abuse-and-campaign-performance-monitoring-115000308972.md,True,True,11016,https://dynamicycle.com/docs/articles-understanding-klaviyo-s-anti-abuse-and-campaign-performance-monitoring/
49375384641435,Klaviyo compliance,"Compliance, consent, and data privacy > Klaviyo compliance",115000873988,Deliverability & compliance,deliverability-compliance,360002057172,Understanding compliant lists,https://help.klaviyo.com/hc/en-us/articles/360002057172-Understanding-compliant-lists,deliverability-compliance/Understanding-compliant-lists-360002057172.md,True,True,10913,https://dynamicycle.com/docs/articles-understanding-compliant-lists/
49375384641435,Klaviyo compliance,"Compliance, consent, and data privacy > Klaviyo compliance",115000873988,Deliverability & compliance,deliverability-compliance,4403357054363,Understanding how third-party cookie updates affect Klaviyo tracking,https://help.klaviyo.com/hc/en-us/articles/4403357054363-Understanding-how-third-party-cookie-updates-affect-Klaviyo-tracking,deliverability-compliance/Understanding-how-third-party-cookie-updates-affect-Klaviyo-tracking-4403357054363.md,True,True,10612,
49375384641435,Klaviyo compliance,"Compliance, consent, and data privacy > Klaviyo compliance",115000873988,Deliverability & compliance,deliverability-compliance,115000628531,Understanding suspicious templates in Klaviyo,https://help.klaviyo.com/hc/en-us/articles/115000628531-Understanding-suspicious-templates-in-Klaviyo,deliverability-compliance/Understanding-suspicious-templates-in-Klaviyo-115000628531.md,True,True,11154,https://dynamicycle.com/docs/articles-understanding-suspicious-templates-in-klaviyo/
49375384641435,Klaviyo compliance,"Compliance, consent, and data privacy > Klaviyo compliance",115000873988,Deliverability & compliance,deliverability-compliance,115000628331,Understanding the account verification check,https://help.klaviyo.com/hc/en-us/articles/115000628331-Understanding-the-account-verification-check,deliverability-compliance/Understanding-the-account-verification-check-115000628331.md,True,True,10797,https://dynamicycle.com/docs/articles-understanding-the-account-verification-check/
49375400846107,Deliverability best practices and tools,Email deliverability > Deliverability best practices and tools,115000873988,Deliverability & compliance,deliverability-compliance,115002565892,How to market to profiles you shouldn't email,https://help.klaviyo.com/hc/en-us/articles/115002565892-How-to-market-to-profiles-you-shouldn-t-email,deliverability-compliance/How-to-market-to-profiles-you-shouldn't-email-115002565892.md,True,True,10793,https://dynamicycle.com/docs/articles-how-to-market-to-profiles-you-shouldn-t-email/
49375400846107,Deliverability best practices and tools,Email deliverability > Deliverability best practices and tools,115000873988,Deliverability & compliance,deliverability-compliance,10767213384859,How to re-engage an old email list,https://help.klaviyo.com/hc/en-us/articles/10767213384859-How-to-re-engage-an-old-email-list,deliverability-compliance/How-to-re-engage-an-old-email-list-10767213384859.md,True,True,10570,
49375400846107,Deliverability best practices and tools,Email deliverability > Deliverability best practices and tools,115000873988,Deliverability & compliance,deliverability-compliance,360015537111,How to remove spam traps from your account,https://help.klaviyo.com/hc/en-us/articles/360015537111-How-to-remove-spam-traps-from-your-account,deliverability-compliance/How-to-remove-spam-traps-from-your-account-360015537111.md,True,True,10786,https://dynamicycle.com/docs/articles-how-to-remove-spam-traps-from-your-account/
49375400846107,Deliverability best practices and tools,Email deliverability > Deliverability best practices and tools,115000873988,Deliverability & compliance,deliverability-compliance,8983758025883,How to repair your sender reputation,https://help.klaviyo.com/hc/en-us/articles/8983758025883-How-to-repair-your-sender-reputation,deliverability-compliance/How-to-repair-your-sender-reputation-8983758025883.md,True,True,10576,
49375400846107,Deliverability best practices and tools,Email deliverability > Deliverability best practices and tools,115000873988,Deliverability & compliance,deliverability-compliance,12995016978075,How to strengthen your sender reputation for a specific country,https://help.klaviyo.com/hc/en-us/articles/12995016978075-How-to-strengthen-your-sender-reputation-for-a-specific-country,deliverability-compliance/How-to-strengthen-your-sender-reputation-for-a-specific-country-12995016978075.md,True,True,10558,
49375400846107,Deliverability best practices and tools,Email deliverability > Deliverability best practices and tools,115000873988,Deliverability & compliance,deliverability-compliance,115005250368,How to strengthen your sender reputation for a specific inbox provider or email domain,https://help.klaviyo.com/hc/en-us/articles/115005250368-How-to-strengthen-your-sender-reputation-for-a-specific-inbox-provider-or-email-domain,deliverability-compliance/How-to-strengthen-your-sender-reputation-for-a-specific-inbox-provider-or-email-domain-115005250368.md,True,True,11026,https://dynamicycle.com/docs/articles-how-to-strengthen-your-sender-reputation-for-a-specific-inbox-provider-or-email-domain/
49375400846107,Deliverability best practices and tools,Email deliverability > Deliverability best practices and tools,115000873988,Deliverability & compliance,deliverability-compliance,12034571748251,Troubleshooting why emails go to spam,https://help.klaviyo.com/hc/en-us/articles/12034571748251-Troubleshooting-why-emails-go-to-spam,deliverability-compliance/Troubleshooting-why-emails-go-to-spam-12034571748251.md,True,True,10562,
49375400846107,Deliverability best practices and tools,Email deliverability > Deliverability best practices and tools,115000873988,Deliverability & compliance,deliverability-compliance,115005078307,Understanding Gmail's tabbed inbox,https://help.klaviyo.com/hc/en-us/articles/115005078307-Understanding-Gmail-s-tabbed-inbox,deliverability-compliance/Understanding-Gmail's-tabbed-inbox-115005078307.md,True,True,11227,https://dynamicycle.com/docs/articles-understanding-gmail-s-tabbed-inbox/
49375400846107,Deliverability best practices and tools,Email deliverability > Deliverability best practices and tools,115000873988,Deliverability & compliance,deliverability-compliance,28311927819163,Understanding Klaviyo's reputation repair AI,https://help.klaviyo.com/hc/en-us/articles/28311927819163-Understanding-Klaviyo-s-reputation-repair-AI,deliverability-compliance/Understanding-Klaviyo's-reputation-repair-AI-28311927819163.md,True,True,10420,
49375400846107,Deliverability best practices and tools,Email deliverability > Deliverability best practices and tools,115000873988,Deliverability & compliance,deliverability-compliance,9890182538011,Understanding list bombing and how to remove fake profiles,https://help.klaviyo.com/hc/en-us/articles/9890182538011-Understanding-list-bombing-and-how-to-remove-fake-profiles,deliverability-compliance/Understanding-list-bombing-and-how-to-remove-fake-profiles-9890182538011.md,True,True,10572,
49375400846107,Deliverability best practices and tools,Email deliverability > Deliverability best practices and tools,115000873988,Deliverability & compliance,deliverability-compliance,115005250468,Understanding why some preview emails go to spam,https://help.klaviyo.com/hc/en-us/articles/115005250468-Understanding-why-some-preview-emails-go-to-spam,deliverability-compliance/Understanding-why-some-preview-emails-go-to-spam-115005250468.md,True,True,11099,https://dynamicycle.com/docs/articles-understanding-why-some-preview-emails-go-to-spam/
49375299121435,Getting started with email deliverability,Email deliverability > Getting started with email deliverability,115000873988,Deliverability & compliance,deliverability-compliance,360039295051,Deliverability glossary,https://help.klaviyo.com/hc/en-us/articles/360039295051-Deliverability-glossary,deliverability-compliance/Deliverability-glossary-360039295051.md,True,True,10680,
49375299121435,Getting started with email deliverability,Email deliverability > Getting started with email deliverability,115000873988,Deliverability & compliance,deliverability-compliance,35283141315099,Deliverability vs. delivery for each channel,https://help.klaviyo.com/hc/en-us/articles/35283141315099-Deliverability-vs-delivery-for-each-channel,deliverability-compliance/Deliverability-vs.-delivery-for-each-channel-35283141315099.md,True,True,10367,
49375299121435,Getting started with email deliverability,Email deliverability > Getting started with email deliverability,115000873988,Deliverability & compliance,deliverability-compliance,16425927010075,Email deliverability FAQs,https://help.klaviyo.com/hc/en-us/articles/16425927010075-Email-deliverability-FAQs,deliverability-compliance/Email-deliverability-FAQs-16425927010075.md,True,True,10533,
49375299121435,Getting started with email deliverability,Email deliverability > Getting started with email deliverability,115000873988,Deliverability & compliance,deliverability-compliance,25620771311643,Email deliverability best practices reference,https://help.klaviyo.com/hc/en-us/articles/25620771311643-Email-deliverability-best-practices-reference,deliverability-compliance/Email-deliverability-best-practices-reference-25620771311643.md,True,True,10446,
49375299121435,Getting started with email deliverability,Email deliverability > Getting started with email deliverability,115000873988,Deliverability & compliance,deliverability-compliance,25617578366491,How to test your email content to identify spam triggers,https://help.klaviyo.com/hc/en-us/articles/25617578366491-How-to-test-your-email-content-to-identify-spam-triggers,deliverability-compliance/How-to-test-your-email-content-to-identify-spam-triggers-25617578366491.md,True,True,10447,
49375299121435,Getting started with email deliverability,Email deliverability > Getting started with email deliverability,115000873988,Deliverability & compliance,deliverability-compliance,17976334449947,Understand role-based email addresses and their impact on deliverability,https://help.klaviyo.com/hc/en-us/articles/17976334449947-Understand-role-based-email-addresses-and-their-impact-on-deliverability,deliverability-compliance/Understand-role-based-email-addresses-and-their-impact-on-deliverability-17976334449947.md,True,True,10515,
49375299121435,Getting started with email deliverability,Email deliverability > Getting started with email deliverability,115000873988,Deliverability & compliance,deliverability-compliance,15268721014811,Understand the domains that play a role in email deliverability,https://help.klaviyo.com/hc/en-us/articles/15268721014811-Understand-the-domains-that-play-a-role-in-email-deliverability,deliverability-compliance/Understand-the-domains-that-play-a-role-in-email-deliverability-15268721014811.md,True,True,10547,
49375299121435,Getting started with email deliverability,Email deliverability > Getting started with email deliverability,115000873988,Deliverability & compliance,deliverability-compliance,22981852783899,Understanding bot clicks,https://help.klaviyo.com/hc/en-us/articles/22981852783899-Understanding-bot-clicks,deliverability-compliance/Understanding-bot-clicks-22981852783899.md,True,True,10470,
49375299121435,Getting started with email deliverability,Email deliverability > Getting started with email deliverability,115000873988,Deliverability & compliance,deliverability-compliance,7674941873947,Understanding branded vs. shared sending domains,https://help.klaviyo.com/hc/en-us/articles/7674941873947-Understanding-branded-vs-shared-sending-domains,deliverability-compliance/Understanding-branded-vs.-shared-sending-domains-7674941873947.md,True,True,10582,
49375299121435,Getting started with email deliverability,Email deliverability > Getting started with email deliverability,115000873988,Deliverability & compliance,deliverability-compliance,7675517826587,Understanding dedicated vs. shared IPs,https://help.klaviyo.com/hc/en-us/articles/7675517826587-Understanding-dedicated-vs-shared-IPs,deliverability-compliance/Understanding-dedicated-vs.-shared-IPs-7675517826587.md,True,True,10581,
49375299121435,Getting started with email deliverability,Email deliverability > Getting started with email deliverability,115000873988,Deliverability & compliance,deliverability-compliance,4402601857307,Understanding email authentication,https://help.klaviyo.com/hc/en-us/articles/4402601857307-Understanding-email-authentication,deliverability-compliance/Understanding-email-authentication-4402601857307.md,True,True,10614,
49375299121435,Getting started with email deliverability,Email deliverability > Getting started with email deliverability,115000873988,Deliverability & compliance,deliverability-compliance,115005247008,Understanding email deliverability,https://help.klaviyo.com/hc/en-us/articles/115005247008-Understanding-email-deliverability,deliverability-compliance/Understanding-email-deliverability-115005247008.md,True,True,10825,https://dynamicycle.com/docs/articles-understanding-email-deliverability/
49375299121435,Getting started with email deliverability,Email deliverability > Getting started with email deliverability,115000873988,Deliverability & compliance,deliverability-compliance,15332906406171,Understanding sender reputation,https://help.klaviyo.com/hc/en-us/articles/15332906406171-Understanding-sender-reputation,deliverability-compliance/Understanding-sender-reputation-15332906406171.md,True,True,10545,
49375299121435,Getting started with email deliverability,Email deliverability > Getting started with email deliverability,115000873988,Deliverability & compliance,deliverability-compliance,360055457791,Understanding what a branded sending subdomain is,https://help.klaviyo.com/hc/en-us/articles/360055457791-Understanding-what-a-branded-sending-subdomain-is,deliverability-compliance/Understanding-what-a-branded-sending-subdomain-is-360055457791.md,True,True,10638,
49375400060059,Monitor deliverability and metrics,Email deliverability > Monitor deliverability and metrics,115000873988,Deliverability & compliance,deliverability-compliance,115000201131,Getting started with email deliverability monitoring and performance metrics,https://help.klaviyo.com/hc/en-us/articles/115000201131-Getting-started-with-email-deliverability-monitoring-and-performance-metrics,deliverability-compliance/Getting-started-with-email-deliverability-monitoring-and-performance-metrics-115000201131.md,True,True,11266,https://dynamicycle.com/docs/articles-getting-started-with-email-deliverability-monitoring-and-performance-metrics/
49375400060059,Monitor deliverability and metrics,Email deliverability > Monitor deliverability and metrics,115000873988,Deliverability & compliance,deliverability-compliance,360057036052,How to decrease bounce rates,https://help.klaviyo.com/hc/en-us/articles/360057036052-How-to-decrease-bounce-rates,deliverability-compliance/How-to-decrease-bounce-rates-360057036052.md,True,True,10633,
49375400060059,Monitor deliverability and metrics,Email deliverability > Monitor deliverability and metrics,115000873988,Deliverability & compliance,deliverability-compliance,360057985791,How to reduce spam complaint rates,https://help.klaviyo.com/hc/en-us/articles/360057985791-How-to-reduce-spam-complaint-rates,deliverability-compliance/How-to-reduce-spam-complaint-rates-360057985791.md,True,True,10632,
49375400060059,Monitor deliverability and metrics,Email deliverability > Monitor deliverability and metrics,115000873988,Deliverability & compliance,deliverability-compliance,21330028699419,How to verify email authentication configurations,https://help.klaviyo.com/hc/en-us/articles/21330028699419-How-to-verify-email-authentication-configurations,deliverability-compliance/How-to-verify-email-authentication-configurations-21330028699419.md,True,True,10485,
49375400060059,Monitor deliverability and metrics,Email deliverability > Monitor deliverability and metrics,115000873988,Deliverability & compliance,deliverability-compliance,360042967052,Third-party deliverability monitoring tools reference,https://help.klaviyo.com/hc/en-us/articles/360042967052-Third-party-deliverability-monitoring-tools-reference,deliverability-compliance/Third-party-deliverability-monitoring-tools-reference-360042967052.md,True,True,10673,
49375400060059,Monitor deliverability and metrics,Email deliverability > Monitor deliverability and metrics,115000873988,Deliverability & compliance,deliverability-compliance,4417768780827,Troubleshooting branded sending domain issues,https://help.klaviyo.com/hc/en-us/articles/4417768780827-Troubleshooting-branded-sending-domain-issues,deliverability-compliance/Troubleshooting-branded-sending-domain-issues-4417768780827.md,True,True,10598,
49375400060059,Monitor deliverability and metrics,Email deliverability > Monitor deliverability and metrics,115000873988,Deliverability & compliance,deliverability-compliance,360043802871,Troubleshooting decreasing KPIs,https://help.klaviyo.com/hc/en-us/articles/360043802871-Troubleshooting-decreasing-KPIs,deliverability-compliance/Troubleshooting-decreasing-KPIs-360043802871.md,True,True,10672,
49375400060059,Monitor deliverability and metrics,Email deliverability > Monitor deliverability and metrics,115000873988,Deliverability & compliance,deliverability-compliance,115005250408,Understanding bounced emails in Klaviyo,https://help.klaviyo.com/hc/en-us/articles/115005250408-Understanding-bounced-emails-in-Klaviyo,deliverability-compliance/Understanding-bounced-emails-in-Klaviyo-115005250408.md,True,True,10938,https://dynamicycle.com/docs/articles-understanding-bounced-emails-in-klaviyo/
49375400060059,Monitor deliverability and metrics,Email deliverability > Monitor deliverability and metrics,115000873988,Deliverability & compliance,deliverability-compliance,360057471831,Understanding email unsubscribe rates,https://help.klaviyo.com/hc/en-us/articles/360057471831-Understanding-email-unsubscribe-rates,deliverability-compliance/Understanding-email-unsubscribe-rates-360057471831.md,True,True,10634,
49375400060059,Monitor deliverability and metrics,Email deliverability > Monitor deliverability and metrics,115000873988,Deliverability & compliance,deliverability-compliance,360003019251,Understanding spam traps,https://help.klaviyo.com/hc/en-us/articles/360003019251-Understanding-spam-traps,deliverability-compliance/Understanding-spam-traps-360003019251.md,True,True,10788,https://dynamicycle.com/docs/articles-understanding-spam-traps/
49375400060059,Monitor deliverability and metrics,Email deliverability > Monitor deliverability and metrics,115000873988,Deliverability & compliance,deliverability-compliance,12695416712219,Understanding the deliverability tab in campaigns and flows,https://help.klaviyo.com/hc/en-us/articles/12695416712219-Understanding-the-deliverability-tab-in-campaigns-and-flows,deliverability-compliance/Understanding-the-deliverability-tab-in-campaigns-and-flows-12695416712219.md,True,True,10561,
49375400060059,Monitor deliverability and metrics,Email deliverability > Monitor deliverability and metrics,115000873988,Deliverability & compliance,deliverability-compliance,1260804570090,Understanding the t-online.de inbox placement requirements,https://help.klaviyo.com/hc/en-us/articles/1260804570090-Understanding-the-t-online-de-inbox-placement-requirements,deliverability-compliance/Understanding-the-t-online.de-inbox-placement-requirements-1260804570090.md,True,True,10623,
49375370518555,Warm and ramp your domain,Email deliverability > Warm and ramp your domain,115000873988,Deliverability & compliance,deliverability-compliance,360024994912,How to change your sender email address and sender name,https://help.klaviyo.com/hc/en-us/articles/360024994912-How-to-change-your-sender-email-address-and-sender-name,deliverability-compliance/How-to-change-your-sender-email-address-and-sender-name-360024994912.md,True,True,10783,https://dynamicycle.com/docs/articles-how-to-change-your-sender-email-address-and-sender-name/
49375370518555,Warm and ramp your domain,Email deliverability > Warm and ramp your domain,115000873988,Deliverability & compliance,deliverability-compliance,9042531198747,How to migrate your branded sending domain from a previous email service provider (ESP) to Klaviyo,https://help.klaviyo.com/hc/en-us/articles/9042531198747-How-to-migrate-your-branded-sending-domain-from-a-previous-email-service-provider-ESP-to-Klaviyo,deliverability-compliance/How-to-migrate-your-branded-sending-domain-from-a-previous-email-service-provider-(ESP)-to-Klaviyo-9042531198747.md,True,True,10575,
49375370518555,Warm and ramp your domain,Email deliverability > Warm and ramp your domain,115000873988,Deliverability & compliance,deliverability-compliance,115000357752,How to set up a branded sending domain,https://help.klaviyo.com/hc/en-us/articles/115000357752-How-to-set-up-a-branded-sending-domain,deliverability-compliance/How-to-set-up-a-branded-sending-domain-115000357752.md,True,True,11091,https://dynamicycle.com/docs/articles-how-to-set-up-a-branded-sending-domain/
49375370518555,Warm and ramp your domain,Email deliverability > Warm and ramp your domain,115000873988,Deliverability & compliance,deliverability-compliance,360001550572,How to set up dedicated click tracking,https://help.klaviyo.com/hc/en-us/articles/360001550572-How-to-set-up-dedicated-click-tracking,deliverability-compliance/How-to-set-up-dedicated-click-tracking-360001550572.md,True,True,11214,https://dynamicycle.com/docs/articles-how-to-set-up-dedicated-click-tracking/
49375370518555,Warm and ramp your domain,Email deliverability > Warm and ramp your domain,115000873988,Deliverability & compliance,deliverability-compliance,20413890435355,How to warm your sending domain in Klaviyo,https://help.klaviyo.com/hc/en-us/articles/20413890435355-How-to-warm-your-sending-domain-in-Klaviyo,deliverability-compliance/How-to-warm-your-sending-domain-in-Klaviyo-20413890435355.md,True,True,10490,
49375370518555,Warm and ramp your domain,Email deliverability > Warm and ramp your domain,115000873988,Deliverability & compliance,deliverability-compliance,7521152741403,Understanding dedicated IP warming,https://help.klaviyo.com/hc/en-us/articles/7521152741403-Understanding-dedicated-IP-warming,deliverability-compliance/Understanding-dedicated-IP-warming-7521152741403.md,True,True,10583,
49375370518555,Warm and ramp your domain,Email deliverability > Warm and ramp your domain,115000873988,Deliverability & compliance,deliverability-compliance,4402636609691,Understanding guided warming in Klaviyo,https://help.klaviyo.com/hc/en-us/articles/4402636609691-Understanding-guided-warming-in-Klaviyo,deliverability-compliance/Understanding-guided-warming-in-Klaviyo-4402636609691.md,True,True,10613,
49375370518555,Warm and ramp your domain,Email deliverability > Warm and ramp your domain,115000873988,Deliverability & compliance,deliverability-compliance,8982419385499,Understanding next steps after warming your email domain,https://help.klaviyo.com/hc/en-us/articles/8982419385499-Understanding-next-steps-after-warming-your-email-domain,deliverability-compliance/Understanding-next-steps-after-warming-your-email-domain-8982419385499.md,True,True,10577,
49375370518555,Warm and ramp your domain,Email deliverability > Warm and ramp your domain,115000873988,Deliverability & compliance,deliverability-compliance,7520811253275,Understanding ramping vs. warming,https://help.klaviyo.com/hc/en-us/articles/7520811253275-Understanding-ramping-vs-warming,deliverability-compliance/Understanding-ramping-vs.-warming-7520811253275.md,True,True,10584,
49375370518555,Warm and ramp your domain,Email deliverability > Warm and ramp your domain,115000873988,Deliverability & compliance,deliverability-compliance,20414723525531,Understanding the platform introduction process in Klaviyo,https://help.klaviyo.com/hc/en-us/articles/20414723525531-Understanding-the-platform-introduction-process-in-Klaviyo,deliverability-compliance/Understanding-the-platform-introduction-process-in-Klaviyo-20414723525531.md,True,True,10489,
49375370518555,Warm and ramp your domain,Email deliverability > Warm and ramp your domain,115000873988,Deliverability & compliance,deliverability-compliance,360025945671,Understanding which warming process to use in Klaviyo,https://help.klaviyo.com/hc/en-us/articles/360025945671-Understanding-which-warming-process-to-use-in-Klaviyo,deliverability-compliance/Understanding-which-warming-process-to-use-in-Klaviyo-360025945671.md,True,True,11144,https://dynamicycle.com/docs/articles-understanding-which-warming-process-to-use-in-klaviyo/
49375422664091,GDPR and CCPA,GDPR and CCPA,115000873988,Deliverability & compliance,deliverability-compliance,360003211651,Frequently asked questions about GDPR,https://help.klaviyo.com/hc/en-us/articles/360003211651-Frequently-asked-questions-about-GDPR,deliverability-compliance/Frequently-asked-questions-about-GDPR-360003211651.md,True,True,11212,https://dynamicycle.com/docs/articles-frequently-asked-questions-about-gdpr/
49375422664091,GDPR and CCPA,GDPR and CCPA,115000873988,Deliverability & compliance,deliverability-compliance,360035875272,Frequently asked questions about the CCPA and CPRA,https://help.klaviyo.com/hc/en-us/articles/360035875272-Frequently-asked-questions-about-the-CCPA-and-CPRA,deliverability-compliance/Frequently-asked-questions-about-the-CCPA-and-CPRA-360035875272.md,True,True,11140,https://dynamicycle.com/docs/articles-frequently-asked-questions-about-the-ccpa-and-cpra/
49375422664091,GDPR and CCPA,GDPR and CCPA,115000873988,Deliverability & compliance,deliverability-compliance,360003536031,How to collect GDPR-compliant consent,https://help.klaviyo.com/hc/en-us/articles/360003536031-How-to-collect-GDPR-compliant-consent,deliverability-compliance/How-to-collect-GDPR-compliant-consent-360003536031.md,True,True,10910,https://dynamicycle.com/docs/articles-how-to-collect-gdpr-compliant-consent/
49375422664091,GDPR and CCPA,GDPR and CCPA,115000873988,Deliverability & compliance,deliverability-compliance,360004217631,How to handle GDPR and CCPA requests,https://help.klaviyo.com/hc/en-us/articles/360004217631-How-to-handle-GDPR-and-CCPA-requests,deliverability-compliance/How-to-handle-GDPR-and-CCPA-requests-360004217631.md,True,True,11011,https://dynamicycle.com/docs/articles-how-to-handle-gdpr-and-ccpa-requests/
49375505484315,Add past profiles to flows,Build and use flows > Add past profiles to flows,115000312411,Flows,flows,360049924272,How to add past profiles to a flow,https://help.klaviyo.com/hc/en-us/articles/360049924272-How-to-add-past-profiles-to-a-flow,flows/How-to-add-past-profiles-to-a-flow-360049924272.md,True,True,10657,
49375505484315,Add past profiles to flows,Build and use flows > Add past profiles to flows,115000312411,Flows,flows,115002779231,Understanding how adding past profiles works in Klaviyo,https://help.klaviyo.com/hc/en-us/articles/115002779231-Understanding-how-adding-past-profiles-works-in-Klaviyo,flows/Understanding-how-adding-past-profiles-works-in-Klaviyo-115002779231.md,True,True,11336,https://dynamicycle.com/docs/articles-understanding-how-adding-past-profiles-works-in-klaviyo/
49375527980059,Add steps or actions to flows,Build and use flows > Add steps or actions to flows,115000312411,Flows,flows,4579120745115,How to Install Markdown Notifications for Shopify,https://help.klaviyo.com/hc/en-us/articles/4579120745115-How-to-Install-Markdown-Notifications-for-Shopify,flows/How-to-Install-Markdown-Notifications-for-Shopify-4579120745115.md,True,True,10596,
49375527980059,Add steps or actions to flows,Build and use flows > Add steps or actions to flows,115000312411,Flows,flows,115003872171,How to add a conditional split to a flow,https://help.klaviyo.com/hc/en-us/articles/115003872171-How-to-add-a-conditional-split-to-a-flow,flows/How-to-add-a-conditional-split-to-a-flow-115003872171.md,True,True,11086,https://dynamicycle.com/docs/articles-how-to-add-a-conditional-split-to-a-flow/
49375527980059,Add steps or actions to flows,Build and use flows > Add steps or actions to flows,115000312411,Flows,flows,30101956634523,How to add a list update action to a flow,https://help.klaviyo.com/hc/en-us/articles/30101956634523-How-to-add-a-list-update-action-to-a-flow,flows/How-to-add-a-list-update-action-to-a-flow-30101956634523.md,True,True,10413,
49375527980059,Add steps or actions to flows,Build and use flows > Add steps or actions to flows,115000312411,Flows,flows,12932504108571,How to add a push notification to a flow,https://help.klaviyo.com/hc/en-us/articles/12932504108571-How-to-add-a-push-notification-to-a-flow,flows/How-to-add-a-push-notification-to-a-flow-12932504108571.md,True,True,11053,https://dynamicycle.com/docs/articles-how-to-add-a-push-notification-to-a-flow/
49375527980059,Add steps or actions to flows,Build and use flows > Add steps or actions to flows,115000312411,Flows,flows,115003885212,How to add a time delay to a flow,https://help.klaviyo.com/hc/en-us/articles/115003885212-How-to-add-a-time-delay-to-a-flow,flows/How-to-add-a-time-delay-to-a-flow-115003885212.md,True,True,10915,https://dynamicycle.com/docs/articles-how-to-add-a-time-delay-to-a-flow/
49375527980059,Add steps or actions to flows,Build and use flows > Add steps or actions to flows,115000312411,Flows,flows,115003885632,How to add a trigger split to a flow,https://help.klaviyo.com/hc/en-us/articles/115003885632-How-to-add-a-trigger-split-to-a-flow,flows/How-to-add-a-trigger-split-to-a-flow-115003885632.md,True,True,11014,https://dynamicycle.com/docs/articles-how-to-add-a-trigger-split-to-a-flow/
49375527980059,Add steps or actions to flows,Build and use flows > Add steps or actions to flows,115000312411,Flows,flows,8219838827931,How to add a virtual contact card to a flow message,https://help.klaviyo.com/hc/en-us/articles/8219838827931-How-to-add-a-virtual-contact-card-to-a-flow-message,flows/How-to-add-a-virtual-contact-card-to-a-flow-message-8219838827931.md,True,True,10579,
49375527980059,Add steps or actions to flows,Build and use flows > Add steps or actions to flows,115000312411,Flows,flows,115003872191,How to add an email to a flow,https://help.klaviyo.com/hc/en-us/articles/115003872191-How-to-add-an-email-to-a-flow,flows/How-to-add-an-email-to-a-flow-115003872191.md,True,True,10789,https://dynamicycle.com/docs/articles-how-to-add-an-email-to-a-flow/
49375527980059,Add steps or actions to flows,Build and use flows > Add steps or actions to flows,115000312411,Flows,flows,360050242251,How to add an internal alert action to a flow,https://help.klaviyo.com/hc/en-us/articles/360050242251-How-to-add-an-internal-alert-action-to-a-flow,flows/How-to-add-an-internal-alert-action-to-a-flow-360050242251.md,True,True,10661,
49375527980059,Add steps or actions to flows,Build and use flows > Add steps or actions to flows,115000312411,Flows,flows,360001768432,How to add an update profile property action to a flow,https://help.klaviyo.com/hc/en-us/articles/360001768432-How-to-add-an-update-profile-property-action-to-a-flow,flows/How-to-add-an-update-profile-property-action-to-a-flow-360001768432.md,True,True,11261,https://dynamicycle.com/docs/articles-how-to-add-an-update-profile-property-action-to-a-flow/
49375527980059,Add steps or actions to flows,Build and use flows > Add steps or actions to flows,115000312411,Flows,flows,360050242551,How to opt in and out of an internal alert action,https://help.klaviyo.com/hc/en-us/articles/360050242551-How-to-opt-in-and-out-of-an-internal-alert-action,flows/How-to-opt-in-and-out-of-an-internal-alert-action-360050242551.md,True,True,10660,
49375527980059,Add steps or actions to flows,Build and use flows > Add steps or actions to flows,115000312411,Flows,flows,360002419512,How to rejoin and disconnect a flow split,https://help.klaviyo.com/hc/en-us/articles/360002419512-How-to-rejoin-and-disconnect-a-flow-split,flows/How-to-rejoin-and-disconnect-a-flow-split-360002419512.md,True,True,11146,https://dynamicycle.com/docs/articles-how-to-rejoin-and-disconnect-a-flow-split/
49375527980059,Add steps or actions to flows,Build and use flows > Add steps or actions to flows,115000312411,Flows,flows,115002779111,How to review a flow email’s settings,https://help.klaviyo.com/hc/en-us/articles/115002779111-How-to-review-a-flow-email-s-settings,flows/How-to-review-a-flow-email’s-settings-115002779111.md,True,True,11150,https://dynamicycle.com/docs/articles-how-to-review-a-flow-email-s-settings/
49375527980059,Add steps or actions to flows,Build and use flows > Add steps or actions to flows,115000312411,Flows,flows,8458786130331,How to set up virtual contact cards for flows,https://help.klaviyo.com/hc/en-us/articles/8458786130331-How-to-set-up-virtual-contact-cards-for-flows,flows/How-to-set-up-virtual-contact-cards-for-flows-8458786130331.md,True,True,10578,
49375527980059,Add steps or actions to flows,Build and use flows > Add steps or actions to flows,115000312411,Flows,flows,115002779071,How to use event data to personalize email and SMS flows,https://help.klaviyo.com/hc/en-us/articles/115002779071-How-to-use-event-data-to-personalize-email-and-SMS-flows,flows/How-to-use-event-data-to-personalize-email-and-SMS-flows-115002779071.md,True,True,11401,https://dynamicycle.com/docs/articles-how-to-use-event-data-to-personalize-email-and-sms-flows/
49375527980059,Add steps or actions to flows,Build and use flows > Add steps or actions to flows,115000312411,Flows,flows,4408737146651,Understanding SMS and MMS quiet hours in flows,https://help.klaviyo.com/hc/en-us/articles/4408737146651-Understanding-SMS-and-MMS-quiet-hours-in-flows,flows/Understanding-SMS-and-MMS-quiet-hours-in-flows-4408737146651.md,True,True,11411,https://dynamicycle.com/docs/articles-understanding-sms-and-mms-quiet-hours-in-flows/
49375527980059,Add steps or actions to flows,Build and use flows > Add steps or actions to flows,115000312411,Flows,flows,360051182592,Understanding branching best practices for flows,https://help.klaviyo.com/hc/en-us/articles/360051182592-Understanding-branching-best-practices-for-flows,flows/Understanding-branching-best-practices-for-flows-360051182592.md,True,True,10648,
49375527980059,Add steps or actions to flows,Build and use flows > Add steps or actions to flows,115000312411,Flows,flows,115003883992,Understanding flow branching,https://help.klaviyo.com/hc/en-us/articles/115003883992-Understanding-flow-branching,flows/Understanding-flow-branching-115003883992.md,True,True,11015,https://dynamicycle.com/docs/articles-understanding-flow-branching/
49375527980059,Add steps or actions to flows,Build and use flows > Add steps or actions to flows,115000312411,Flows,flows,360049857552,Understanding internal alert use cases,https://help.klaviyo.com/hc/en-us/articles/360049857552-Understanding-internal-alert-use-cases,flows/Understanding-internal-alert-use-cases-360049857552.md,True,True,10659,
49375527980059,Add steps or actions to flows,Build and use flows > Add steps or actions to flows,115000312411,Flows,flows,360051127672,Understanding the absolute flow timeline and rejoining splits,https://help.klaviyo.com/hc/en-us/articles/360051127672-Understanding-the-absolute-flow-timeline-and-rejoining-splits,flows/Understanding-the-absolute-flow-timeline-and-rejoining-splits-360051127672.md,True,True,10651,
49375527980059,Add steps or actions to flows,Build and use flows > Add steps or actions to flows,115000312411,Flows,flows,360050334651,Understanding time delays near splits,https://help.klaviyo.com/hc/en-us/articles/360050334651-Understanding-time-delays-near-splits,flows/Understanding-time-delays-near-splits-360050334651.md,True,True,10658,
49375527980059,Add steps or actions to flows,Build and use flows > Add steps or actions to flows,115000312411,Flows,flows,4534329515931,Understanding webhooks in flows,https://help.klaviyo.com/hc/en-us/articles/4534329515931-Understanding-webhooks-in-flows,flows/Understanding-webhooks-in-flows-4534329515931.md,True,True,10597,
49375527980059,Add steps or actions to flows,Build and use flows > Add steps or actions to flows,115000312411,Flows,flows,360050420371,Update profile property action use cases reference,https://help.klaviyo.com/hc/en-us/articles/360050420371-Update-profile-property-action-use-cases-reference,flows/Update-profile-property-action-use-cases-reference-360050420371.md,True,True,10655,
49375512180123,Manage flows,Build and use flows > Manage flows,115000312411,Flows,flows,115002779171,How to archive or delete a flow,https://help.klaviyo.com/hc/en-us/articles/115002779171-How-to-archive-or-delete-a-flow,flows/How-to-archive-or-delete-a-flow-115002779171.md,True,True,11216,https://dynamicycle.com/docs/articles-how-to-archive-or-delete-a-flow/
49375512180123,Manage flows,Build and use flows > Manage flows,115000312411,Flows,flows,115002779371,How to export flow analytics,https://help.klaviyo.com/hc/en-us/articles/115002779371-How-to-export-flow-analytics,flows/How-to-export-flow-analytics-115002779371.md,True,True,10917,https://dynamicycle.com/docs/articles-how-to-export-flow-analytics/
49375512180123,Manage flows,Build and use flows > Manage flows,115000312411,Flows,flows,10862162214811,How to recover an archived flow,https://help.klaviyo.com/hc/en-us/articles/10862162214811-How-to-recover-an-archived-flow,flows/How-to-recover-an-archived-flow-10862162214811.md,True,True,10568,
49375512180123,Manage flows,Build and use flows > Manage flows,115000312411,Flows,flows,115002779191,How to use tags to organize flows,https://help.klaviyo.com/hc/en-us/articles/115002779191-How-to-use-tags-to-organize-flows,flows/How-to-use-tags-to-organize-flows-115002779191.md,True,True,11149,https://dynamicycle.com/docs/articles-how-to-use-tags-to-organize-flows/
49375541273627,"Send, resend, and pause flows","Build and use flows > Send, resend, and pause flows",115000312411,Flows,flows,360048376172,How to bulk update or schedule flow statuses,https://help.klaviyo.com/hc/en-us/articles/360048376172-How-to-bulk-update-or-schedule-flow-statuses,flows/How-to-bulk-update-or-schedule-flow-statuses-360048376172.md,True,True,12677,https://dynamicycle.com/docs/articles-how-to-bulk-update-or-schedule-flow-statuses/
49375541273627,"Send, resend, and pause flows","Build and use flows > Send, resend, and pause flows",115000312411,Flows,flows,115002775072,How to cancel a scheduled flow email for a single recipient,https://help.klaviyo.com/hc/en-us/articles/115002775072-How-to-cancel-a-scheduled-flow-email-for-a-single-recipient,flows/How-to-cancel-a-scheduled-flow-email-for-a-single-recipient-115002775072.md,True,True,11382,https://dynamicycle.com/docs/articles-how-to-cancel-a-scheduled-flow-email-for-a-single-recipient/
49375541273627,"Send, resend, and pause flows","Build and use flows > Send, resend, and pause flows",115000312411,Flows,flows,115002779331,How to manually send flow messages to recipients,https://help.klaviyo.com/hc/en-us/articles/115002779331-How-to-manually-send-flow-messages-to-recipients,flows/How-to-manually-send-flow-messages-to-recipients-115002779331.md,True,True,11302,https://dynamicycle.com/docs/articles-how-to-manually-send-flow-messages-to-recipients/
49375541273627,"Send, resend, and pause flows","Build and use flows > Send, resend, and pause flows",115000312411,Flows,flows,115002779291,How to pause an individual flow message,https://help.klaviyo.com/hc/en-us/articles/115002779291-How-to-pause-an-individual-flow-message,flows/How-to-pause-an-individual-flow-message-115002779291.md,True,True,11088,https://dynamicycle.com/docs/articles-how-to-pause-an-individual-flow-message/
49375541273627,"Send, resend, and pause flows","Build and use flows > Send, resend, and pause flows",115000312411,Flows,flows,360046797191,How to resend emails in Klaviyo,https://help.klaviyo.com/hc/en-us/articles/360046797191-How-to-resend-emails-in-Klaviyo,flows/How-to-resend-emails-in-Klaviyo-360046797191.md,True,True,11000,https://dynamicycle.com/docs/articles-how-to-resend-emails-in-klaviyo/
49375488863387,Set up flow filters and triggers,Build and use flows > Set up flow filters and triggers,115000312411,Flows,flows,115002774952,Guide to Flow Triggers and Flow Filters,https://help.klaviyo.com/hc/en-us/articles/115002774952-Guide-to-Flow-Triggers-and-Flow-Filters,flows/Guide-to-Flow-Triggers-and-Flow-Filters-115002774952.md,True,True,11151,https://dynamicycle.com/docs/articles-guide-to-flow-triggers-and-flow-filters/
49375488863387,Set up flow filters and triggers,Build and use flows > Set up flow filters and triggers,115000312411,Flows,flows,115002779091,How to add an additional filter to a single flow email,https://help.klaviyo.com/hc/en-us/articles/115002779091-How-to-add-an-additional-filter-to-a-single-flow-email,flows/How-to-add-an-additional-filter-to-a-single-flow-email-115002779091.md,True,True,10919,https://dynamicycle.com/docs/articles-how-to-add-an-additional-filter-to-a-single-flow-email/
49375488863387,Set up flow filters and triggers,Build and use flows > Set up flow filters and triggers,115000312411,Flows,flows,115002775052,How to change a flow trigger,https://help.klaviyo.com/hc/en-us/articles/115002775052-How-to-change-a-flow-trigger,flows/How-to-change-a-flow-trigger-115002775052.md,True,True,11303,https://dynamicycle.com/docs/articles-how-to-change-a-flow-trigger/
49375488863387,Set up flow filters and triggers,Build and use flows > Set up flow filters and triggers,115000312411,Flows,flows,360003040052,How to create a segment- or list-triggered flow,https://help.klaviyo.com/hc/en-us/articles/360003040052-How-to-create-a-segment-or-list-triggered-flow,flows/How-to-create-a-segment--or-list-triggered-flow-360003040052.md,True,True,10911,https://dynamicycle.com/docs/articles-how-to-create-a-segment-or-list-triggered-flow/
49375488863387,Set up flow filters and triggers,Build and use flows > Set up flow filters and triggers,115000312411,Flows,flows,360028374111,How to preview a flow trigger setup,https://help.klaviyo.com/hc/en-us/articles/360028374111-How-to-preview-a-flow-trigger-setup,flows/How-to-preview-a-flow-trigger-setup-360028374111.md,True,True,10781,https://dynamicycle.com/docs/articles-how-to-preview-a-flow-trigger-setup/
49375488863387,Set up flow filters and triggers,Build and use flows > Set up flow filters and triggers,115000312411,Flows,flows,115002774972,How to test and preview flow messages,https://help.klaviyo.com/hc/en-us/articles/115002774972-How-to-test-and-preview-flow-messages,flows/How-to-test-and-preview-flow-messages-115002774972.md,True,True,11263,https://dynamicycle.com/docs/articles-how-to-test-and-preview-flow-messages/
49375488863387,Set up flow filters and triggers,Build and use flows > Set up flow filters and triggers,115000312411,Flows,flows,115002779051,Understanding flow triggers and filters,https://help.klaviyo.com/hc/en-us/articles/115002779051-Understanding-flow-triggers-and-filters,flows/Understanding-flow-triggers-and-filters-115002779051.md,True,True,10920,https://dynamicycle.com/docs/articles-understanding-flow-triggers-and-filters/
49375519423259,Abandoned cart flows,Flow best practices and examples > Abandoned cart flows,115000312411,Flows,flows,16839379548571,How to add push to an abandoned cart flow,https://help.klaviyo.com/hc/en-us/articles/16839379548571-How-to-add-push-to-an-abandoned-cart-flow,flows/How-to-add-push-to-an-abandoned-cart-flow-16839379548571.md,True,True,10528,
49375519423259,Abandoned cart flows,Flow best practices and examples > Abandoned cart flows,115000312411,Flows,flows,115002779411,How to create an abandoned cart flow,https://help.klaviyo.com/hc/en-us/articles/115002779411-How-to-create-an-abandoned-cart-flow,flows/How-to-create-an-abandoned-cart-flow-115002779411.md,True,True,11450,https://dynamicycle.com/docs/articles-how-to-create-an-abandoned-cart-flow/
49375519423259,Abandoned cart flows,Flow best practices and examples > Abandoned cart flows,115000312411,Flows,flows,8136137671579,How to create an advanced abandoned cart flow,https://help.klaviyo.com/hc/en-us/articles/8136137671579-How-to-create-an-advanced-abandoned-cart-flow,flows/How-to-create-an-advanced-abandoned-cart-flow-8136137671579.md,True,True,10580,
49375519423259,Abandoned cart flows,Flow best practices and examples > Abandoned cart flows,115000312411,Flows,flows,7992744732187,How to review your abandoned cart flow's performance,https://help.klaviyo.com/hc/en-us/articles/7992744732187-How-to-review-your-abandoned-cart-flow-s-performance,flows/How-to-review-your-abandoned-cart-flow's-performance-7992744732187.md,True,True,12676,https://dynamicycle.com/docs/articles-how-to-review-your-abandoned-cart-flow-s-performance/
49375575868699,Back in stock flows,Flow best practices and examples > Back in stock flows,115000312411,Flows,flows,115003872251,How to build a back in stock flow,https://help.klaviyo.com/hc/en-us/articles/115003872251-How-to-build-a-back-in-stock-flow,flows/How-to-build-a-back-in-stock-flow-115003872251.md,True,True,11147,https://dynamicycle.com/docs/articles-how-to-build-a-back-in-stock-flow/
49375575868699,Back in stock flows,Flow best practices and examples > Back in stock flows,115000312411,Flows,flows,360051612751,How to configure back in stock alert emails,https://help.klaviyo.com/hc/en-us/articles/360051612751-How-to-configure-back-in-stock-alert-emails,flows/How-to-configure-back-in-stock-alert-emails-360051612751.md,True,True,10649,
49375575868699,Back in stock flows,Flow best practices and examples > Back in stock flows,115000312411,Flows,flows,360051612551,Understanding how back in stock flows work,https://help.klaviyo.com/hc/en-us/articles/360051612551-Understanding-how-back-in-stock-flows-work,flows/Understanding-how-back-in-stock-flows-work-360051612551.md,True,True,10650,
49375568542619,Browse abandonment flows,Flow best practices and examples > Browse abandonment flows,115000312411,Flows,flows,115002775252,How to create a browse abandonment flow,https://help.klaviyo.com/hc/en-us/articles/115002775252-How-to-create-a-browse-abandonment-flow,flows/How-to-create-a-browse-abandonment-flow-115002775252.md,True,True,11087,https://dynamicycle.com/docs/articles-how-to-create-a-browse-abandonment-flow/
49375568542619,Browse abandonment flows,Flow best practices and examples > Browse abandonment flows,115000312411,Flows,flows,21137997887771,How to create an abandoned site flow with email and SMS,https://help.klaviyo.com/hc/en-us/articles/21137997887771-How-to-create-an-abandoned-site-flow-with-email-and-SMS,flows/How-to-create-an-abandoned-site-flow-with-email-and-SMS-21137997887771.md,True,True,10486,
49375570280603,Ecommerce-specific flows,Flow best practices and examples > Ecommerce-specific flows,115000312411,Flows,flows,4401771131419,How to create a fulfilled partial order flow for Shopify,https://help.klaviyo.com/hc/en-us/articles/4401771131419-How-to-create-a-fulfilled-partial-order-flow-for-Shopify,flows/How-to-create-a-fulfilled-partial-order-flow-for-Shopify-4401771131419.md,True,True,10617,
49375570280603,Ecommerce-specific flows,Flow best practices and examples > Ecommerce-specific flows,115000312411,Flows,flows,21374913673243,How to create a low inventory flow,https://help.klaviyo.com/hc/en-us/articles/21374913673243-How-to-create-a-low-inventory-flow,flows/How-to-create-a-low-inventory-flow-21374913673243.md,True,True,10484,
49375570280603,Ecommerce-specific flows,Flow best practices and examples > Ecommerce-specific flows,115000312411,Flows,flows,360003057151,How to create a metric-triggered flow,https://help.klaviyo.com/hc/en-us/articles/360003057151-How-to-create-a-metric-triggered-flow,flows/How-to-create-a-metric-triggered-flow-360003057151.md,True,True,11013,https://dynamicycle.com/docs/articles-how-to-create-a-metric-triggered-flow/
49375570280603,Ecommerce-specific flows,Flow best practices and examples > Ecommerce-specific flows,115000312411,Flows,flows,4404249033755,How to create a price drop flow,https://help.klaviyo.com/hc/en-us/articles/4404249033755-How-to-create-a-price-drop-flow,flows/How-to-create-a-price-drop-flow-4404249033755.md,True,True,10607,
49375570280603,Ecommerce-specific flows,Flow best practices and examples > Ecommerce-specific flows,115000312411,Flows,flows,115002779431,How to create a product-specific flow,https://help.klaviyo.com/hc/en-us/articles/115002779431-How-to-create-a-product-specific-flow,flows/How-to-create-a-product-specific-flow-115002779431.md,True,True,11215,https://dynamicycle.com/docs/articles-how-to-create-a-product-specific-flow/
49375546655131,Lifecycle flows,Flow best practices and examples > Lifecycle flows,115000312411,Flows,flows,360054242492,How to build a birthday flow,https://help.klaviyo.com/hc/en-us/articles/360054242492-How-to-build-a-birthday-flow,flows/How-to-build-a-birthday-flow-360054242492.md,True,True,10641,
49375546655131,Lifecycle flows,Flow best practices and examples > Lifecycle flows,115000312411,Flows,flows,360002732652,How to create a date property-triggered flow,https://help.klaviyo.com/hc/en-us/articles/360002732652-How-to-create-a-date-property-triggered-flow,flows/How-to-create-a-date-property-triggered-flow-360002732652.md,True,True,11084,https://dynamicycle.com/docs/articles-how-to-create-a-date-property-triggered-flow/
49375546655131,Lifecycle flows,Flow best practices and examples > Lifecycle flows,115000312411,Flows,flows,115002775292,How to create a donor re-engagement flow,https://help.klaviyo.com/hc/en-us/articles/115002775292-How-to-create-a-donor-re-engagement-flow,flows/How-to-create-a-donor-re-engagement-flow-115002775292.md,True,True,11417,https://dynamicycle.com/docs/articles-how-to-create-a-donor-re-engagement-flow/
49375546655131,Lifecycle flows,Flow best practices and examples > Lifecycle flows,115000312411,Flows,flows,360017518492,How to create a sunset flow,https://help.klaviyo.com/hc/en-us/articles/360017518492-How-to-create-a-sunset-flow,flows/How-to-create-a-sunset-flow-360017518492.md,True,True,10784,https://dynamicycle.com/docs/articles-how-to-create-a-sunset-flow/
49375546655131,Lifecycle flows,Flow best practices and examples > Lifecycle flows,115000312411,Flows,flows,115002775192,How to create a winback flow,https://help.klaviyo.com/hc/en-us/articles/115002775192-How-to-create-a-winback-flow,flows/How-to-create-a-winback-flow-115002775192.md,True,True,11464,https://dynamicycle.com/docs/articles-how-to-create-a-winback-flow/
49375546655131,Lifecycle flows,Flow best practices and examples > Lifecycle flows,115000312411,Flows,flows,360036881312,How to target contest entrants with flows,https://help.klaviyo.com/hc/en-us/articles/360036881312-How-to-target-contest-entrants-with-flows,flows/How-to-target-contest-entrants-with-flows-360036881312.md,True,True,10685,
49375546655131,Lifecycle flows,Flow best practices and examples > Lifecycle flows,115000312411,Flows,flows,360054240252,Understanding how date-based flows schedule recipients,https://help.klaviyo.com/hc/en-us/articles/360054240252-Understanding-how-date-based-flows-schedule-recipients,flows/Understanding-how-date-based-flows-schedule-recipients-360054240252.md,True,True,10643,
49375546655131,Lifecycle flows,Flow best practices and examples > Lifecycle flows,115000312411,Flows,flows,360054705431,Understanding time delays in date property flows,https://help.klaviyo.com/hc/en-us/articles/360054705431-Understanding-time-delays-in-date-property-flows,flows/Understanding-time-delays-in-date-property-flows-360054705431.md,True,True,10642,
49375906271003,Other,Flow best practices and examples > Other,115000312411,Flows,flows,38069723835547,How to create a multilingual email flow Smart Translations,https://help.klaviyo.com/hc/en-us/articles/38069723835547-How-to-create-a-multilingual-email-flow-Smart-Translations,flows/How-to-create-a-multilingual-email-flow-Smart-Translations-38069723835547.md,True,True,10348,
49375906271003,Other,Flow best practices and examples > Other,115000312411,Flows,flows,45651952586139,How to create a multilingual push notification flow with Smart Translations,https://help.klaviyo.com/hc/en-us/articles/45651952586139-How-to-create-a-multilingual-push-notification-flow-with-Smart-Translations,flows/How-to-create-a-multilingual-push-notification-flow-with-Smart-Translations-45651952586139.md,True,True,10266,
49375576965019,Post-purchase flows,Flow best practices and examples > Post-purchase flows,115000312411,Flows,flows,360028872611,How to create a post-purchase flow,https://help.klaviyo.com/hc/en-us/articles/360028872611-How-to-create-a-post-purchase-flow,flows/How-to-create-a-post-purchase-flow-360028872611.md,True,True,11206,https://dynamicycle.com/docs/articles-how-to-create-a-post-purchase-flow/
49375576965019,Post-purchase flows,Flow best practices and examples > Post-purchase flows,115000312411,Flows,flows,360003195232,How to create a replenishment flow,https://help.klaviyo.com/hc/en-us/articles/360003195232-How-to-create-a-replenishment-flow,flows/How-to-create-a-replenishment-flow-360003195232.md,True,True,11298,https://dynamicycle.com/docs/articles-how-to-create-a-replenishment-flow/
49375576965019,Post-purchase flows,Flow best practices and examples > Post-purchase flows,115000312411,Flows,flows,115002779391,How to create a third-party product review flow,https://help.klaviyo.com/hc/en-us/articles/115002779391-How-to-create-a-third-party-product-review-flow,flows/How-to-create-a-third-party-product-review-flow-115002779391.md,True,True,11262,https://dynamicycle.com/docs/articles-how-to-create-a-third-party-product-review-flow/
49375576965019,Post-purchase flows,Flow best practices and examples > Post-purchase flows,115000312411,Flows,flows,115002775212,How to create an upsell or cross-sell flow,https://help.klaviyo.com/hc/en-us/articles/115002775212-How-to-create-an-upsell-or-cross-sell-flow,flows/How-to-create-an-upsell-or-cross-sell-flow-115002775212.md,True,True,11335,https://dynamicycle.com/docs/articles-how-to-create-an-upsell-or-cross-sell-flow/
49375576965019,Post-purchase flows,Flow best practices and examples > Post-purchase flows,115000312411,Flows,flows,360003165732,How to use flows to send transactional emails,https://help.klaviyo.com/hc/en-us/articles/360003165732-How-to-use-flows-to-send-transactional-emails,flows/How-to-use-flows-to-send-transactional-emails-360003165732.md,True,True,11299,https://dynamicycle.com/docs/articles-how-to-use-flows-to-send-transactional-emails/
49375513668763,Welcome series flows,Flow best practices and examples > Welcome series flows,115000312411,Flows,flows,15038587235995,How to create a push welcome series,https://help.klaviyo.com/hc/en-us/articles/15038587235995-How-to-create-a-push-welcome-series,flows/How-to-create-a-push-welcome-series-15038587235995.md,True,True,10549,
49375513668763,Welcome series flows,Flow best practices and examples > Welcome series flows,115000312411,Flows,flows,115002775172,How to create an email welcome series,https://help.klaviyo.com/hc/en-us/articles/115002775172-How-to-create-an-email-welcome-series,flows/How-to-create-an-email-welcome-series-115002775172.md,True,True,11431,https://dynamicycle.com/docs/articles-how-to-create-an-email-welcome-series/
49375526765723,Understand flows,Getting started with flows > Understand flows,115000312411,Flows,flows,20016490907163,Changes to flow filtering on consent reference,https://help.klaviyo.com/hc/en-us/articles/20016490907163-Changes-to-flow-filtering-on-consent-reference,flows/Changes-to-flow-filtering-on-consent-reference-20016490907163.md,True,True,10491,
49375526765723,Understand flows,Getting started with flows > Understand flows,115000312411,Flows,flows,360054130591,Flow Glossary,https://help.klaviyo.com/hc/en-us/articles/360054130591-Flow-Glossary,flows/Flow-Glossary-360054130591.md,True,True,10644,
49375526765723,Understand flows,Getting started with flows > Understand flows,115000312411,Flows,flows,115002779351,Understanding flow analytics,https://help.klaviyo.com/hc/en-us/articles/115002779351-Understanding-flow-analytics,flows/Understanding-flow-analytics-115002779351.md,True,True,10792,https://dynamicycle.com/docs/articles-understanding-flow-analytics/
49375526765723,Understand flows,Getting started with flows > Understand flows,115000312411,Flows,flows,360017706091,Understanding how contacts move through a flow,https://help.klaviyo.com/hc/en-us/articles/360017706091-Understanding-how-contacts-move-through-a-flow,flows/Understanding-how-contacts-move-through-a-flow-360017706091.md,True,True,10785,https://dynamicycle.com/docs/articles-understanding-how-contacts-move-through-a-flow/
49375526765723,Understand flows,Getting started with flows > Understand flows,115000312411,Flows,flows,360046164352,Understanding the timing of a flow,https://help.klaviyo.com/hc/en-us/articles/360046164352-Understanding-the-timing-of-a-flow,flows/Understanding-the-timing-of-a-flow-360046164352.md,True,True,10669,
49375565920923,Test and optimize flows,Test and optimize flows,115000312411,Flows,flows,360033669452,Benchmarks for flow emails reference,https://help.klaviyo.com/hc/en-us/articles/360033669452-Benchmarks-for-flow-emails-reference,flows/Benchmarks-for-flow-emails-reference-360033669452.md,True,True,11430,https://dynamicycle.com/docs/articles-benchmarks-for-flow-emails-reference/
49375565920923,Test and optimize flows,Test and optimize flows,115000312411,Flows,flows,6960371049115,How to A/B test a flow email,https://help.klaviyo.com/hc/en-us/articles/6960371049115-How-to-A-B-test-a-flow-email,flows/How-to-AB-test-a-flow-email-6960371049115.md,True,True,11320,https://dynamicycle.com/docs/articles-how-to-a-b-test-a-flow-email/
49375565920923,Test and optimize flows,Test and optimize flows,115000312411,Flows,flows,115002775152,How to A/B test a flow email (deprecated),https://help.klaviyo.com/hc/en-us/articles/115002775152-How-to-A-B-test-a-flow-email-deprecated,flows/How-to-AB-test-a-flow-email-(deprecated)-115002775152.md,True,True,11451,https://dynamicycle.com/docs/articles-how-to-a-b-test-a-flow-email-deprecated/
49375565920923,Test and optimize flows,Test and optimize flows,115000312411,Flows,flows,360036238671,How to A/B test flow SMS messages,https://help.klaviyo.com/hc/en-us/articles/360036238671-How-to-A-B-test-flow-SMS-messages,flows/How-to-AB-test-flow-SMS-messages-360036238671.md,True,True,11443,https://dynamicycle.com/docs/articles-how-to-a-b-test-flow-sms-messages/
49375565920923,Test and optimize flows,Test and optimize flows,115000312411,Flows,flows,360049849432,How to A/B test flow branches,https://help.klaviyo.com/hc/en-us/articles/360049849432-How-to-A-B-test-flow-branches,flows/How-to-AB-test-flow-branches-360049849432.md,True,True,11379,https://dynamicycle.com/docs/articles-how-to-a-b-test-flow-branches/
49375565920923,Test and optimize flows,Test and optimize flows,115000312411,Flows,flows,6960265887259,How to migrate to the updated flows A/B testing experience,https://help.klaviyo.com/hc/en-us/articles/6960265887259-How-to-migrate-to-the-updated-flows-A-B-testing-experience,flows/How-to-migrate-to-the-updated-flows-AB-testing-experience-6960265887259.md,True,True,11395,https://dynamicycle.com/docs/articles-how-to-migrate-to-the-updated-flows-a-b-testing-experience/
49375565920923,Test and optimize flows,Test and optimize flows,115000312411,Flows,flows,10948996125083,How to optimize your flow sending frequency,https://help.klaviyo.com/hc/en-us/articles/10948996125083-How-to-optimize-your-flow-sending-frequency,flows/How-to-optimize-your-flow-sending-frequency-10948996125083.md,True,True,11285,https://dynamicycle.com/docs/articles-how-to-optimize-your-flow-sending-frequency/
49375565920923,Test and optimize flows,Test and optimize flows,115000312411,Flows,flows,30325266432539,How to preview a profile's journey through a flow,https://help.klaviyo.com/hc/en-us/articles/30325266432539-How-to-preview-a-profile-s-journey-through-a-flow,flows/How-to-preview-a-profile's-journey-through-a-flow-30325266432539.md,True,True,10412,
49375565920923,Test and optimize flows,Test and optimize flows,115000312411,Flows,flows,9360405808027,How to review email A/B test results for flows,https://help.klaviyo.com/hc/en-us/articles/9360405808027-How-to-review-email-A-B-test-results-for-flows,flows/How-to-review-email-AB-test-results-for-flows-9360405808027.md,True,True,11351,https://dynamicycle.com/docs/articles-how-to-review-email-a-b-test-results-for-flows/
49375565920923,Test and optimize flows,Test and optimize flows,115000312411,Flows,flows,15768091187227,Understanding how Klaviyo monitors flow performance,https://help.klaviyo.com/hc/en-us/articles/15768091187227-Understanding-how-Klaviyo-monitors-flow-performance,flows/Understanding-how-Klaviyo-monitors-flow-performance-15768091187227.md,True,True,10541,
49375565920923,Test and optimize flows,Test and optimize flows,115000312411,Flows,flows,13913401149595,Understanding how Klaviyo monitors metric activity for flows,https://help.klaviyo.com/hc/en-us/articles/13913401149595-Understanding-how-Klaviyo-monitors-metric-activity-for-flows,flows/Understanding-how-Klaviyo-monitors-metric-activity-for-flows-13913401149595.md,True,True,11181,https://dynamicycle.com/docs/articles-understanding-how-klaviyo-monitors-metric-activity-for-flows/
49375565920923,Test and optimize flows,Test and optimize flows,115000312411,Flows,flows,11233978755611,Understanding statistical significance in flows,https://help.klaviyo.com/hc/en-us/articles/11233978755611-Understanding-statistical-significance-in-flows,flows/Understanding-statistical-significance-in-flows-11233978755611.md,True,True,11240,https://dynamicycle.com/docs/articles-understanding-statistical-significance-in-flows/
49375565920923,Test and optimize flows,Test and optimize flows,115000312411,Flows,flows,360054629031,Understanding what to A/B test in your flows,https://help.klaviyo.com/hc/en-us/articles/360054629031-Understanding-what-to-A-B-test-in-your-flows,flows/Understanding-what-to-AB-test-in-your-flows-360054629031.md,True,True,11423,https://dynamicycle.com/docs/articles-understanding-what-to-a-b-test-in-your-flows/
49375618030107,Troubleshooting flows,Troubleshooting flows,115000312411,Flows,flows,4402385748635,How to review a flow's history,https://help.klaviyo.com/hc/en-us/articles/4402385748635-How-to-review-a-flow-s-history,flows/How-to-review-a-flow's-history-4402385748635.md,True,True,10891,https://dynamicycle.com/docs/articles-how-to-review-a-flow-s-history/
49375618030107,Troubleshooting flows,Troubleshooting flows,115000312411,Flows,flows,115002775272,How to send a campaign to people skipped by a list-triggered flow,https://help.klaviyo.com/hc/en-us/articles/115002775272-How-to-send-a-campaign-to-people-skipped-by-a-list-triggered-flow,flows/How-to-send-a-campaign-to-people-skipped-by-a-list-triggered-flow-115002775272.md,True,True,10791,https://dynamicycle.com/docs/articles-how-to-send-a-campaign-to-people-skipped-by-a-list-triggered-flow/
49375618030107,Troubleshooting flows,Troubleshooting flows,115000312411,Flows,flows,115002779471,Troubleshooting a flow,https://help.klaviyo.com/hc/en-us/articles/115002779471-Troubleshooting-a-flow,flows/Troubleshooting-a-flow-115002779471.md,True,True,10790,https://dynamicycle.com/docs/articles-troubleshooting-a-flow/
49375618030107,Troubleshooting flows,Troubleshooting flows,115000312411,Flows,flows,12414318812827,Troubleshooting a list- or segment-triggered flow,https://help.klaviyo.com/hc/en-us/articles/12414318812827-Troubleshooting-a-list-or-segment-triggered-flow,flows/Troubleshooting-a-list--or-segment-triggered-flow-12414318812827.md,True,True,10970,https://dynamicycle.com/docs/articles-troubleshooting-a-list-or-segment-triggered-flow/
49375618030107,Troubleshooting flows,Troubleshooting flows,115000312411,Flows,flows,12278373016603,Troubleshooting a metric-triggered flow,https://help.klaviyo.com/hc/en-us/articles/12278373016603-Troubleshooting-a-metric-triggered-flow,flows/Troubleshooting-a-metric-triggered-flow-12278373016603.md,True,True,11055,https://dynamicycle.com/docs/articles-troubleshooting-a-metric-triggered-flow/
49375618030107,Troubleshooting flows,Troubleshooting flows,115000312411,Flows,flows,1260805003210,Troubleshooting why a flow message skipped a profile,https://help.klaviyo.com/hc/en-us/articles/1260805003210-Troubleshooting-why-a-flow-message-skipped-a-profile,flows/Troubleshooting-why-a-flow-message-skipped-a-profile-1260805003210.md,True,True,11412,https://dynamicycle.com/docs/articles-troubleshooting-why-a-flow-message-skipped-a-profile/
49375618030107,Troubleshooting flows,Troubleshooting flows,115000312411,Flows,flows,115002779491,Troubleshooting why a profile is scheduled in a flow multiple times,https://help.klaviyo.com/hc/en-us/articles/115002779491-Troubleshooting-why-a-profile-is-scheduled-in-a-flow-multiple-times,flows/Troubleshooting-why-a-profile-is-scheduled-in-a-flow-multiple-times-115002779491.md,True,True,11148,https://dynamicycle.com/docs/articles-troubleshooting-why-a-profile-is-scheduled-in-a-flow-multiple-times/
49375618030107,Troubleshooting flows,Troubleshooting flows,115000312411,Flows,flows,29091293276187,Understanding flow alerts,https://help.klaviyo.com/hc/en-us/articles/29091293276187-Understanding-flow-alerts,flows/Understanding-flow-alerts-29091293276187.md,True,True,12675,https://dynamicycle.com/docs/articles-understanding-flow-alerts/
45954133286171,Channel & Integration Management,Channel & Integration Management,45954023294747,Helpdesk,helpdesk,40813569379611,Edit Recharge Subscriptions with Klaviyo Helpdesk,https://help.klaviyo.com/hc/en-us/articles/40813569379611-Edit-Recharge-Subscriptions-with-Klaviyo-Helpdesk,helpdesk/Edit-Recharge-Subscriptions-with-Klaviyo-Helpdesk-40813569379611.md,True,True,10320,
45954133286171,Channel & Integration Management,Channel & Integration Management,45954023294747,Helpdesk,helpdesk,44439474248603,How to connect Loop Returns to Klaviyo Helpdesk,https://help.klaviyo.com/hc/en-us/articles/44439474248603-How-to-connect-Loop-Returns-to-Klaviyo-Helpdesk,helpdesk/How-to-connect-Loop-Returns-to-Klaviyo-Helpdesk-44439474248603.md,True,True,10284,
45954133286171,Channel & Integration Management,Channel & Integration Management,45954023294747,Helpdesk,helpdesk,1260804180889,How to provide mobile support with Klaviyo SMS,https://help.klaviyo.com/hc/en-us/articles/1260804180889-How-to-provide-mobile-support-with-Klaviyo-SMS,helpdesk/How-to-provide-mobile-support-with-Klaviyo-SMS-1260804180889.md,True,True,11376,https://dynamicycle.com/docs/articles-how-to-provide-mobile-support-with-klaviyo-sms/
45954133286171,Channel & Integration Management,Channel & Integration Management,45954023294747,Helpdesk,helpdesk,40998058377371,Klaviyo Helpdesk: Instagram as a Channel,https://help.klaviyo.com/hc/en-us/articles/40998058377371-Klaviyo-Helpdesk-Instagram-as-a-Channel,helpdesk/Klaviyo-Helpdesk-Instagram-as-a-Channel-40998058377371.md,True,True,10316,
45954133286171,Channel & Integration Management,Channel & Integration Management,45954023294747,Helpdesk,helpdesk,42877015465115,Klaviyo Helpdesk: Product Catalog Selector,https://help.klaviyo.com/hc/en-us/articles/42877015465115-Klaviyo-Helpdesk-Product-Catalog-Selector,helpdesk/Klaviyo-Helpdesk-Product-Catalog-Selector-42877015465115.md,True,True,10296,
45954133286171,Channel & Integration Management,Channel & Integration Management,45954023294747,Helpdesk,helpdesk,40813520074523,Klaviyo Helpdesk:  Shopify Order Editing,https://help.klaviyo.com/hc/en-us/articles/40813520074523-Klaviyo-Helpdesk-Shopify-Order-Editing,helpdesk/Klaviyo-Helpdesk-Shopify-Order-Editing-40813520074523.md,True,True,10322,
45954083727259,Foundation & Setup,Foundation & Setup,45954023294747,Helpdesk,helpdesk,360059002271,Guide to Klaviyo Helpdesk,https://help.klaviyo.com/hc/en-us/articles/360059002271-Guide-to-Klaviyo-Helpdesk,helpdesk/Guide-to-Klaviyo-Helpdesk-360059002271.md,True,True,10627,
45954083727259,Foundation & Setup,Foundation & Setup,45954023294747,Helpdesk,helpdesk,38938328988827,How to automatically forward support emails to Klaviyo Helpdesk,https://help.klaviyo.com/hc/en-us/articles/38938328988827-How-to-automatically-forward-support-emails-to-Klaviyo-Helpdesk,helpdesk/How-to-automatically-forward-support-emails-to-Klaviyo-Helpdesk-38938328988827.md,True,True,10832,https://dynamicycle.com/docs/articles-how-to-automatically-forward-support-emails-to-klaviyo-helpdesk/
45954083727259,Foundation & Setup,Foundation & Setup,45954023294747,Helpdesk,helpdesk,9724254405787,How to change your notifications for new Inbox Helpdesk,https://help.klaviyo.com/hc/en-us/articles/9724254405787-How-to-change-your-notifications-for-new-Inbox-Helpdesk,helpdesk/How-to-change-your-notifications-for-new-Inbox-Helpdesk-9724254405787.md,True,True,11286,https://dynamicycle.com/docs/articles-how-to-change-your-notifications-for-new-inbox-helpdesk/
45954230121499,Optimization & Analytics,Optimization & Analytics,45954023294747,Helpdesk,helpdesk,42861358490011,Klaviyo Helpdesk: CSAT,https://help.klaviyo.com/hc/en-us/articles/42861358490011-Klaviyo-Helpdesk-CSAT,helpdesk/Klaviyo-Helpdesk-CSAT-42861358490011.md,True,True,10297,
45954230121499,Optimization & Analytics,Optimization & Analytics,45954023294747,Helpdesk,helpdesk,39478286954395,Understanding the Helpdesk reporting dashboard,https://help.klaviyo.com/hc/en-us/articles/39478286954395-Understanding-the-Helpdesk-reporting-dashboard,helpdesk/Understanding-the-Helpdesk-reporting-dashboard-39478286954395.md,True,True,10945,https://dynamicycle.com/docs/articles-understanding-the-helpdesk-reporting-dashboard/
45954230121499,Optimization & Analytics,Optimization & Analytics,45954023294747,Helpdesk,helpdesk,43415280821403,Use Customer sentiment analysis to route and prioritize support in Helpdesk,https://help.klaviyo.com/hc/en-us/articles/43415280821403-Use-Customer-sentiment-analysis-to-route-and-prioritize-support-in-Helpdesk,helpdesk/Use-Customer-sentiment-analysis-to-route-and-prioritize-support-in-Helpdesk-43415280821403.md,True,True,10294,
45954159809179,Routing & Automation,Routing & Automation,45954023294747,Helpdesk,helpdesk,44439107908635,How to Configure Advanced Routing Rules in Klaviyo Helpdesk,https://help.klaviyo.com/hc/en-us/articles/44439107908635-How-to-Configure-Advanced-Routing-Rules-in-Klaviyo-Helpdesk,helpdesk/How-to-Configure-Advanced-Routing-Rules-in-Klaviyo-Helpdesk-44439107908635.md,True,True,10285,
45954159809179,Routing & Automation,Routing & Automation,45954023294747,Helpdesk,helpdesk,35970894978075,How to assign tickets in your Klaviyo Helpdesk,https://help.klaviyo.com/hc/en-us/articles/35970894978075-How-to-assign-tickets-in-your-Klaviyo-Helpdesk,helpdesk/How-to-assign-tickets-in-your-Klaviyo-Helpdesk-35970894978075.md,True,True,11032,https://dynamicycle.com/docs/articles-how-to-assign-tickets-in-your-klaviyo-helpdesk/
45954159809179,Routing & Automation,Routing & Automation,45954023294747,Helpdesk,helpdesk,39689963719835,How to automatically close Helpdesk tickets after customer inactivity,https://help.klaviyo.com/hc/en-us/articles/39689963719835-How-to-automatically-close-Helpdesk-tickets-after-customer-inactivity,helpdesk/How-to-automatically-close-Helpdesk-tickets-after-customer-inactivity-39689963719835.md,True,True,10831,https://dynamicycle.com/docs/articles-how-to-automatically-close-helpdesk-tickets-after-customer-inactivity/
45954159809179,Routing & Automation,Routing & Automation,45954023294747,Helpdesk,helpdesk,39692891402907,How to use ticket tagging in Helpdesk,https://help.klaviyo.com/hc/en-us/articles/39692891402907-How-to-use-ticket-tagging-in-Helpdesk,helpdesk/How-to-use-ticket-tagging-in-Helpdesk-39692891402907.md,True,True,10944,https://dynamicycle.com/docs/articles-how-to-use-ticket-tagging-in-helpdesk/
45954159809179,Routing & Automation,Routing & Automation,45954023294747,Helpdesk,helpdesk,40813566835611,Klaviyo Helpdesk: Round Robin Assignment,https://help.klaviyo.com/hc/en-us/articles/40813566835611-Klaviyo-Helpdesk-Round-Robin-Assignment,helpdesk/Klaviyo-Helpdesk-Round-Robin-Assignment-40813566835611.md,True,True,10321,
45954159809179,Routing & Automation,Routing & Automation,45954023294747,Helpdesk,helpdesk,45953122676123,Setting up Autoresponders for Klaviyo Helpdesk,https://help.klaviyo.com/hc/en-us/articles/45953122676123-Setting-up-Autoresponders-for-Klaviyo-Helpdesk,helpdesk/Setting-up-Autoresponders-for-Klaviyo-Helpdesk-45953122676123.md,True,True,10264,
45954205436059,Team Workflow & Productivity,Team Workflow & Productivity,45954023294747,Helpdesk,helpdesk,4405329314331,How to change the status of a ticket in Helpdesk,https://help.klaviyo.com/hc/en-us/articles/4405329314331-How-to-change-the-status-of-a-ticket-in-Helpdesk,helpdesk/How-to-change-the-status-of-a-ticket-in-Helpdesk-4405329314331.md,True,True,11326,https://dynamicycle.com/docs/articles-how-to-change-the-status-of-a-ticket-in-helpdesk/
45954205436059,Team Workflow & Productivity,Team Workflow & Productivity,45954023294747,Helpdesk,helpdesk,39691102278043,How to create a custom ticket view in Helpdesk,https://help.klaviyo.com/hc/en-us/articles/39691102278043-How-to-create-a-custom-ticket-view-in-Helpdesk,helpdesk/How-to-create-a-custom-ticket-view-in-Helpdesk-39691102278043.md,True,True,11109,https://dynamicycle.com/docs/articles-how-to-create-a-custom-ticket-view-in-helpdesk/
45954205436059,Team Workflow & Productivity,Team Workflow & Productivity,45954023294747,Helpdesk,helpdesk,4995667413531,How to create and use macros for Helpdesk tickets,https://help.klaviyo.com/hc/en-us/articles/4995667413531-How-to-create-and-use-macros-for-Helpdesk-tickets,helpdesk/How-to-create-and-use-macros-for-Helpdesk-tickets-4995667413531.md,True,True,10593,
45954205436059,Team Workflow & Productivity,Team Workflow & Productivity,45954023294747,Helpdesk,helpdesk,44438101121563,How to create outbound tickets and log Phone Calls in Helpdesk,https://help.klaviyo.com/hc/en-us/articles/44438101121563-How-to-create-outbound-tickets-and-log-Phone-Calls-in-Helpdesk,helpdesk/How-to-create-outbound-tickets-and-log-Phone-Calls-in-Helpdesk-44438101121563.md,True,True,10286,
45954205436059,Team Workflow & Productivity,Team Workflow & Productivity,45954023294747,Helpdesk,helpdesk,4998792999963,How to edit and delete macros,https://help.klaviyo.com/hc/en-us/articles/4998792999963-How-to-edit-and-delete-macros,helpdesk/How-to-edit-and-delete-macros-4998792999963.md,True,True,11352,https://dynamicycle.com/docs/articles-how-to-edit-and-delete-macros/
45954205436059,Team Workflow & Productivity,Team Workflow & Productivity,45954023294747,Helpdesk,helpdesk,35728181961499,How to leave internal notes on Helpdesk tickets,https://help.klaviyo.com/hc/en-us/articles/35728181961499-How-to-leave-internal-notes-on-Helpdesk-tickets,helpdesk/How-to-leave-internal-notes-on-Helpdesk-tickets-35728181961499.md,True,True,11235,https://dynamicycle.com/docs/articles-how-to-leave-internal-notes-on-helpdesk-tickets/
45954205436059,Team Workflow & Productivity,Team Workflow & Productivity,45954023294747,Helpdesk,helpdesk,36403236266139,How to save a view of metrics in a Helpdesk ticket,https://help.klaviyo.com/hc/en-us/articles/36403236266139-How-to-save-a-view-of-metrics-in-a-Helpdesk-ticket,helpdesk/How-to-save-a-view-of-metrics-in-a-Helpdesk-ticket-36403236266139.md,True,True,11171,https://dynamicycle.com/docs/articles-how-to-save-a-view-of-metrics-in-a-helpdesk-ticket/
45954205436059,Team Workflow & Productivity,Team Workflow & Productivity,45954023294747,Helpdesk,helpdesk,40813462564763,Klaviyo Helpdesk Predictive Insights Panel,https://help.klaviyo.com/hc/en-us/articles/40813462564763-Klaviyo-Helpdesk-Predictive-Insights-Panel,helpdesk/Klaviyo-Helpdesk-Predictive-Insights-Panel-40813462564763.md,True,True,10324,
45954205436059,Team Workflow & Productivity,Team Workflow & Productivity,45954023294747,Helpdesk,helpdesk,43416386141467,Klaviyo Helpdesk: Guide to Pinned Properties,https://help.klaviyo.com/hc/en-us/articles/43416386141467-Klaviyo-Helpdesk-Guide-to-Pinned-Properties,helpdesk/Klaviyo-Helpdesk-Guide-to-Pinned-Properties-43416386141467.md,True,True,10293,
45954205436059,Team Workflow & Productivity,Team Workflow & Productivity,45954023294747,Helpdesk,helpdesk,44437464852379,Klaviyo Helpdesk: How to send and receive media in a ticket,https://help.klaviyo.com/hc/en-us/articles/44437464852379-Klaviyo-Helpdesk-How-to-send-and-receive-media-in-a-ticket,helpdesk/Klaviyo-Helpdesk-How-to-send-and-receive-media-in-a-ticket-44437464852379.md,True,True,10287,
45954205436059,Team Workflow & Productivity,Team Workflow & Productivity,45954023294747,Helpdesk,helpdesk,40813502166171,"Klaviyo Helpdesk: Tag, Segment, and List routing",https://help.klaviyo.com/hc/en-us/articles/40813502166171-Klaviyo-Helpdesk-Tag-Segment-and-List-routing,"helpdesk/Klaviyo-Helpdesk-Tag,-Segment,-and-List-routing-40813502166171.md",True,True,10323,
49375848540187,Magento 2,Adobe Commerce (Magento) > Magento 2,115000032731,Integrations,integrations,115005254348,Getting started with Magento 2.x (CE and EE),https://help.klaviyo.com/hc/en-us/articles/115005254348-Getting-started-with-Magento-2-x-CE-and-EE,integrations/Getting-started-with-Magento-2.x-(CE-and-EE)-115005254348.md,True,True,10810,https://dynamicycle.com/docs/articles-getting-started-with-magento-2-x-ce-and-ee/
49375848540187,Magento 2,Adobe Commerce (Magento) > Magento 2,115000032731,Integrations,integrations,115003492771,Guide to supporting multiple Magento stores (for Magento 2.x),https://help.klaviyo.com/hc/en-us/articles/115003492771-Guide-to-supporting-multiple-Magento-stores-for-Magento-2-x,integrations/Guide-to-supporting-multiple-Magento-stores-(for-Magento-2.x)-115003492771.md,True,True,11381,https://dynamicycle.com/docs/articles-guide-to-supporting-multiple-magento-stores-for-magento-2-x/
49375848540187,Magento 2,Adobe Commerce (Magento) > Magento 2,115000032731,Integrations,integrations,360055336451,How to enable webhooks for Magento 2,https://help.klaviyo.com/hc/en-us/articles/360055336451-How-to-enable-webhooks-for-Magento-2,integrations/How-to-enable-webhooks-for-Magento-2-360055336451.md,True,True,11327,https://dynamicycle.com/docs/articles-how-to-enable-webhooks-for-magento-2/
49375848540187,Magento 2,Adobe Commerce (Magento) > Magento 2,115000032731,Integrations,integrations,5486899706267,How to integrate a headless Magento 2 setup,https://help.klaviyo.com/hc/en-us/articles/5486899706267-How-to-integrate-a-headless-Magento-2-setup,integrations/How-to-integrate-a-headless-Magento-2-setup-5486899706267.md,True,True,11128,https://dynamicycle.com/docs/articles-how-to-integrate-a-headless-magento-2-setup/
49375848540187,Magento 2,Adobe Commerce (Magento) > Magento 2,115000032731,Integrations,integrations,4403350880411,How to manually enable OAuth for Magento 2 v2.2.0 and older,https://help.klaviyo.com/hc/en-us/articles/4403350880411-How-to-manually-enable-OAuth-for-Magento-2-v2-2-0-and-older,integrations/How-to-manually-enable-OAuth-for-Magento-2-v2.2.0-and-older-4403350880411.md,True,True,11190,https://dynamicycle.com/docs/articles-how-to-manually-enable-oauth-for-magento-2-v2-2-0-and-older/
49375848540187,Magento 2,Adobe Commerce (Magento) > Magento 2,115000032731,Integrations,integrations,115005254668,How to remove out-of-stock items in flows for Magento 2,https://help.klaviyo.com/hc/en-us/articles/115005254668-How-to-remove-out-of-stock-items-in-flows-for-Magento-2,integrations/How-to-remove-out-of-stock-items-in-flows-for-Magento-2-115005254668.md,True,True,11366,https://dynamicycle.com/docs/articles-how-to-remove-out-of-stock-items-in-flows-for-magento-2/
49375848540187,Magento 2,Adobe Commerce (Magento) > Magento 2,115000032731,Integrations,integrations,1260807540249,How to set up OAuth for existing Magento 2 integrations,https://help.klaviyo.com/hc/en-us/articles/1260807540249-How-to-set-up-OAuth-for-existing-Magento-2-integrations,integrations/How-to-set-up-OAuth-for-existing-Magento-2-integrations-1260807540249.md,True,True,11246,https://dynamicycle.com/docs/articles-how-to-set-up-oauth-for-existing-magento-2-integrations/
49375848540187,Magento 2,Adobe Commerce (Magento) > Magento 2,115000032731,Integrations,integrations,5510558435739,How to sync consent from Magento 2 to Klaviyo,https://help.klaviyo.com/hc/en-us/articles/5510558435739-How-to-sync-consent-from-Magento-2-to-Klaviyo,integrations/How-to-sync-consent-from-Magento-2-to-Klaviyo-5510558435739.md,True,True,11288,https://dynamicycle.com/docs/articles-how-to-sync-consent-from-magento-2-to-klaviyo/
49375848540187,Magento 2,Adobe Commerce (Magento) > Magento 2,115000032731,Integrations,integrations,115005082407,How to upload existing Magento 2 subscribers to a Klaviyo list,https://help.klaviyo.com/hc/en-us/articles/115005082407-How-to-upload-existing-Magento-2-subscribers-to-a-Klaviyo-list,integrations/How-to-upload-existing-Magento-2-subscribers-to-a-Klaviyo-list-115005082407.md,True,True,11094,https://dynamicycle.com/docs/articles-how-to-upload-existing-magento-2-subscribers-to-a-klaviyo-list/
49375848540187,Magento 2,Adobe Commerce (Magento) > Magento 2,115000032731,Integrations,integrations,115003458852,Magento 2 data reference,https://help.klaviyo.com/hc/en-us/articles/115003458852-Magento-2-data-reference,integrations/Magento-2-data-reference-115003458852.md,True,True,10916,https://dynamicycle.com/docs/articles-magento-2-data-reference/
49375848540187,Magento 2,Adobe Commerce (Magento) > Magento 2,115000032731,Integrations,integrations,360048730411,Magento integration system requirements reference,https://help.klaviyo.com/hc/en-us/articles/360048730411-Magento-integration-system-requirements-reference,integrations/Magento-integration-system-requirements-reference-360048730411.md,True,True,11355,https://dynamicycle.com/docs/articles-magento-integration-system-requirements-reference/
49375848540187,Magento 2,Adobe Commerce (Magento) > Magento 2,115000032731,Integrations,integrations,5510750923035,Troubleshooting your Magento 2 integration,https://help.klaviyo.com/hc/en-us/articles/5510750923035-Troubleshooting-your-Magento-2-integration,integrations/Troubleshooting-your-Magento-2-integration-5510750923035.md,True,True,10979,https://dynamicycle.com/docs/articles-troubleshooting-your-magento-2-integration/
49375230225051,Magento 1,Adobe Commerce (Magento) > Magento 1,115000032731,Integrations,integrations,115005254468,How to Set Up a Magento Cron Job (for Magento 1.x),https://help.klaviyo.com/hc/en-us/articles/115005254468-How-to-Set-Up-a-Magento-Cron-Job-for-Magento-1-x,integrations/How-to-Set-Up-a-Magento-Cron-Job-(for-Magento-1.x)-115005254468.md,True,True,11160,https://dynamicycle.com/docs/articles-how-to-set-up-a-magento-cron-job-for-magento-1-x/
49375230225051,Magento 1,Adobe Commerce (Magento) > Magento 1,115000032731,Integrations,integrations,40426020816027,How to upload existing Magento 1 subscribers to a Klaviyo list,https://help.klaviyo.com/hc/en-us/articles/40426020816027-How-to-upload-existing-Magento-1-subscribers-to-a-Klaviyo-list,integrations/How-to-upload-existing-Magento-1-subscribers-to-a-Klaviyo-list-40426020816027.md,True,True,10327,
49375230225051,Magento 1,Adobe Commerce (Magento) > Magento 1,115000032731,Integrations,integrations,115005254528,Magento 1 data reference,https://help.klaviyo.com/hc/en-us/articles/115005254528-Magento-1-data-reference,integrations/Magento-1-data-reference-115005254528.md,True,True,10931,https://dynamicycle.com/docs/articles-magento-1-data-reference/
49375230225051,Magento 1,Adobe Commerce (Magento) > Magento 1,115000032731,Integrations,integrations,360037501212,Understanding Magento 1 data in flows,https://help.klaviyo.com/hc/en-us/articles/360037501212-Understanding-Magento-1-data-in-flows,integrations/Understanding-Magento-1-data-in-flows-360037501212.md,True,True,11294,https://dynamicycle.com/docs/articles-understanding-magento-1-data-in-flows/
49375957106587,Google Ads,Advertising > Google Ads,115000032731,Integrations,integrations,6353315757211,Getting started with Google Ads,https://help.klaviyo.com/hc/en-us/articles/6353315757211-Getting-started-with-Google-Ads,integrations/Getting-started-with-Google-Ads-6353315757211.md,True,True,10590,
115000036291,Meta Ads,Advertising > Meta Ads,115000032731,Integrations,integrations,360039532331,Advertising glossary,https://help.klaviyo.com/hc/en-us/articles/360039532331-Advertising-glossary,integrations/Advertising-glossary-360039532331.md,True,True,11357,https://dynamicycle.com/docs/articles-advertising-glossary/
115000036291,Meta Ads,Advertising > Meta Ads,115000032731,Integrations,integrations,115005082127,Getting started with Meta Ads,https://help.klaviyo.com/hc/en-us/articles/115005082127-Getting-started-with-Meta-Ads,integrations/Getting-started-with-Meta-Ads-115005082127.md,True,True,10811,https://dynamicycle.com/docs/articles-getting-started-with-meta-ads/
115000036291,Meta Ads,Advertising > Meta Ads,115000032731,Integrations,integrations,360015054631,How to create a value-based lookalike audience in Meta Ads,https://help.klaviyo.com/hc/en-us/articles/360015054631-How-to-create-a-value-based-lookalike-audience-in-Meta-Ads,integrations/How-to-create-a-value-based-lookalike-audience-in-Meta-Ads-360015054631.md,True,True,11332,https://dynamicycle.com/docs/articles-how-to-create-a-value-based-lookalike-audience-in-meta-ads/
115000036291,Meta Ads,Advertising > Meta Ads,115000032731,Integrations,integrations,360040954011,How to determine your Meta audience sync strategy,https://help.klaviyo.com/hc/en-us/articles/360040954011-How-to-determine-your-Meta-audience-sync-strategy,integrations/How-to-determine-your-Meta-audience-sync-strategy-360040954011.md,True,True,11252,https://dynamicycle.com/docs/articles-how-to-determine-your-meta-audience-sync-strategy/
115000036291,Meta Ads,Advertising > Meta Ads,115000032731,Integrations,integrations,360039769672,How to enable advanced targeting on Facebook and Instagram,https://help.klaviyo.com/hc/en-us/articles/360039769672-How-to-enable-advanced-targeting-on-Facebook-and-Instagram,integrations/How-to-enable-advanced-targeting-on-Facebook-and-Instagram-360039769672.md,True,True,11292,https://dynamicycle.com/docs/articles-how-to-enable-advanced-targeting-on-facebook-and-instagram/
115000036291,Meta Ads,Advertising > Meta Ads,115000032731,Integrations,integrations,14318416590235,How to sync Meta lead ad subscribers to Klaviyo,https://help.klaviyo.com/hc/en-us/articles/14318416590235-How-to-sync-Meta-lead-ad-subscribers-to-Klaviyo,integrations/How-to-sync-Meta-lead-ad-subscribers-to-Klaviyo-14318416590235.md,True,True,10873,https://dynamicycle.com/docs/articles-how-to-sync-meta-lead-ad-subscribers-to-klaviyo/
115000036291,Meta Ads,Advertising > Meta Ads,115000032731,Integrations,integrations,360039002832,Meta Ads data reference,https://help.klaviyo.com/hc/en-us/articles/360039002832-Meta-Ads-data-reference,integrations/Meta-Ads-data-reference-360039002832.md,True,True,11004,https://dynamicycle.com/docs/articles-meta-ads-data-reference/
115000036291,Meta Ads,Advertising > Meta Ads,115000032731,Integrations,integrations,33304725419931,Troubleshooting Meta Ads audience creation errors,https://help.klaviyo.com/hc/en-us/articles/33304725419931-Troubleshooting-Meta-Ads-audience-creation-errors,integrations/Troubleshooting-Meta-Ads-audience-creation-errors-33304725419931.md,True,True,11034,https://dynamicycle.com/docs/articles-troubleshooting-meta-ads-audience-creation-errors/
115000036291,Meta Ads,Advertising > Meta Ads,115000032731,Integrations,integrations,26909356614299,"Troubleshooting Meta Ads sync, credential, and authorization errors",https://help.klaviyo.com/hc/en-us/articles/26909356614299-Troubleshooting-Meta-Ads-sync-credential-and-authorization-errors,"integrations/Troubleshooting-Meta-Ads-sync,-credential,-and-authorization-errors-26909356614299.md",True,True,11114,https://dynamicycle.com/docs/articles-troubleshooting-meta-ads-sync-credential-and-authorization-errors/
115000036291,Meta Ads,Advertising > Meta Ads,115000032731,Integrations,integrations,360039881992,Troubleshooting your Instagram web feed in emails,https://help.klaviyo.com/hc/en-us/articles/360039881992-Troubleshooting-your-Instagram-web-feed-in-emails,integrations/Troubleshooting-your-Instagram-web-feed-in-emails-360039881992.md,True,True,11201,https://dynamicycle.com/docs/articles-troubleshooting-your-instagram-web-feed-in-emails/
49375731271323,Pinterest,Advertising > Pinterest,115000032731,Integrations,integrations,25594493075227,Getting started with Pinterest Audiences,https://help.klaviyo.com/hc/en-us/articles/25594493075227-Getting-started-with-Pinterest-Audiences,integrations/Getting-started-with-Pinterest-Audiences-25594493075227.md,True,True,10448,
49375686859419,TikTok Audiences,Advertising > TikTok Audiences,115000032731,Integrations,integrations,22541043261851,Getting started with TikTok Audiences,https://help.klaviyo.com/hc/en-us/articles/22541043261851-Getting-started-with-TikTok-Audiences,integrations/Getting-started-with-TikTok-Audiences-22541043261851.md,True,True,10473,
49375361359643,BigCommerce best practices,BigCommerce > BigCommerce best practices,115000032731,Integrations,integrations,115000099192,Adding a Klaviyo Signup Form to your BigCommerce Store,https://help.klaviyo.com/hc/en-us/articles/115000099192-Adding-a-Klaviyo-Signup-Form-to-your-BigCommerce-Store,integrations/Adding-a-Klaviyo-Signup-Form-to-your-BigCommerce-Store-115000099192.md,True,True,11017,https://dynamicycle.com/docs/articles-adding-a-klaviyo-signup-form-to-your-bigcommerce-store/
49375361359643,BigCommerce best practices,BigCommerce > BigCommerce best practices,115000032731,Integrations,integrations,360022594552,How to add a Klaviyo embed form to your BigCommerce site,https://help.klaviyo.com/hc/en-us/articles/360022594552-How-to-add-a-Klaviyo-embed-form-to-your-BigCommerce-site,integrations/How-to-add-a-Klaviyo-embed-form-to-your-BigCommerce-site-360022594552.md,True,True,11145,https://dynamicycle.com/docs/articles-how-to-add-a-klaviyo-embed-form-to-your-bigcommerce-site/
49375361359643,BigCommerce best practices,BigCommerce > BigCommerce best practices,115000032731,Integrations,integrations,115005082747,How to add a link that applies an item to a BigCommerce cart,https://help.klaviyo.com/hc/en-us/articles/115005082747-How-to-add-a-link-that-applies-an-item-to-a-BigCommerce-cart,integrations/How-to-add-a-link-that-applies-an-item-to-a-BigCommerce-cart-115005082747.md,True,True,11269,https://dynamicycle.com/docs/articles-how-to-add-a-link-that-applies-an-item-to-a-bigcommerce-cart/
49375361359643,BigCommerce best practices,BigCommerce > BigCommerce best practices,115000032731,Integrations,integrations,360024310292,"How to create an ""Added to Cart"" event for BigCommerce",https://help.klaviyo.com/hc/en-us/articles/360024310292-How-to-create-an-Added-to-Cart-event-for-BigCommerce,integrations/How-to-create-an-Added-to-Cart-event-for-BigCommerce-360024310292.md,True,True,11207,https://dynamicycle.com/docs/articles-how-to-create-an-added-to-cart-event-for-bigcommerce/
49375361359643,BigCommerce best practices,BigCommerce > BigCommerce best practices,115000032731,Integrations,integrations,360031724251,How to embed a sign-up form on your BigCommerce order confirmation page,https://help.klaviyo.com/hc/en-us/articles/360031724251-How-to-embed-a-sign-up-form-on-your-BigCommerce-order-confirmation-page,integrations/How-to-embed-a-sign-up-form-on-your-BigCommerce-order-confirmation-page-360031724251.md,True,True,11449,https://dynamicycle.com/docs/articles-how-to-embed-a-sign-up-form-on-your-bigcommerce-order-confirmation-page/
49375361359643,BigCommerce best practices,BigCommerce > BigCommerce best practices,115000032731,Integrations,integrations,30880678063899,How to message BigCommerce customers by storefront,https://help.klaviyo.com/hc/en-us/articles/30880678063899-How-to-message-BigCommerce-customers-by-storefront,integrations/How-to-message-BigCommerce-customers-by-storefront-30880678063899.md,True,True,10409,
49375361359643,BigCommerce best practices,BigCommerce > BigCommerce best practices,115000032731,Integrations,integrations,360058194372,How to turn off SMS consent at checkout for BigCommerce,https://help.klaviyo.com/hc/en-us/articles/360058194372-How-to-turn-off-SMS-consent-at-checkout-for-BigCommerce,integrations/How-to-turn-off-SMS-consent-at-checkout-for-BigCommerce-360058194372.md,True,True,11466,https://dynamicycle.com/docs/articles-how-to-turn-off-sms-consent-at-checkout-for-bigcommerce/
49375361359643,BigCommerce best practices,BigCommerce > BigCommerce best practices,115000032731,Integrations,integrations,115005254988,Sync Your BigCommerce Signup Forms to Klaviyo - Blueprint Themes,https://help.klaviyo.com/hc/en-us/articles/115005254988-Sync-Your-BigCommerce-Signup-Forms-to-Klaviyo-Blueprint-Themes,integrations/Sync-Your-BigCommerce-Signup-Forms-to-Klaviyo---Blueprint-Themes-115005254988.md,True,True,11093,https://dynamicycle.com/docs/articles-sync-your-bigcommerce-signup-forms-to-klaviyo-blueprint-themes/
49375361359643,BigCommerce best practices,BigCommerce > BigCommerce best practices,115000032731,Integrations,integrations,360037937891,Using BigCommerce Data in Flows,https://help.klaviyo.com/hc/en-us/articles/360037937891-Using-BigCommerce-Data-in-Flows,integrations/Using-BigCommerce-Data-in-Flows-360037937891.md,True,True,10903,https://dynamicycle.com/docs/articles-using-bigcommerce-data-in-flows/
49375348896539,Getting started with BigCommerce,BigCommerce > Getting started with BigCommerce,115000032731,Integrations,integrations,115005082587,BigCommerce data reference,https://help.klaviyo.com/hc/en-us/articles/115005082587-BigCommerce-data-reference,integrations/BigCommerce-data-reference-115005082587.md,True,True,10930,https://dynamicycle.com/docs/articles-bigcommerce-data-reference/
49375348896539,Getting started with BigCommerce,BigCommerce > Getting started with BigCommerce,115000032731,Integrations,integrations,115005082547,Getting started with BigCommerce,https://help.klaviyo.com/hc/en-us/articles/115005082547-Getting-started-with-BigCommerce,integrations/Getting-started-with-BigCommerce-115005082547.md,True,True,10808,https://dynamicycle.com/docs/articles-getting-started-with-bigcommerce/
49375348896539,Getting started with BigCommerce,BigCommerce > Getting started with BigCommerce,115000032731,Integrations,integrations,4403594764315,How to disable notification emails sent by BigCommerce,https://help.klaviyo.com/hc/en-us/articles/4403594764315-How-to-disable-notification-emails-sent-by-BigCommerce,integrations/How-to-disable-notification-emails-sent-by-BigCommerce-4403594764315.md,True,True,11066,https://dynamicycle.com/docs/articles-how-to-disable-notification-emails-sent-by-bigcommerce/
49375348896539,Getting started with BigCommerce,BigCommerce > Getting started with BigCommerce,115000032731,Integrations,integrations,19736852757915,How to remove onsite tracking for BigCommerce,https://help.klaviyo.com/hc/en-us/articles/19736852757915-How-to-remove-onsite-tracking-for-BigCommerce,integrations/How-to-remove-onsite-tracking-for-BigCommerce-19736852757915.md,True,True,11118,https://dynamicycle.com/docs/articles-how-to-remove-onsite-tracking-for-bigcommerce/
49375348896539,Getting started with BigCommerce,BigCommerce > Getting started with BigCommerce,115000032731,Integrations,integrations,19736765160731,How to sync BigCommerce email subscribers to a Klaviyo list,https://help.klaviyo.com/hc/en-us/articles/19736765160731-How-to-sync-BigCommerce-email-subscribers-to-a-Klaviyo-list,integrations/How-to-sync-BigCommerce-email-subscribers-to-a-Klaviyo-list-19736765160731.md,True,True,10959,https://dynamicycle.com/docs/articles-how-to-sync-bigcommerce-email-subscribers-to-a-klaviyo-list/
49375213829275,Custom integrations,Custom integrations,115000032731,Integrations,integrations,360004775072,Custom Objects,https://help.klaviyo.com/hc/en-us/articles/360004775072-Custom-Objects,integrations/Custom-Objects-360004775072.md,True,True,11416,https://dynamicycle.com/docs/articles-custom-objects/
49375213829275,Custom integrations,Custom integrations,115000032731,Integrations,integrations,360045726811,Getting started with Klaviyo APIs,https://help.klaviyo.com/hc/en-us/articles/360045726811-Getting-started-with-Klaviyo-APIs,integrations/Getting-started-with-Klaviyo-APIs-360045726811.md,True,True,10670,
49375213829275,Custom integrations,Custom integrations,115000032731,Integrations,integrations,360044013412,How to access your browser's developer console,https://help.klaviyo.com/hc/en-us/articles/360044013412-How-to-access-your-browser-s-developer-console,integrations/How-to-access-your-browser's-developer-console-360044013412.md,True,True,11076,https://dynamicycle.com/docs/articles-how-to-access-your-browser-s-developer-console/
49375213829275,Custom integrations,Custom integrations,115000032731,Integrations,integrations,115005081247,How to manually import historical event data,https://help.klaviyo.com/hc/en-us/articles/115005081247-How-to-manually-import-historical-event-data,integrations/How-to-manually-import-historical-event-data-115005081247.md,True,True,11404,https://dynamicycle.com/docs/articles-how-to-manually-import-historical-event-data/
49375213829275,Custom integrations,Custom integrations,115000032731,Integrations,integrations,4407493023131,How to send test data to Zapier,https://help.klaviyo.com/hc/en-us/articles/4407493023131-How-to-send-test-data-to-Zapier,integrations/How-to-send-test-data-to-Zapier-4407493023131.md,True,True,11375,https://dynamicycle.com/docs/articles-how-to-send-test-data-to-zapier/
49375213829275,Custom integrations,Custom integrations,115000032731,Integrations,integrations,360031423431,Integrate a Standard Ecommerce Platform,https://help.klaviyo.com/hc/en-us/articles/360031423431-Integrate-a-Standard-Ecommerce-Platform,integrations/Integrate-a-Standard-Ecommerce-Platform-360031423431.md,False,False,,
49375213829275,Custom integrations,Custom integrations,115000032731,Integrations,integrations,360007119971,JavaScript API & Server-Side API,https://help.klaviyo.com/hc/en-us/articles/360007119971-JavaScript-API-Server-Side-API,integrations/JavaScript-API-&-Server-Side-API-360007119971.md,True,True,11333,https://dynamicycle.com/docs/articles-javascript-api-server-side-api/
49375213829275,Custom integrations,Custom integrations,115000032731,Integrations,integrations,360006838752,Klaviyo API Overview,https://help.klaviyo.com/hc/en-us/articles/360006838752-Klaviyo-API-Overview,integrations/Klaviyo-API-Overview-360006838752.md,True,True,10908,https://dynamicycle.com/docs/articles-klaviyo-api-overview/
49375213829275,Custom integrations,Custom integrations,115000032731,Integrations,integrations,115005081367,Klaviyo's REST API References,https://help.klaviyo.com/hc/en-us/articles/115005081367-Klaviyo-s-REST-API-References,integrations/Klaviyo's-REST-API-References-115005081367.md,True,True,11368,https://dynamicycle.com/docs/articles-klaviyo-s-rest-api-references/
49375213829275,Custom integrations,Custom integrations,115000032731,Integrations,integrations,360045302732,Technical terms glossary,https://help.klaviyo.com/hc/en-us/articles/360045302732-Technical-terms-glossary,integrations/Technical-terms-glossary-360045302732.md,True,True,11198,https://dynamicycle.com/docs/articles-technical-terms-glossary/
49375418063899,ActBlue,Fundraising > ActBlue,115000032731,Integrations,integrations,115005255208,How to Integrate with ActBlue,https://help.klaviyo.com/hc/en-us/articles/115005255208-How-to-Integrate-with-ActBlue,integrations/How-to-Integrate-with-ActBlue-115005255208.md,True,True,10805,https://dynamicycle.com/docs/articles-how-to-integrate-with-actblue/
49375216127259,Bloomerang Fundraising,Fundraising > Bloomerang Fundraising,115000032731,Integrations,integrations,115005082847,How to integrate with Bloomerang Fundraising,https://help.klaviyo.com/hc/en-us/articles/115005082847-How-to-integrate-with-Bloomerang-Fundraising,integrations/How-to-integrate-with-Bloomerang-Fundraising-115005082847.md,True,True,11363,https://dynamicycle.com/docs/articles-how-to-integrate-with-bloomerang-fundraising/
49375355165723,Classy,Fundraising > Classy,115000032731,Integrations,integrations,115005255528,Create a GoFundMe Pro Fundraising Page Kickoff Flow,https://help.klaviyo.com/hc/en-us/articles/115005255528-Create-a-GoFundMe-Pro-Fundraising-Page-Kickoff-Flow,integrations/Create-a-GoFundMe-Pro-Fundraising-Page-Kickoff-Flow-115005255528.md,True,True,11158,https://dynamicycle.com/docs/articles-create-a-gofundme-pro-fundraising-page-kickoff-flow/
49375355165723,Classy,Fundraising > Classy,115000032731,Integrations,integrations,115005083387,Getting started with GoFundMe Pro,https://help.klaviyo.com/hc/en-us/articles/115005083387-Getting-started-with-GoFundMe-Pro,integrations/Getting-started-with-GoFundMe-Pro-115005083387.md,True,True,10928,https://dynamicycle.com/docs/articles-getting-started-with-gofundme-pro/
49375355165723,Classy,Fundraising > Classy,115000032731,Integrations,integrations,115005255868,How to set up GoFundMe Pro campaigns and flows,https://help.klaviyo.com/hc/en-us/articles/115005255868-How-to-set-up-GoFundMe-Pro-campaigns-and-flows,integrations/How-to-set-up-GoFundMe-Pro-campaigns-and-flows-115005255868.md,True,True,11020,https://dynamicycle.com/docs/articles-how-to-set-up-gofundme-pro-campaigns-and-flows/
49375333314971,Donate.ly,Fundraising > Donate.ly,115000032731,Integrations,integrations,115005255188,How to integrate with Donate.ly,https://help.klaviyo.com/hc/en-us/articles/115005255188-How-to-integrate-with-Donate-ly,integrations/How-to-integrate-with-Donate.ly-115005255188.md,True,True,11221,https://dynamicycle.com/docs/articles-how-to-integrate-with-donate-ly/
49375356067483,DonorPerfect,Fundraising > DonorPerfect,115000032731,Integrations,integrations,115005255168,How to integrate with DonorPerfect,https://help.klaviyo.com/hc/en-us/articles/115005255168-How-to-integrate-with-DonorPerfect,integrations/How-to-integrate-with-DonorPerfect-115005255168.md,True,True,11268,https://dynamicycle.com/docs/articles-how-to-integrate-with-donorperfect/
49375327972635,Funraise,Fundraising > Funraise,115000032731,Integrations,integrations,115005255108,How to integrate with Funraise,https://help.klaviyo.com/hc/en-us/articles/115005255108-How-to-integrate-with-Funraise,integrations/How-to-integrate-with-Funraise-115005255108.md,True,True,11309,https://dynamicycle.com/docs/articles-how-to-integrate-with-funraise/
49375356604443,NeonCRM,Fundraising > NeonCRM,115000032731,Integrations,integrations,115005082887,How to integrate with NeonCRM,https://help.klaviyo.com/hc/en-us/articles/115005082887-How-to-integrate-with-NeonCRM,integrations/How-to-integrate-with-NeonCRM-115005082887.md,True,True,11341,https://dynamicycle.com/docs/articles-how-to-integrate-with-neoncrm/
49375648927771,Boulevard,Health and wellness > Boulevard,115000032731,Integrations,integrations,16130796656667,Boulevard data reference,https://help.klaviyo.com/hc/en-us/articles/16130796656667-Boulevard-data-reference,integrations/Boulevard-data-reference-16130796656667.md,True,True,10538,
49375648927771,Boulevard,Health and wellness > Boulevard,115000032731,Integrations,integrations,16131320434459,Getting started with Boulevard,https://help.klaviyo.com/hc/en-us/articles/16131320434459-Getting-started-with-Boulevard,integrations/Getting-started-with-Boulevard-16131320434459.md,True,True,10537,
49375589754907,Mindbody,Health and wellness > Mindbody,115000032731,Integrations,integrations,15348624462747,Getting started with Mindbody,https://help.klaviyo.com/hc/en-us/articles/15348624462747-Getting-started-with-Mindbody,integrations/Getting-started-with-Mindbody-15348624462747.md,True,True,10544,
49375589754907,Mindbody,Health and wellness > Mindbody,115000032731,Integrations,integrations,15344283585819,Mindbody data reference,https://help.klaviyo.com/hc/en-us/articles/15344283585819-Mindbody-data-reference,integrations/Mindbody-data-reference-15344283585819.md,True,True,10870,https://dynamicycle.com/docs/articles-mindbody-data-reference/
49375631549979,Zenoti,Health and wellness > Zenoti,115000032731,Integrations,integrations,15752461211547,Getting started with Zenoti,https://help.klaviyo.com/hc/en-us/articles/15752461211547-Getting-started-with-Zenoti,integrations/Getting-started-with-Zenoti-15752461211547.md,True,True,10542,
49375631549979,Zenoti,Health and wellness > Zenoti,115000032731,Integrations,integrations,15752724401691,Zenoti data reference,https://help.klaviyo.com/hc/en-us/articles/15752724401691-Zenoti-data-reference,integrations/Zenoti-data-reference-15752724401691.md,True,True,10867,https://dynamicycle.com/docs/articles-zenoti-data-reference/
49375952441243,Cloudbeds,Hotels and travel > Cloudbeds,115000032731,Integrations,integrations,39406875083035,Cloudbeds data reference,https://help.klaviyo.com/hc/en-us/articles/39406875083035-Cloudbeds-data-reference,integrations/Cloudbeds-data-reference-39406875083035.md,True,True,10341,
49375952441243,Cloudbeds,Hotels and travel > Cloudbeds,115000032731,Integrations,integrations,39406849361691,Getting started with Cloudbeds,https://help.klaviyo.com/hc/en-us/articles/39406849361691-Getting-started-with-Cloudbeds,integrations/Getting-started-with-Cloudbeds-39406849361691.md,True,True,10342,
49375952441243,Cloudbeds,Hotels and travel > Cloudbeds,115000032731,Integrations,integrations,47187823602459,Setting up key hotel reports with Cloudbeds,https://help.klaviyo.com/hc/en-us/articles/47187823602459-Setting-up-key-hotel-reports-with-Cloudbeds,integrations/Setting-up-key-hotel-reports-with-Cloudbeds-47187823602459.md,True,True,10244,
48484642896283,General,Hotels and travel > General,115000032731,Integrations,integrations,48920041574811,Hotel Enablement Guide,https://help.klaviyo.com/hc/en-us/articles/48920041574811-Hotel-Enablement-Guide,integrations/Hotel-Enablement-Guide-48920041574811.md,True,True,10224,
48484642896283,General,Hotels and travel > General,115000032731,Integrations,integrations,46643094275099,How to Add Klaviyo Onsite Tracking to Your Booking Engine,https://help.klaviyo.com/hc/en-us/articles/46643094275099-How-to-Add-Klaviyo-Onsite-Tracking-to-Your-Booking-Engine,integrations/How-to-Add-Klaviyo-Onsite-Tracking-to-Your-Booking-Engine-46643094275099.md,True,True,10250,
49375906904603,Guesty,Hotels and travel > Guesty,115000032731,Integrations,integrations,37673288455323,Getting started with Guesty,https://help.klaviyo.com/hc/en-us/articles/37673288455323-Getting-started-with-Guesty,integrations/Getting-started-with-Guesty-37673288455323.md,True,True,10351,
49375906904603,Guesty,Hotels and travel > Guesty,115000032731,Integrations,integrations,37673417604507,Guesty data reference,https://help.klaviyo.com/hc/en-us/articles/37673417604507-Guesty-data-reference,integrations/Guesty-data-reference-37673417604507.md,True,True,10836,https://dynamicycle.com/docs/articles-guesty-data-reference/
49375921845787,Mews,Hotels and travel > Mews,115000032731,Integrations,integrations,38311148860955,Getting started with Mews,https://help.klaviyo.com/hc/en-us/articles/38311148860955-Getting-started-with-Mews,integrations/Getting-started-with-Mews-38311148860955.md,True,True,10347,
49375921845787,Mews,Hotels and travel > Mews,115000032731,Integrations,integrations,38311213022235,Mews data reference,https://help.klaviyo.com/hc/en-us/articles/38311213022235-Mews-data-reference,integrations/Mews-data-reference-38311213022235.md,True,True,10833,https://dynamicycle.com/docs/articles-mews-data-reference/
49375921845787,Mews,Hotels and travel > Mews,115000032731,Integrations,integrations,47194724598555,Setting up key hotel reports with Mews,https://help.klaviyo.com/hc/en-us/articles/47194724598555-Setting-up-key-hotel-reports-with-Mews,integrations/Setting-up-key-hotel-reports-with-Mews-47194724598555.md,True,True,10243,
49375437778587,All integrations,How integrations work > All integrations,115000032731,Integrations,integrations,115005081007,Frequently asked questions about integrations,https://help.klaviyo.com/hc/en-us/articles/115005081007-Frequently-asked-questions-about-integrations,integrations/Frequently-asked-questions-about-integrations-115005081007.md,True,True,11342,https://dynamicycle.com/docs/articles-frequently-asked-questions-about-integrations/
49375437778587,All integrations,How integrations work > All integrations,115000032731,Integrations,integrations,20920631501979,Getting started with data capture in Klaviyo,https://help.klaviyo.com/hc/en-us/articles/20920631501979-Getting-started-with-data-capture-in-Klaviyo,integrations/Getting-started-with-data-capture-in-Klaviyo-20920631501979.md,True,True,11175,https://dynamicycle.com/docs/articles-getting-started-with-data-capture-in-klaviyo/
49375437778587,All integrations,How integrations work > All integrations,115000032731,Integrations,integrations,115005253208,How often integrations sync reference,https://help.klaviyo.com/hc/en-us/articles/115005253208-How-often-integrations-sync-reference,integrations/How-often-integrations-sync-reference-115005253208.md,False,False,,
49375437778587,All integrations,How integrations work > All integrations,115000032731,Integrations,integrations,19143781289115,How to allowlist Klaviyo integration traffic IP addresses,https://help.klaviyo.com/hc/en-us/articles/19143781289115-How-to-allowlist-Klaviyo-integration-traffic-IP-addresses,integrations/How-to-allowlist-Klaviyo-integration-traffic-IP-addresses-19143781289115.md,True,True,11280,https://dynamicycle.com/docs/articles-how-to-allowlist-klaviyo-integration-traffic-ip-addresses/
49375437778587,All integrations,How integrations work > All integrations,115000032731,Integrations,integrations,115005081127,"How to edit, disable, or remove a Klaviyo-built integration",https://help.klaviyo.com/hc/en-us/articles/115005081127-How-to-edit-disable-or-remove-a-Klaviyo-built-integration,"integrations/How-to-edit,-disable,-or-remove-a-Klaviyo-built-integration-115005081127.md",True,True,11271,https://dynamicycle.com/docs/articles-how-to-edit-disable-or-remove-a-klaviyo-built-integration/
49375437778587,All integrations,How integrations work > All integrations,115000032731,Integrations,integrations,115000256472,Understanding Klaviyo-built integrations,https://help.klaviyo.com/hc/en-us/articles/115000256472-Understanding-Klaviyo-built-integrations,integrations/Understanding-Klaviyo-built-integrations-115000256472.md,True,True,10923,https://dynamicycle.com/docs/articles-understanding-klaviyo-built-integrations/
49375437778587,All integrations,How integrations work > All integrations,115000032731,Integrations,integrations,360030265051,Understanding how information is exchanged between Klaviyo and apps,https://help.klaviyo.com/hc/en-us/articles/360030265051-Understanding-how-information-is-exchanged-between-Klaviyo-and-apps,integrations/Understanding-how-information-is-exchanged-between-Klaviyo-and-apps-360030265051.md,True,True,11082,https://dynamicycle.com/docs/articles-understanding-how-information-is-exchanged-between-klaviyo-and-apps/
49375437778587,All integrations,How integrations work > All integrations,115000032731,Integrations,integrations,16741902158491,Understanding the integrations tab,https://help.klaviyo.com/hc/en-us/articles/16741902158491-Understanding-the-integrations-tab,integrations/Understanding-the-integrations-tab-16741902158491.md,True,True,10529,
49375437778587,All integrations,How integrations work > All integrations,115000032731,Integrations,integrations,360030696012,Understanding the types of information exchanged between Klaviyo and apps,https://help.klaviyo.com/hc/en-us/articles/360030696012-Understanding-the-types-of-information-exchanged-between-Klaviyo-and-apps,integrations/Understanding-the-types-of-information-exchanged-between-Klaviyo-and-apps-360030696012.md,True,True,11142,https://dynamicycle.com/docs/articles-understanding-the-types-of-information-exchanged-between-klaviyo-and-apps/
49375437778587,All integrations,How integrations work > All integrations,115000032731,Integrations,integrations,360049626051,Understanding third-party apps,https://help.klaviyo.com/hc/en-us/articles/360049626051-Understanding-third-party-apps,integrations/Understanding-third-party-apps-360049626051.md,True,True,10997,https://dynamicycle.com/docs/articles-understanding-third-party-apps/
49375465238811,Ecommerce integrations,How integrations work > Ecommerce integrations,115000032731,Integrations,integrations,360047568211,How to use the ecommerce onboarding checklists,https://help.klaviyo.com/hc/en-us/articles/360047568211-How-to-use-the-ecommerce-onboarding-checklists,integrations/How-to-use-the-ecommerce-onboarding-checklists-360047568211.md,True,True,10668,
49375465238811,Ecommerce integrations,How integrations work > Ecommerce integrations,115000032731,Integrations,integrations,360020698171,Integrations for ecommerce businesses reference,https://help.klaviyo.com/hc/en-us/articles/360020698171-Integrations-for-ecommerce-businesses-reference,integrations/Integrations-for-ecommerce-businesses-reference-360020698171.md,True,True,11297,https://dynamicycle.com/docs/articles-integrations-for-ecommerce-businesses-reference/
46281687549467,Klaviyo app for ChatGPT,Klaviyo app for ChatGPT,115000032731,Integrations,integrations,46281487065243,Frequently Asked Questions for the Klaviyo app for ChatGPT,https://help.klaviyo.com/hc/en-us/articles/46281487065243-Frequently-Asked-Questions-for-the-Klaviyo-app-for-ChatGPT,integrations/Frequently-Asked-Questions-for-the-Klaviyo-app-for-ChatGPT-46281487065243.md,True,True,10260,
46281687549467,Klaviyo app for ChatGPT,Klaviyo app for ChatGPT,115000032731,Integrations,integrations,44510690715931,How to use the Klaviyo app for ChatGPT,https://help.klaviyo.com/hc/en-us/articles/44510690715931-How-to-use-the-Klaviyo-app-for-ChatGPT,integrations/How-to-use-the-Klaviyo-app-for-ChatGPT-44510690715931.md,True,True,10281,
49375330892955,Kickoff Labs,Landing pages and forms > Kickoff Labs,115000032731,Integrations,integrations,115000691992,How to integrate with Kickoff Labs,https://help.klaviyo.com/hc/en-us/articles/115000691992-How-to-integrate-with-Kickoff-Labs,integrations/How-to-integrate-with-Kickoff-Labs-115000691992.md,True,True,11361,https://dynamicycle.com/docs/articles-how-to-integrate-with-kickoff-labs/
49375302228891,Typeform,Landing pages and forms > Typeform,115000032731,Integrations,integrations,115000107112,Typeform v1 data reference,https://help.klaviyo.com/hc/en-us/articles/115000107112-Typeform-v1-data-reference,integrations/Typeform-v1-data-reference-115000107112.md,True,True,11457,https://dynamicycle.com/docs/articles-typeform-v1-data-reference/
49375306241051,Unbounce,Landing pages and forms > Unbounce,115000032731,Integrations,integrations,115005082507,Getting started with Unbounce,https://help.klaviyo.com/hc/en-us/articles/115005082507-Getting-started-with-Unbounce,integrations/Getting-started-with-Unbounce-115005082507.md,True,True,11461,https://dynamicycle.com/docs/articles-getting-started-with-unbounce/
49375313742235,Wufoo,Landing pages and forms > Wufoo,115000032731,Integrations,integrations,115005254868,How to integrate with Wufoo,https://help.klaviyo.com/hc/en-us/articles/115005254868-How-to-integrate-with-Wufoo,integrations/How-to-integrate-with-Wufoo-115005254868.md,True,True,11465,https://dynamicycle.com/docs/articles-how-to-integrate-with-wufoo/
49375918518171,Migrate to Klaviyo,Migrate to Klaviyo,115000032731,Integrations,integrations,36443926107163,Jessie's Test,https://help.klaviyo.com/hc/en-us/articles/36443926107163-Jessie-s-Test,integrations/Jessie's-Test-36443926107163.md,True,True,10358,
49375599125915,Migrate from an SMS platform,Migrate to Klaviyo > Migrate from an SMS platform,115000032731,Integrations,integrations,4407486310683,How to send consent to Klaviyo via Zapier,https://help.klaviyo.com/hc/en-us/articles/4407486310683-How-to-send-consent-to-Klaviyo-via-Zapier,integrations/How-to-send-consent-to-Klaviyo-via-Zapier-4407486310683.md,True,True,11188,https://dynamicycle.com/docs/articles-how-to-send-consent-to-klaviyo-via-zapier/
49375544319515,Migrate from an email service provider,Migrate to Klaviyo > Migrate from an email service provider,115000032731,Integrations,integrations,31491379626267,Constant Contact data reference,https://help.klaviyo.com/hc/en-us/articles/31491379626267-Constant-Contact-data-reference,integrations/Constant-Contact-data-reference-31491379626267.md,False,False,,
49375544319515,Migrate from an email service provider,Migrate to Klaviyo > Migrate from an email service provider,115000032731,Integrations,integrations,115002053752,How to import your contacts from a previous ESP or CRM,https://help.klaviyo.com/hc/en-us/articles/115002053752-How-to-import-your-contacts-from-a-previous-ESP-or-CRM,integrations/How-to-import-your-contacts-from-a-previous-ESP-or-CRM-115002053752.md,True,True,10921,https://dynamicycle.com/docs/articles-how-to-import-your-contacts-from-a-previous-esp-or-crm/
49375544319515,Migrate from an email service provider,Migrate to Klaviyo > Migrate from an email service provider,115000032731,Integrations,integrations,115005254968,How to integrate with Campaign Monitor,https://help.klaviyo.com/hc/en-us/articles/115005254968-How-to-integrate-with-Campaign-Monitor,integrations/How-to-integrate-with-Campaign-Monitor-115005254968.md,True,True,11159,https://dynamicycle.com/docs/articles-how-to-integrate-with-campaign-monitor/
49375544319515,Migrate from an email service provider,Migrate to Klaviyo > Migrate from an email service provider,115000032731,Integrations,integrations,115005082727,How to migrate from Constant Contact,https://help.klaviyo.com/hc/en-us/articles/115005082727-How-to-migrate-from-Constant-Contact,integrations/How-to-migrate-from-Constant-Contact-115005082727.md,True,True,11364,https://dynamicycle.com/docs/articles-how-to-migrate-from-constant-contact/
49375544319515,Migrate from an email service provider,Migrate to Klaviyo > Migrate from an email service provider,115000032731,Integrations,integrations,360039708512,How to migrate from HubSpot,https://help.klaviyo.com/hc/en-us/articles/360039708512-How-to-migrate-from-HubSpot,integrations/How-to-migrate-from-HubSpot-360039708512.md,True,True,11202,https://dynamicycle.com/docs/articles-how-to-migrate-from-hubspot/
49375544319515,Migrate from an email service provider,Migrate to Klaviyo > Migrate from an email service provider,115000032731,Integrations,integrations,360034550591,How to migrate from Listrak,https://help.klaviyo.com/hc/en-us/articles/360034550591-How-to-migrate-from-Listrak,integrations/How-to-migrate-from-Listrak-360034550591.md,True,True,11257,https://dynamicycle.com/docs/articles-how-to-migrate-from-listrak/
49375544319515,Migrate from an email service provider,Migrate to Klaviyo > Migrate from an email service provider,115000032731,Integrations,integrations,115005254948,How to migrate from Mailchimp,https://help.klaviyo.com/hc/en-us/articles/115005254948-How-to-migrate-from-Mailchimp,integrations/How-to-migrate-from-Mailchimp-115005254948.md,True,True,11310,https://dynamicycle.com/docs/articles-how-to-migrate-from-mailchimp/
49375544319515,Migrate from an email service provider,Migrate to Klaviyo > Migrate from an email service provider,115000032731,Integrations,integrations,360036945872,How to migrate from Sailthru,https://help.klaviyo.com/hc/en-us/articles/360036945872-How-to-migrate-from-Sailthru,integrations/How-to-migrate-from-Sailthru-360036945872.md,True,True,11329,https://dynamicycle.com/docs/articles-how-to-migrate-from-sailthru/
49375544319515,Migrate from an email service provider,Migrate to Klaviyo > Migrate from an email service provider,115000032731,Integrations,integrations,115000267471,How to migrate from Salesforce Marketing Cloud,https://help.klaviyo.com/hc/en-us/articles/115000267471-How-to-migrate-from-Salesforce-Marketing-Cloud,integrations/How-to-migrate-from-Salesforce-Marketing-Cloud-115000267471.md,True,True,11402,https://dynamicycle.com/docs/articles-how-to-migrate-from-salesforce-marketing-cloud/
49375544319515,Migrate from an email service provider,Migrate to Klaviyo > Migrate from an email service provider,115000032731,Integrations,integrations,39598076123547,How to migrate from Yotpo to Klaviyo,https://help.klaviyo.com/hc/en-us/articles/39598076123547-How-to-migrate-from-Yotpo-to-Klaviyo,integrations/How-to-migrate-from-Yotpo-to-Klaviyo-39598076123547.md,True,True,10340,
49375544319515,Migrate from an email service provider,Migrate to Klaviyo > Migrate from an email service provider,115000032731,Integrations,integrations,115005082767,How to migrate from another email service provider to Klaviyo,https://help.klaviyo.com/hc/en-us/articles/115005082767-How-to-migrate-from-another-email-service-provider-to-Klaviyo,integrations/How-to-migrate-from-another-email-service-provider-to-Klaviyo-115005082767.md,True,True,10807,https://dynamicycle.com/docs/articles-how-to-migrate-from-another-email-service-provider-to-klaviyo/
49375544319515,Migrate from an email service provider,Migrate to Klaviyo > Migrate from an email service provider,115000032731,Integrations,integrations,360003124151,How to update Klaviyo after switching ecommerce platforms,https://help.klaviyo.com/hc/en-us/articles/360003124151-How-to-update-Klaviyo-after-switching-ecommerce-platforms,integrations/How-to-update-Klaviyo-after-switching-ecommerce-platforms-360003124151.md,True,True,11012,https://dynamicycle.com/docs/articles-how-to-update-klaviyo-after-switching-ecommerce-platforms/
49375544319515,Migrate from an email service provider,Migrate to Klaviyo > Migrate from an email service provider,115000032731,Integrations,integrations,360034455472,Migrate from Drip to Klaviyo,https://help.klaviyo.com/hc/en-us/articles/360034455472-Migrate-from-Drip-to-Klaviyo,integrations/Migrate-from-Drip-to-Klaviyo-360034455472.md,True,True,11080,https://dynamicycle.com/docs/articles-migrate-from-drip-to-klaviyo/
49375618546715,Amazon Buy with Prime,More integrations > Amazon Buy with Prime,115000032731,Integrations,integrations,14708160794779,Amazon Buy with Prime data reference,https://help.klaviyo.com/hc/en-us/articles/14708160794779-Amazon-Buy-with-Prime-data-reference,integrations/Amazon-Buy-with-Prime-data-reference-14708160794779.md,True,True,10871,https://dynamicycle.com/docs/articles-amazon-buy-with-prime-data-reference/
49375618546715,Amazon Buy with Prime,More integrations > Amazon Buy with Prime,115000032731,Integrations,integrations,14708088221467,Getting started with Amazon Buy with Prime,https://help.klaviyo.com/hc/en-us/articles/14708088221467-Getting-started-with-Amazon-Buy-with-Prime,integrations/Getting-started-with-Amazon-Buy-with-Prime-14708088221467.md,True,True,10553,
49375618546715,Amazon Buy with Prime,More integrations > Amazon Buy with Prime,115000032731,Integrations,integrations,15156331062171,How to create a winback flow for Amazon Buy with Prime,https://help.klaviyo.com/hc/en-us/articles/15156331062171-How-to-create-a-winback-flow-for-Amazon-Buy-with-Prime,integrations/How-to-create-a-winback-flow-for-Amazon-Buy-with-Prime-15156331062171.md,True,True,10966,https://dynamicycle.com/docs/articles-how-to-create-a-winback-flow-for-amazon-buy-with-prime/
49375618546715,Amazon Buy with Prime,More integrations > Amazon Buy with Prime,115000032731,Integrations,integrations,14985388418331,How to create an abandoned cart flow for Amazon Buy with Prime,https://help.klaviyo.com/hc/en-us/articles/14985388418331-How-to-create-an-abandoned-cart-flow-for-Amazon-Buy-with-Prime,integrations/How-to-create-an-abandoned-cart-flow-for-Amazon-Buy-with-Prime-14985388418331.md,True,True,11049,https://dynamicycle.com/docs/articles-how-to-create-an-abandoned-cart-flow-for-amazon-buy-with-prime/
49375695997851,Canva,More integrations > Canva,115000032731,Integrations,integrations,23364424365339,Getting started with Canva,https://help.klaviyo.com/hc/en-us/articles/23364424365339-Getting-started-with-Canva,integrations/Getting-started-with-Canva-23364424365339.md,True,True,10466,
49375866312475,Eventbrite,More integrations > Eventbrite,115000032731,Integrations,integrations,115005252888,How to integrate with Eventbrite,https://help.klaviyo.com/hc/en-us/articles/115005252888-How-to-integrate-with-Eventbrite,integrations/How-to-integrate-with-Eventbrite-115005252888.md,True,True,11024,https://dynamicycle.com/docs/articles-how-to-integrate-with-eventbrite/
49375328411035,OpenCart,More integrations > OpenCart,115000032731,Integrations,integrations,115005255408,How to integrate with OpenCart,https://help.klaviyo.com/hc/en-us/articles/115005255408-How-to-integrate-with-OpenCart,integrations/How-to-integrate-with-OpenCart-115005255408.md,True,True,10929,https://dynamicycle.com/docs/articles-how-to-integrate-with-opencart/
49375823429659,Salesforce CRM,More integrations > Salesforce CRM,115000032731,Integrations,integrations,115005081947,How to integrate with Salesforce CRM,https://help.klaviyo.com/hc/en-us/articles/115005081947-How-to-integrate-with-Salesforce-CRM,integrations/How-to-integrate-with-Salesforce-CRM-115005081947.md,True,True,10813,https://dynamicycle.com/docs/articles-how-to-integrate-with-salesforce-crm/
49375270259227,Segment,More integrations > Segment,115000032731,Integrations,integrations,115005252988,How to integrate with Segment,https://help.klaviyo.com/hc/en-us/articles/115005252988-How-to-integrate-with-Segment,integrations/How-to-integrate-with-Segment-115005252988.md,True,True,10933,https://dynamicycle.com/docs/articles-how-to-integrate-with-segment/
49375320292763,Shift4Shop,More integrations > Shift4Shop,115000032731,Integrations,integrations,115005083107,Getting started with Shift4Shop,https://help.klaviyo.com/hc/en-us/articles/115005083107-Getting-started-with-Shift4Shop,integrations/Getting-started-with-Shift4Shop-115005083107.md,True,True,11021,https://dynamicycle.com/docs/articles-getting-started-with-shift4shop/
49375225542683,Shopware,More integrations > Shopware,115000032731,Integrations,integrations,13001662470939,Getting started with Shopware,https://help.klaviyo.com/hc/en-us/articles/13001662470939-Getting-started-with-Shopware,integrations/Getting-started-with-Shopware-13001662470939.md,True,True,10557,
49375225542683,Shopware,More integrations > Shopware,115000032731,Integrations,integrations,13325405718939,How to create a back in stock flow for Shopware,https://help.klaviyo.com/hc/en-us/articles/13325405718939-How-to-create-a-back-in-stock-flow-for-Shopware,integrations/How-to-create-a-back-in-stock-flow-for-Shopware-13325405718939.md,True,True,11052,https://dynamicycle.com/docs/articles-how-to-create-a-back-in-stock-flow-for-shopware/
49375225542683,Shopware,More integrations > Shopware,115000032731,Integrations,integrations,13323494909083,How to create an abandoned cart flow for Shopware,https://help.klaviyo.com/hc/en-us/articles/13323494909083-How-to-create-an-abandoned-cart-flow-for-Shopware,integrations/How-to-create-an-abandoned-cart-flow-for-Shopware-13323494909083.md,True,True,10968,https://dynamicycle.com/docs/articles-how-to-create-an-abandoned-cart-flow-for-shopware/
49375225542683,Shopware,More integrations > Shopware,115000032731,Integrations,integrations,13006716790299,Shopware data reference,https://help.klaviyo.com/hc/en-us/articles/13006716790299-Shopware-data-reference,integrations/Shopware-data-reference-13006716790299.md,True,True,10874,https://dynamicycle.com/docs/articles-shopware-data-reference/
49375329648795,Spree,More integrations > Spree,115000032731,Integrations,integrations,115005255448,How to integrate with Spree,https://help.klaviyo.com/hc/en-us/articles/115005255448-How-to-integrate-with-Spree,integrations/How-to-integrate-with-Spree-115005255448.md,True,True,11092,https://dynamicycle.com/docs/articles-how-to-integrate-with-spree/
49375215615771,Volusion,More integrations > Volusion,115000032731,Integrations,integrations,115005083427,How to integrate with Volusion,https://help.klaviyo.com/hc/en-us/articles/115005083427-How-to-integrate-with-Volusion,integrations/How-to-integrate-with-Volusion-115005083427.md,True,True,11157,https://dynamicycle.com/docs/articles-how-to-integrate-with-volusion/
49375215615771,Volusion,More integrations > Volusion,115000032731,Integrations,integrations,115005083487,Volusion Troubleshooting,https://help.klaviyo.com/hc/en-us/articles/115005083487-Volusion-Troubleshooting,integrations/Volusion-Troubleshooting-115005083487.md,True,True,11220,https://dynamicycle.com/docs/articles-volusion-troubleshooting/
49375844112283,Zoho,More integrations > Zoho,115000032731,Integrations,integrations,115005081687,How to integrate with Zoho,https://help.klaviyo.com/hc/en-us/articles/115005081687-How-to-integrate-with-Zoho,integrations/How-to-integrate-with-Zoho-115005081687.md,True,True,10814,https://dynamicycle.com/docs/articles-how-to-integrate-with-zoho/
49375709970843,Dutchie POS,POS > Dutchie POS,115000032731,Integrations,integrations,22698234676507,Dutchie POS data reference,https://help.klaviyo.com/hc/en-us/articles/22698234676507-Dutchie-POS-data-reference,integrations/Dutchie-POS-data-reference-22698234676507.md,True,True,10855,https://dynamicycle.com/docs/articles-dutchie-pos-data-reference/
49375709970843,Dutchie POS,POS > Dutchie POS,115000032731,Integrations,integrations,22698258709531,Getting started with Dutchie POS,https://help.klaviyo.com/hc/en-us/articles/22698258709531-Getting-started-with-Dutchie-POS,integrations/Getting-started-with-Dutchie-POS-22698258709531.md,True,True,10471,
49375208299035,Lightspeed,POS > Lightspeed,115000032731,Integrations,integrations,115005081987,Getting started with Lightspeed POS,https://help.klaviyo.com/hc/en-us/articles/115005081987-Getting-started-with-Lightspeed-POS,integrations/Getting-started-with-Lightspeed-POS-115005081987.md,True,True,10812,https://dynamicycle.com/docs/articles-getting-started-with-lightspeed-pos/
49375204777755,Square,POS > Square,115000032731,Integrations,integrations,11117215837211,Getting started with Square,https://help.klaviyo.com/hc/en-us/articles/11117215837211-Getting-started-with-Square,integrations/Getting-started-with-Square-11117215837211.md,True,True,10566,
49375204777755,Square,POS > Square,115000032731,Integrations,integrations,18229698831003,How to add a Klaviyo embed form to your Square Online site,https://help.klaviyo.com/hc/en-us/articles/18229698831003-How-to-add-a-Klaviyo-embed-form-to-your-Square-Online-site,integrations/How-to-add-a-Klaviyo-embed-form-to-your-Square-Online-site-18229698831003.md,True,True,11043,https://dynamicycle.com/docs/articles-how-to-add-a-klaviyo-embed-form-to-your-square-online-site/
49375204777755,Square,POS > Square,115000032731,Integrations,integrations,19450345654811,How to differentiate web and POS order events from Square,https://help.klaviyo.com/hc/en-us/articles/19450345654811-How-to-differentiate-web-and-POS-order-events-from-Square,integrations/How-to-differentiate-web-and-POS-order-events-from-Square-19450345654811.md,True,True,10960,https://dynamicycle.com/docs/articles-how-to-differentiate-web-and-pos-order-events-from-square/
49375204777755,Square,POS > Square,115000032731,Integrations,integrations,11117271030555,Square data reference,https://help.klaviyo.com/hc/en-us/articles/11117271030555-Square-data-reference,integrations/Square-data-reference-11117271030555.md,True,True,10876,https://dynamicycle.com/docs/articles-square-data-reference/
49375270871835,Chargebee,Payments > Chargebee,115000032731,Integrations,integrations,115005082247,How to integrate with Chargebee,https://help.klaviyo.com/hc/en-us/articles/115005082247-How-to-integrate-with-Chargebee,integrations/How-to-integrate-with-Chargebee-115005082247.md,True,True,10809,https://dynamicycle.com/docs/articles-how-to-integrate-with-chargebee/
49375313263771,Recurly,Payments > Recurly,115000032731,Integrations,integrations,115005082207,How to integrate with Recurly,https://help.klaviyo.com/hc/en-us/articles/115005082207-How-to-integrate-with-Recurly,integrations/How-to-integrate-with-Recurly-115005082207.md,True,True,11022,https://dynamicycle.com/docs/articles-how-to-integrate-with-recurly/
49375433788699,Stripe,Payments > Stripe,115000032731,Integrations,integrations,115005082267,Getting started with Stripe,https://help.klaviyo.com/hc/en-us/articles/115005082267-Getting-started-with-Stripe,integrations/Getting-started-with-Stripe-115005082267.md,True,True,11095,https://dynamicycle.com/docs/articles-getting-started-with-stripe/
49375889864603,PrestaShop,PrestaShop,115000032731,Integrations,integrations,360054551492,Getting started with PrestaShop,https://help.klaviyo.com/hc/en-us/articles/360054551492-Getting-started-with-PrestaShop,integrations/Getting-started-with-PrestaShop-360054551492.md,True,True,10639,
49375889864603,PrestaShop,PrestaShop,115000032731,Integrations,integrations,14477037350299,How to enable PrestaShop price include VAT,https://help.klaviyo.com/hc/en-us/articles/14477037350299-How-to-enable-PrestaShop-price-include-VAT,integrations/How-to-enable-PrestaShop-price-include-VAT-14477037350299.md,True,True,11051,https://dynamicycle.com/docs/articles-how-to-enable-prestashop-price-include-vat/
49375889864603,PrestaShop,PrestaShop,115000032731,Integrations,integrations,33059375555099,How to enable back in stock for PrestaShop,https://help.klaviyo.com/hc/en-us/articles/33059375555099-How-to-enable-back-in-stock-for-PrestaShop,integrations/How-to-enable-back-in-stock-for-PrestaShop-33059375555099.md,True,True,10952,https://dynamicycle.com/docs/articles-how-to-enable-back-in-stock-for-prestashop/
49375889864603,PrestaShop,PrestaShop,115000032731,Integrations,integrations,360055123191,PrestaShop data reference,https://help.klaviyo.com/hc/en-us/articles/360055123191-PrestaShop-data-reference,integrations/PrestaShop-data-reference-360055123191.md,True,True,10895,https://dynamicycle.com/docs/articles-prestashop-data-reference/
49375889864603,PrestaShop,PrestaShop,115000032731,Integrations,integrations,15311862315803,Troubleshooting PrestaShop authorization error PHP as CGI,https://help.klaviyo.com/hc/en-us/articles/15311862315803-Troubleshooting-PrestaShop-authorization-error-PHP-as-CGI,integrations/Troubleshooting-PrestaShop-authorization-error-PHP-as-CGI-15311862315803.md,True,True,11122,https://dynamicycle.com/docs/articles-troubleshooting-prestashop-authorization-error-php-as-cgi/
49375712903579,ChowNow,Restaurants > ChowNow,115000032731,Integrations,integrations,24206475048219,ChowNow data reference,https://help.klaviyo.com/hc/en-us/articles/24206475048219-ChowNow-data-reference,integrations/ChowNow-data-reference-24206475048219.md,True,True,10461,
49375712903579,ChowNow,Restaurants > ChowNow,115000032731,Integrations,integrations,24206444868251,Getting started with ChowNow,https://help.klaviyo.com/hc/en-us/articles/24206444868251-Getting-started-with-ChowNow,integrations/Getting-started-with-ChowNow-24206444868251.md,True,True,10462,
49375633481115,Olo,Restaurants > Olo,115000032731,Integrations,integrations,15751697785883,Getting started with Olo,https://help.klaviyo.com/hc/en-us/articles/15751697785883-Getting-started-with-Olo,integrations/Getting-started-with-Olo-15751697785883.md,True,True,10543,
49375633481115,Olo,Restaurants > Olo,115000032731,Integrations,integrations,15752146245403,Olo data reference,https://help.klaviyo.com/hc/en-us/articles/15752146245403-Olo-data-reference,integrations/Olo-data-reference-15752146245403.md,True,True,10868,https://dynamicycle.com/docs/articles-olo-data-reference/
49375703042715,OpenTable,Restaurants > OpenTable,115000032731,Integrations,integrations,23112971772699,Getting started with OpenTable,https://help.klaviyo.com/hc/en-us/articles/23112971772699-Getting-started-with-OpenTable,integrations/Getting-started-with-OpenTable-23112971772699.md,True,True,10469,
49375703042715,OpenTable,Restaurants > OpenTable,115000032731,Integrations,integrations,23113172847259,OpenTable data reference,https://help.klaviyo.com/hc/en-us/articles/23113172847259-OpenTable-data-reference,integrations/OpenTable-data-reference-23113172847259.md,True,True,10854,https://dynamicycle.com/docs/articles-opentable-data-reference/
49375701875995,PAR Punchh,Restaurants > PAR Punchh,115000032731,Integrations,integrations,19895874407579,Getting started with PAR Punchh,https://help.klaviyo.com/hc/en-us/articles/19895874407579-Getting-started-with-PAR-Punchh,integrations/Getting-started-with-PAR-Punchh-19895874407579.md,True,True,10493,
49375701875995,PAR Punchh,Restaurants > PAR Punchh,115000032731,Integrations,integrations,50585012261531,How to manage and distribute Punchh offers via Klaviyo,https://help.klaviyo.com/hc/en-us/articles/50585012261531-How-to-manage-and-distribute-Punchh-offers-via-Klaviyo,integrations/How-to-manage-and-distribute-Punchh-offers-via-Klaviyo-50585012261531.md,True,True,10194,
49375701875995,PAR Punchh,Restaurants > PAR Punchh,115000032731,Integrations,integrations,19896802561307,PAR Punchh data reference,https://help.klaviyo.com/hc/en-us/articles/19896802561307-PAR-Punchh-data-reference,integrations/PAR-Punchh-data-reference-19896802561307.md,True,True,10857,https://dynamicycle.com/docs/articles-par-punchh-data-reference/
49375725776283,Thanx,Restaurants > Thanx,115000032731,Integrations,integrations,19458074597659,Getting started with Thanx,https://help.klaviyo.com/hc/en-us/articles/19458074597659-Getting-started-with-Thanx,integrations/Getting-started-with-Thanx-19458074597659.md,True,True,10499,
49375725776283,Thanx,Restaurants > Thanx,115000032731,Integrations,integrations,48577674406683,How to manage and distribute Thanx offers via Klaviyo,https://help.klaviyo.com/hc/en-us/articles/48577674406683-How-to-manage-and-distribute-Thanx-offers-via-Klaviyo,integrations/How-to-manage-and-distribute-Thanx-offers-via-Klaviyo-48577674406683.md,True,True,10226,
49375725776283,Thanx,Restaurants > Thanx,115000032731,Integrations,integrations,19457831690139,Thanx data reference,https://help.klaviyo.com/hc/en-us/articles/19457831690139-Thanx-data-reference,integrations/Thanx-data-reference-19457831690139.md,True,True,10500,
49375688471707,Toast,Restaurants > Toast,115000032731,Integrations,integrations,24302505547163,Getting started with Toast,https://help.klaviyo.com/hc/en-us/articles/24302505547163-Getting-started-with-Toast,integrations/Getting-started-with-Toast-24302505547163.md,True,True,10459,
49375688471707,Toast,Restaurants > Toast,115000032731,Integrations,integrations,24302613403931,Toast data reference,https://help.klaviyo.com/hc/en-us/articles/24302613403931-Toast-data-reference,integrations/Toast-data-reference-24302613403931.md,True,True,10851,https://dynamicycle.com/docs/articles-toast-data-reference/
49375912534427,Salesforce Commerce Cloud,Salesforce Commerce Cloud,115000032731,Integrations,integrations,360033744951,Getting started with Salesforce Commerce Cloud,https://help.klaviyo.com/hc/en-us/articles/360033744951-Getting-started-with-Salesforce-Commerce-Cloud,integrations/Getting-started-with-Salesforce-Commerce-Cloud-360033744951.md,True,True,10779,https://dynamicycle.com/docs/articles-getting-started-with-salesforce-commerce-cloud/
49375912534427,Salesforce Commerce Cloud,Salesforce Commerce Cloud,115000032731,Integrations,integrations,22495505773083,How to enable Back in Stock for Salesforce Commerce Cloud,https://help.klaviyo.com/hc/en-us/articles/22495505773083-How-to-enable-Back-in-Stock-for-Salesforce-Commerce-Cloud,integrations/How-to-enable-Back-in-Stock-for-Salesforce-Commerce-Cloud-22495505773083.md,True,True,10957,https://dynamicycle.com/docs/articles-how-to-enable-back-in-stock-for-salesforce-commerce-cloud/
49375912534427,Salesforce Commerce Cloud,Salesforce Commerce Cloud,115000032731,Integrations,integrations,16708128591259,How to upgrade your Salesforce Commerce Cloud cartridge,https://help.klaviyo.com/hc/en-us/articles/16708128591259-How-to-upgrade-your-Salesforce-Commerce-Cloud-cartridge,integrations/How-to-upgrade-your-Salesforce-Commerce-Cloud-cartridge-16708128591259.md,True,True,11045,https://dynamicycle.com/docs/articles-how-to-upgrade-your-salesforce-commerce-cloud-cartridge/
49375912534427,Salesforce Commerce Cloud,Salesforce Commerce Cloud,115000032731,Integrations,integrations,360058323811,Salesforce Commerce Cloud data reference,https://help.klaviyo.com/hc/en-us/articles/360058323811-Salesforce-Commerce-Cloud-data-reference,integrations/Salesforce-Commerce-Cloud-data-reference-360058323811.md,True,True,10894,https://dynamicycle.com/docs/articles-salesforce-commerce-cloud-data-reference/
49375880717979,ShipStation,Shipping > ShipStation,115000032731,Integrations,integrations,360028298592,How to integrate with ShipStation,https://help.klaviyo.com/hc/en-us/articles/360028298592-How-to-integrate-with-ShipStation,integrations/How-to-integrate-with-ShipStation-360028298592.md,True,True,10906,https://dynamicycle.com/docs/articles-how-to-integrate-with-shipstation/
49375363814555,Getting started with Shopify,Shopify > Getting started with Shopify,115000032731,Integrations,integrations,115005080407,Getting started with Shopify,https://help.klaviyo.com/hc/en-us/articles/115005080407-Getting-started-with-Shopify,integrations/Getting-started-with-Shopify-115005080407.md,True,True,10815,https://dynamicycle.com/docs/articles-getting-started-with-shopify/
49375363814555,Getting started with Shopify,Shopify > Getting started with Shopify,115000032731,Integrations,integrations,35067557759771,How to collect transactional SMS consent on Shopify checkout pages,https://help.klaviyo.com/hc/en-us/articles/35067557759771-How-to-collect-transactional-SMS-consent-on-Shopify-checkout-pages,integrations/How-to-collect-transactional-SMS-consent-on-Shopify-checkout-pages-35067557759771.md,True,True,10373,
49375363814555,Getting started with Shopify,Shopify > Getting started with Shopify,115000032731,Integrations,integrations,4403589811611,How to disable notification emails sent by Shopify,https://help.klaviyo.com/hc/en-us/articles/4403589811611-How-to-disable-notification-emails-sent-by-Shopify,integrations/How-to-disable-notification-emails-sent-by-Shopify-4403589811611.md,True,True,11067,https://dynamicycle.com/docs/articles-how-to-disable-notification-emails-sent-by-shopify/
49375363814555,Getting started with Shopify,Shopify > Getting started with Shopify,115000032731,Integrations,integrations,115005080667,How to sync Shopify email subscribers to a Klaviyo list,https://help.klaviyo.com/hc/en-us/articles/115005080667-How-to-sync-Shopify-email-subscribers-to-a-Klaviyo-list,integrations/How-to-sync-Shopify-email-subscribers-to-a-Klaviyo-list-115005080667.md,True,True,11025,https://dynamicycle.com/docs/articles-how-to-sync-shopify-email-subscribers-to-a-klaviyo-list/
49375363814555,Getting started with Shopify,Shopify > Getting started with Shopify,115000032731,Integrations,integrations,45224022467739,How to use Shopify Markets with Klaviyo,https://help.klaviyo.com/hc/en-us/articles/45224022467739-How-to-use-Shopify-Markets-with-Klaviyo,integrations/How-to-use-Shopify-Markets-with-Klaviyo-45224022467739.md,True,True,10273,
49375363814555,Getting started with Shopify,Shopify > Getting started with Shopify,115000032731,Integrations,integrations,115005080447,Shopify data reference,https://help.klaviyo.com/hc/en-us/articles/115005080447-Shopify-data-reference,integrations/Shopify-data-reference-115005080447.md,True,True,10934,https://dynamicycle.com/docs/articles-shopify-data-reference/
49375337479451,Shopify best practices,Shopify > Shopify best practices,115000032731,Integrations,integrations,115001618871,Add a Klaviyo Embedded Form to a Shopify Free Theme,https://help.klaviyo.com/hc/en-us/articles/115001618871-Add-a-Klaviyo-Embedded-Form-to-a-Shopify-Free-Theme,integrations/Add-a-Klaviyo-Embedded-Form-to-a-Shopify-Free-Theme-115001618871.md,True,True,11359,https://dynamicycle.com/docs/articles-add-a-klaviyo-embedded-form-to-a-shopify-free-theme/
49375337479451,Shopify best practices,Shopify > Shopify best practices,115000032731,Integrations,integrations,115005080847,Add a Klaviyo Pop Up or Fly Out to Your Shopify Store,https://help.klaviyo.com/hc/en-us/articles/115005080847-Add-a-Klaviyo-Pop-Up-or-Fly-Out-to-Your-Shopify-Store,integrations/Add-a-Klaviyo-Pop-Up-or-Fly-Out-to-Your-Shopify-Store-115005080847.md,True,True,11311,https://dynamicycle.com/docs/articles-add-a-klaviyo-pop-up-or-fly-out-to-your-shopify-store/
49375337479451,Shopify best practices,Shopify > Shopify best practices,115000032731,Integrations,integrations,32004602396443,How to add an embed form to your Shopify site,https://help.klaviyo.com/hc/en-us/articles/32004602396443-How-to-add-an-embed-form-to-your-Shopify-site,integrations/How-to-add-an-embed-form-to-your-Shopify-site-32004602396443.md,True,True,10404,
49375337479451,Shopify best practices,Shopify > Shopify best practices,115000032731,Integrations,integrations,25184840445467,How to add historical Shopify SMS subscribers to your list,https://help.klaviyo.com/hc/en-us/articles/25184840445467-How-to-add-historical-Shopify-SMS-subscribers-to-your-list,integrations/How-to-add-historical-Shopify-SMS-subscribers-to-your-list-25184840445467.md,True,True,10955,https://dynamicycle.com/docs/articles-how-to-add-historical-shopify-sms-subscribers-to-your-list/
49375337479451,Shopify best practices,Shopify > Shopify best practices,115000032731,Integrations,integrations,115005253188,How to configure out-of-stock items for automated flows on Shopify,https://help.klaviyo.com/hc/en-us/articles/115005253188-How-to-configure-out-of-stock-items-for-automated-flows-on-Shopify,integrations/How-to-configure-out-of-stock-items-for-automated-flows-on-Shopify-115005253188.md,True,True,11432,https://dynamicycle.com/docs/articles-how-to-configure-out-of-stock-items-for-automated-flows-on-shopify/
49375337479451,Shopify best practices,Shopify > Shopify best practices,115000032731,Integrations,integrations,35510464880027,"How to create an abandoned ""Added to Cart"" flow for Shopify",https://help.klaviyo.com/hc/en-us/articles/35510464880027-How-to-create-an-abandoned-Added-to-Cart-flow-for-Shopify,integrations/How-to-create-an-abandoned-Added-to-Cart-flow-for-Shopify-35510464880027.md,True,True,10366,
49375337479451,Shopify best practices,Shopify > Shopify best practices,115000032731,Integrations,integrations,115001396711,"How to manually create an ""Added to Cart"" event for Shopify",https://help.klaviyo.com/hc/en-us/articles/115001396711-How-to-manually-create-an-Added-to-Cart-event-for-Shopify,integrations/How-to-manually-create-an-Added-to-Cart-event-for-Shopify-115001396711.md,True,True,11438,https://dynamicycle.com/docs/articles-how-to-manually-create-an-added-to-cart-event-for-shopify/
49375337479451,Shopify best practices,Shopify > Shopify best practices,115000032731,Integrations,integrations,28709780787355,How to migrate to our automatic Added to Cart event for Shopify,https://help.klaviyo.com/hc/en-us/articles/28709780787355-How-to-migrate-to-our-automatic-Added-to-Cart-event-for-Shopify,integrations/How-to-migrate-to-our-automatic-Added-to-Cart-event-for-Shopify-28709780787355.md,True,True,10844,https://dynamicycle.com/docs/articles-how-to-migrate-to-our-automatic-added-to-cart-event-for-shopify/
49375337479451,Shopify best practices,Shopify > Shopify best practices,115000032731,Integrations,integrations,115005080587,How to personalize and export Shopify notification emails,https://help.klaviyo.com/hc/en-us/articles/115005080587-How-to-personalize-and-export-Shopify-notification-emails,integrations/How-to-personalize-and-export-Shopify-notification-emails-115005080587.md,True,True,11389,https://dynamicycle.com/docs/articles-how-to-personalize-and-export-shopify-notification-emails/
49375337479451,Shopify best practices,Shopify > Shopify best practices,115000032731,Integrations,integrations,360001894192,How to style Back in Stock buttons and forms for free Shopify themes,https://help.klaviyo.com/hc/en-us/articles/360001894192-How-to-style-Back-in-Stock-buttons-and-forms-for-free-Shopify-themes,integrations/How-to-style-Back-in-Stock-buttons-and-forms-for-free-Shopify-themes-360001894192.md,False,False,,
49375337479451,Shopify best practices,Shopify > Shopify best practices,115000032731,Integrations,integrations,4403349019163,How to sync Shopify account registration customers to a list,https://help.klaviyo.com/hc/en-us/articles/4403349019163-How-to-sync-Shopify-account-registration-customers-to-a-list,integrations/How-to-sync-Shopify-account-registration-customers-to-a-list-4403349019163.md,True,True,11191,https://dynamicycle.com/docs/articles-how-to-sync-shopify-account-registration-customers-to-a-list/
49375337479451,Shopify best practices,Shopify > Shopify best practices,115000032731,Integrations,integrations,38417082235675,How to sync Shopify segments to Klaviyo,https://help.klaviyo.com/hc/en-us/articles/38417082235675-How-to-sync-Shopify-segments-to-Klaviyo,integrations/How-to-sync-Shopify-segments-to-Klaviyo-38417082235675.md,True,True,10346,
49375337479451,Shopify best practices,Shopify > Shopify best practices,115000032731,Integrations,integrations,360030919351,How to sync data from Klaviyo to Shopify,https://help.klaviyo.com/hc/en-us/articles/360030919351-How-to-sync-data-from-Klaviyo-to-Shopify,integrations/How-to-sync-data-from-Klaviyo-to-Shopify-360030919351.md,True,True,11258,https://dynamicycle.com/docs/articles-how-to-sync-data-from-klaviyo-to-shopify/
49375337479451,Shopify best practices,Shopify > Shopify best practices,115000032731,Integrations,integrations,360014410811,How to use Shopify Flow and the Klaviyo Connector,https://help.klaviyo.com/hc/en-us/articles/360014410811-How-to-use-Shopify-Flow-and-the-Klaviyo-Connector,integrations/How-to-use-Shopify-Flow-and-the-Klaviyo-Connector-360014410811.md,True,True,11399,https://dynamicycle.com/docs/articles-how-to-use-shopify-flow-and-the-klaviyo-connector/
49375337479451,Shopify best practices,Shopify > Shopify best practices,115000032731,Integrations,integrations,115005080907,How to use Shopify tags to filter customers,https://help.klaviyo.com/hc/en-us/articles/115005080907-How-to-use-Shopify-tags-to-filter-customers,integrations/How-to-use-Shopify-tags-to-filter-customers-115005080907.md,True,True,11425,https://dynamicycle.com/docs/articles-how-to-use-shopify-tags-to-filter-customers/
49375337479451,Shopify best practices,Shopify > Shopify best practices,115000032731,Integrations,integrations,115005080787,Shopify and the Browse Abandonment Flow,https://help.klaviyo.com/hc/en-us/articles/115005080787-Shopify-and-the-Browse-Abandonment-Flow,integrations/Shopify-and-the-Browse-Abandonment-Flow-115005080787.md,True,True,11161,https://dynamicycle.com/docs/articles-shopify-and-the-browse-abandonment-flow/
49375337479451,Shopify best practices,Shopify > Shopify best practices,115000032731,Integrations,integrations,115002451292,Sync a Shopify Signup Form to a List in Klaviyo,https://help.klaviyo.com/hc/en-us/articles/115002451292-Sync-a-Shopify-Signup-Form-to-a-List-in-Klaviyo,integrations/Sync-a-Shopify-Signup-Form-to-a-List-in-Klaviyo-115002451292.md,True,True,11337,https://dynamicycle.com/docs/articles-sync-a-shopify-signup-form-to-a-list-in-klaviyo/
49375372745115,Shopify troubleshooting,Shopify > Shopify troubleshooting,115000032731,Integrations,integrations,115005253248,How to differentiate Shopify POS and Shopify web data,https://help.klaviyo.com/hc/en-us/articles/115005253248-How-to-differentiate-Shopify-POS-and-Shopify-web-data,integrations/How-to-differentiate-Shopify-POS-and-Shopify-web-data-115005253248.md,True,True,11272,https://dynamicycle.com/docs/articles-how-to-differentiate-shopify-pos-and-shopify-web-data/
49375372745115,Shopify troubleshooting,Shopify > Shopify troubleshooting,115000032731,Integrations,integrations,4425956184731,How to enable onsite tracking for Shopify,https://help.klaviyo.com/hc/en-us/articles/4425956184731-How-to-enable-onsite-tracking-for-Shopify,integrations/How-to-enable-onsite-tracking-for-Shopify-4425956184731.md,True,True,10981,https://dynamicycle.com/docs/articles-how-to-enable-onsite-tracking-for-shopify/
49375372745115,Shopify troubleshooting,Shopify > Shopify troubleshooting,115000032731,Integrations,integrations,360020342232,How to manually install Klaviyo.js for Shopify stores,https://help.klaviyo.com/hc/en-us/articles/360020342232-How-to-manually-install-Klaviyo-js-for-Shopify-stores,integrations/How-to-manually-install-Klaviyo.js-for-Shopify-stores-360020342232.md,True,True,11083,https://dynamicycle.com/docs/articles-how-to-manually-install-klaviyo-js-for-shopify-stores/
49375372745115,Shopify troubleshooting,Shopify > Shopify troubleshooting,115000032731,Integrations,integrations,5379853359771,How to remove onsite tracking for Shopify,https://help.klaviyo.com/hc/en-us/articles/5379853359771-How-to-remove-onsite-tracking-for-Shopify,integrations/How-to-remove-onsite-tracking-for-Shopify-5379853359771.md,True,True,11185,https://dynamicycle.com/docs/articles-how-to-remove-onsite-tracking-for-shopify/
49375372745115,Shopify troubleshooting,Shopify > Shopify troubleshooting,115000032731,Integrations,integrations,4406529213083,How to resync your Shopify catalog feed,https://help.klaviyo.com/hc/en-us/articles/4406529213083-How-to-resync-your-Shopify-catalog-feed,integrations/How-to-resync-your-Shopify-catalog-feed-4406529213083.md,True,True,10887,https://dynamicycle.com/docs/articles-how-to-resync-your-shopify-catalog-feed/
49375372745115,Shopify troubleshooting,Shopify > Shopify troubleshooting,115000032731,Integrations,integrations,25184578360603,Shopify Accepts Marketing subscriber reference,https://help.klaviyo.com/hc/en-us/articles/25184578360603-Shopify-Accepts-Marketing-subscriber-reference,integrations/Shopify-Accepts-Marketing-subscriber-reference-25184578360603.md,True,True,11116,https://dynamicycle.com/docs/articles-shopify-accepts-marketing-subscriber-reference/
49375372745115,Shopify troubleshooting,Shopify > Shopify troubleshooting,115000032731,Integrations,integrations,4403927899291,Troubleshooting your Shopify integration,https://help.klaviyo.com/hc/en-us/articles/4403927899291-Troubleshooting-your-Shopify-integration,integrations/Troubleshooting-your-Shopify-integration-4403927899291.md,True,True,10610,
49375230792219,Gorgias,Support and help desk > Gorgias,115000032731,Integrations,integrations,4408023789083,Getting started with Gorgias,https://help.klaviyo.com/hc/en-us/articles/4408023789083-Getting-started-with-Gorgias,integrations/Getting-started-with-Gorgias-4408023789083.md,True,True,10601,
49375230792219,Gorgias,Support and help desk > Gorgias,115000032731,Integrations,integrations,33997568400539,How enable multi-brand support for Gorgias,https://help.klaviyo.com/hc/en-us/articles/33997568400539-How-enable-multi-brand-support-for-Gorgias,integrations/How-enable-multi-brand-support-for-Gorgias-33997568400539.md,True,True,10382,
49375304270747,Help Scout,Support and help desk > Help Scout,115000032731,Integrations,integrations,115005081607,How to integrate with Help Scout,https://help.klaviyo.com/hc/en-us/articles/115005081607-How-to-integrate-with-Help-Scout,integrations/How-to-integrate-with-Help-Scout-115005081607.md,True,True,11023,https://dynamicycle.com/docs/articles-how-to-integrate-with-help-scout/
49375712221211,Intercom,Support and help desk > Intercom,115000032731,Integrations,integrations,24016528108315,Getting started with Intercom,https://help.klaviyo.com/hc/en-us/articles/24016528108315-Getting-started-with-Intercom,integrations/Getting-started-with-Intercom-24016528108315.md,True,True,10463,
49375712221211,Intercom,Support and help desk > Intercom,115000032731,Integrations,integrations,24016624580379,Intercom data reference,https://help.klaviyo.com/hc/en-us/articles/24016624580379-Intercom-data-reference,integrations/Intercom-data-reference-24016624580379.md,True,True,10852,https://dynamicycle.com/docs/articles-intercom-data-reference/
49375303752731,Olark,Support and help desk > Olark,115000032731,Integrations,integrations,115005081447,How to integrate with Olark,https://help.klaviyo.com/hc/en-us/articles/115005081447-How-to-integrate-with-Olark,integrations/How-to-integrate-with-Olark-115005081447.md,True,True,11097,https://dynamicycle.com/docs/articles-how-to-integrate-with-olark/
49375324517787,Zendesk,Support and help desk > Zendesk,115000032731,Integrations,integrations,115005253728,Getting started with Zendesk,https://help.klaviyo.com/hc/en-us/articles/115005253728-Getting-started-with-Zendesk,integrations/Getting-started-with-Zendesk-115005253728.md,True,True,11224,https://dynamicycle.com/docs/articles-getting-started-with-zendesk/
49375324517787,Zendesk,Support and help desk > Zendesk,115000032731,Integrations,integrations,36093629173147,How to update your Zendesk integration,https://help.klaviyo.com/hc/en-us/articles/36093629173147-How-to-update-your-Zendesk-integration,integrations/How-to-update-your-Zendesk-integration-36093629173147.md,True,True,10361,
49375976757403,Wix,Wix,115000032731,Integrations,integrations,6202669053723,Getting started with Wix,https://help.klaviyo.com/hc/en-us/articles/6202669053723-Getting-started-with-Wix,integrations/Getting-started-with-Wix-6202669053723.md,True,True,10591,
49375976757403,Wix,Wix,115000032731,Integrations,integrations,19097191216283,How to use Wix contact labels to segment customers,https://help.klaviyo.com/hc/en-us/articles/19097191216283-How-to-use-Wix-contact-labels-to-segment-customers,integrations/How-to-use-Wix-contact-labels-to-segment-customers-19097191216283.md,True,True,10961,https://dynamicycle.com/docs/articles-how-to-use-wix-contact-labels-to-segment-customers/
49375976757403,Wix,Wix,115000032731,Integrations,integrations,6202715127579,Wix data reference,https://help.klaviyo.com/hc/en-us/articles/6202715127579-Wix-data-reference,integrations/Wix-data-reference-6202715127579.md,True,True,10883,https://dynamicycle.com/docs/articles-wix-data-reference/
49375361959963,Getting started with WooCommerce,WooCommerce > Getting started with WooCommerce,115000032731,Integrations,integrations,115005255808,Getting started with WooCommerce,https://help.klaviyo.com/hc/en-us/articles/115005255808-Getting-started-with-WooCommerce,integrations/Getting-started-with-WooCommerce-115005255808.md,True,True,10804,https://dynamicycle.com/docs/articles-getting-started-with-woocommerce/
49375361959963,Getting started with WooCommerce,WooCommerce > Getting started with WooCommerce,115000032731,Integrations,integrations,360030058772,How to add a Klaviyo embed form to your WooCommerce site,https://help.klaviyo.com/hc/en-us/articles/360030058772-How-to-add-a-Klaviyo-embed-form-to-your-WooCommerce-site,integrations/How-to-add-a-Klaviyo-embed-form-to-your-WooCommerce-site-360030058772.md,True,True,11143,https://dynamicycle.com/docs/articles-how-to-add-a-klaviyo-embed-form-to-your-woocommerce-site/
49375361959963,Getting started with WooCommerce,WooCommerce > Getting started with WooCommerce,115000032731,Integrations,integrations,360034500652,How to use WooCommerce data in flows,https://help.klaviyo.com/hc/en-us/articles/360034500652-How-to-use-WooCommerce-data-in-flows,integrations/How-to-use-WooCommerce-data-in-flows-360034500652.md,True,True,11204,https://dynamicycle.com/docs/articles-how-to-use-woocommerce-data-in-flows/
49375361959963,Getting started with WooCommerce,WooCommerce > Getting started with WooCommerce,115000032731,Integrations,integrations,360030732832,WooCommerce data reference,https://help.klaviyo.com/hc/en-us/articles/360030732832-WooCommerce-data-reference,integrations/WooCommerce-data-reference-360030732832.md,True,True,11081,https://dynamicycle.com/docs/articles-woocommerce-data-reference/
49375362527003,WooCommerce best practices,WooCommerce > WooCommerce best practices,115000032731,Integrations,integrations,4418005597723,How to upgrade the WooCommerce plugin,https://help.klaviyo.com/hc/en-us/articles/4418005597723-How-to-upgrade-the-WooCommerce-plugin,integrations/How-to-upgrade-the-WooCommerce-plugin-4418005597723.md,True,True,10982,https://dynamicycle.com/docs/articles-how-to-upgrade-the-woocommerce-plugin/
49375362527003,WooCommerce best practices,WooCommerce > WooCommerce best practices,115000032731,Integrations,integrations,360035540251,Understanding how to use WooCommerce subscriptions data in campaigns and flows,https://help.klaviyo.com/hc/en-us/articles/360035540251-Understanding-how-to-use-WooCommerce-subscriptions-data-in-campaigns-and-flows,integrations/Understanding-how-to-use-WooCommerce-subscriptions-data-in-campaigns-and-flows-360035540251.md,True,True,11256,https://dynamicycle.com/docs/articles-understanding-how-to-use-woocommerce-subscriptions-data-in-campaigns-and-flows/
49375375690779,WooCommerce troubleshooting,WooCommerce > WooCommerce troubleshooting,115000032731,Integrations,integrations,4515829067803,Troubleshooting your WooCommerce integration,https://help.klaviyo.com/hc/en-us/articles/4515829067803-Troubleshooting-your-WooCommerce-integration,integrations/Troubleshooting-your-WooCommerce-integration-4515829067803.md,True,True,10884,https://dynamicycle.com/docs/articles-troubleshooting-your-woocommerce-integration/
49375666744731,Build and use reviews,Build and use reviews,49375133274139,Reviews,reviews,22500017241883,How to add Klaviyo Reviews widgets to your mobile app using Tapcart,https://help.klaviyo.com/hc/en-us/articles/22500017241883-How-to-add-Klaviyo-Reviews-widgets-to-your-mobile-app-using-Tapcart,reviews/How-to-add-Klaviyo-Reviews-widgets-to-your-mobile-app-using-Tapcart-22500017241883.md,True,True,10475,
49375666744731,Build and use reviews,Build and use reviews,49375133274139,Reviews,reviews,16682549669403,How to adjust review request timing,https://help.klaviyo.com/hc/en-us/articles/16682549669403-How-to-adjust-review-request-timing,reviews/How-to-adjust-review-request-timing-16682549669403.md,True,True,11178,https://dynamicycle.com/docs/articles-how-to-adjust-review-request-timing/
49375666744731,Build and use reviews,Build and use reviews,49375133274139,Reviews,reviews,25995019549979,How to choose a product ID variable for a dynamic review quote block,https://help.klaviyo.com/hc/en-us/articles/25995019549979-How-to-choose-a-product-ID-variable-for-a-dynamic-review-quote-block,reviews/How-to-choose-a-product-ID-variable-for-a-dynamic-review-quote-block-25995019549979.md,True,True,10440,
49375666744731,Build and use reviews,Build and use reviews,49375133274139,Reviews,reviews,16680027976731,How to create a customer service ticket when you receive a negative review,https://help.klaviyo.com/hc/en-us/articles/16680027976731-How-to-create-a-customer-service-ticket-when-you-receive-a-negative-review,reviews/How-to-create-a-customer-service-ticket-when-you-receive-a-negative-review-16680027976731.md,True,True,11350,https://dynamicycle.com/docs/articles-how-to-create-a-customer-service-ticket-when-you-receive-a-negative-review/
49375666744731,Build and use reviews,Build and use reviews,49375133274139,Reviews,reviews,16319181846171,How to create custom review questions,https://help.klaviyo.com/hc/en-us/articles/16319181846171-How-to-create-custom-review-questions,reviews/How-to-create-custom-review-questions-16319181846171.md,True,True,10964,https://dynamicycle.com/docs/articles-how-to-create-custom-review-questions/
49375666744731,Build and use reviews,Build and use reviews,49375133274139,Reviews,reviews,16691401577883,How to customize review widgets,https://help.klaviyo.com/hc/en-us/articles/16691401577883-How-to-customize-review-widgets,reviews/How-to-customize-review-widgets-16691401577883.md,True,True,10862,https://dynamicycle.com/docs/articles-how-to-customize-review-widgets/
49375666744731,Build and use reviews,Build and use reviews,49375133274139,Reviews,reviews,36632882293275,How to display a review quote to a sign-up form,https://help.klaviyo.com/hc/en-us/articles/36632882293275-How-to-display-a-review-quote-to-a-sign-up-form,reviews/How-to-display-a-review-quote-to-a-sign-up-form-36632882293275.md,True,True,10355,
49375666744731,Build and use reviews,Build and use reviews,49375133274139,Reviews,reviews,24707161844507,How to enable and use rich snippets with Klaviyo Reviews,https://help.klaviyo.com/hc/en-us/articles/24707161844507-How-to-enable-and-use-rich-snippets-with-Klaviyo-Reviews,reviews/How-to-enable-and-use-rich-snippets-with-Klaviyo-Reviews-24707161844507.md,True,True,10456,
49375666744731,Build and use reviews,Build and use reviews,49375133274139,Reviews,reviews,16684841274139,"How to exclude products, orders, or customers from review requests",https://help.klaviyo.com/hc/en-us/articles/16684841274139-How-to-exclude-products-orders-or-customers-from-review-requests,"reviews/How-to-exclude-products,-orders,-or-customers-from-review-requests-16684841274139.md",True,True,11121,https://dynamicycle.com/docs/articles-how-to-exclude-products-orders-or-customers-from-review-requests/
49375666744731,Build and use reviews,Build and use reviews,49375133274139,Reviews,reviews,16680089934235,How to export Klaviyo Reviews data,https://help.klaviyo.com/hc/en-us/articles/16680089934235-How-to-export-Klaviyo-Reviews-data,reviews/How-to-export-Klaviyo-Reviews-data-16680089934235.md,True,True,11318,https://dynamicycle.com/docs/articles-how-to-export-klaviyo-reviews-data/
49375666744731,Build and use reviews,Build and use reviews,49375133274139,Reviews,reviews,18007373861915,How to feature reviews in emails with the review quote block,https://help.klaviyo.com/hc/en-us/articles/18007373861915-How-to-feature-reviews-in-emails-with-the-review-quote-block,reviews/How-to-feature-reviews-in-emails-with-the-review-quote-block-18007373861915.md,True,True,10514,
49375666744731,Build and use reviews,Build and use reviews,49375133274139,Reviews,reviews,16319809379611,How to request reviews from your customers with Klaviyo Reviews flows,https://help.klaviyo.com/hc/en-us/articles/16319809379611-How-to-request-reviews-from-your-customers-with-Klaviyo-Reviews-flows,reviews/How-to-request-reviews-from-your-customers-with-Klaviyo-Reviews-flows-16319809379611.md,True,True,10535,
49375666744731,Build and use reviews,Build and use reviews,49375133274139,Reviews,reviews,33457413742235,How to set up multi-store syndication for reviews,https://help.klaviyo.com/hc/en-us/articles/33457413742235-How-to-set-up-multi-store-syndication-for-reviews,reviews/How-to-set-up-multi-store-syndication-for-reviews-33457413742235.md,True,True,10391,
49375666744731,Build and use reviews,Build and use reviews,49375133274139,Reviews,reviews,16691200391579,How to share reviews across multiple products,https://help.klaviyo.com/hc/en-us/articles/16691200391579-How-to-share-reviews-across-multiple-products,reviews/How-to-share-reviews-across-multiple-products-16691200391579.md,True,True,11046,https://dynamicycle.com/docs/articles-how-to-share-reviews-across-multiple-products/
49375666744731,Build and use reviews,Build and use reviews,49375133274139,Reviews,reviews,32781276130075,How to show product ratings in emails with a product block,https://help.klaviyo.com/hc/en-us/articles/32781276130075-How-to-show-product-ratings-in-emails-with-a-product-block,reviews/How-to-show-product-ratings-in-emails-with-a-product-block-32781276130075.md,True,True,10396,
49375666744731,Build and use reviews,Build and use reviews,49375133274139,Reviews,reviews,32612642305691,How to sync reviews between Shop and Klaviyo,https://help.klaviyo.com/hc/en-us/articles/32612642305691-How-to-sync-reviews-between-Shop-and-Klaviyo,reviews/How-to-sync-reviews-between-Shop-and-Klaviyo-32612642305691.md,True,True,10399,
49375666744731,Build and use reviews,Build and use reviews,49375133274139,Reviews,reviews,16681460907035,How to sync reviews to Google Shopping,https://help.klaviyo.com/hc/en-us/articles/16681460907035-How-to-sync-reviews-to-Google-Shopping,reviews/How-to-sync-reviews-to-Google-Shopping-16681460907035.md,True,True,11281,https://dynamicycle.com/docs/articles-how-to-sync-reviews-to-google-shopping/
49375666744731,Build and use reviews,Build and use reviews,49375133274139,Reviews,reviews,36974041824795,How to sync reviews to Meta Shops,https://help.klaviyo.com/hc/en-us/articles/36974041824795-How-to-sync-reviews-to-Meta-Shops,reviews/How-to-sync-reviews-to-Meta-Shops-36974041824795.md,True,True,10354,
49375666744731,Build and use reviews,Build and use reviews,49375133274139,Reviews,reviews,28114865573915,How to use a campaign to request reviews,https://help.klaviyo.com/hc/en-us/articles/28114865573915-How-to-use-a-campaign-to-request-reviews,reviews/How-to-use-a-campaign-to-request-reviews-28114865573915.md,True,True,10422,
49375666744731,Build and use reviews,Build and use reviews,49375133274139,Reviews,reviews,22192640532507,How to use custom CSS to style Klaviyo Reviews widgets,https://help.klaviyo.com/hc/en-us/articles/22192640532507-How-to-use-custom-CSS-to-style-Klaviyo-Reviews-widgets,reviews/How-to-use-custom-CSS-to-style-Klaviyo-Reviews-widgets-22192640532507.md,True,True,10478,
49375666744731,Build and use reviews,Build and use reviews,49375133274139,Reviews,reviews,28307942477211,How to use in-email review collection,https://help.klaviyo.com/hc/en-us/articles/28307942477211-How-to-use-in-email-review-collection,reviews/How-to-use-in-email-review-collection-28307942477211.md,True,True,12671,https://dynamicycle.com/docs/articles-how-to-use-in-email-review-collection/
49375666744731,Build and use reviews,Build and use reviews,49375133274139,Reviews,reviews,23730830399515,Klaviyo Reviews metafields for Shopify reference,https://help.klaviyo.com/hc/en-us/articles/23730830399515-Klaviyo-Reviews-metafields-for-Shopify-reference,reviews/Klaviyo-Reviews-metafields-for-Shopify-reference-23730830399515.md,True,True,10465,
49375666744731,Build and use reviews,Build and use reviews,49375133274139,Reviews,reviews,28858764961947,Understanding Klaviyo Reviews language and translation settings,https://help.klaviyo.com/hc/en-us/articles/28858764961947-Understanding-Klaviyo-Reviews-language-and-translation-settings,reviews/Understanding-Klaviyo-Reviews-language-and-translation-settings-28858764961947.md,True,True,10418,
49375666744731,Build and use reviews,Build and use reviews,49375133274139,Reviews,reviews,16681935355163,Understanding how Klaviyo prioritizes review requests,https://help.klaviyo.com/hc/en-us/articles/16681935355163-Understanding-how-Klaviyo-prioritizes-review-requests,reviews/Understanding-how-Klaviyo-prioritizes-review-requests-16681935355163.md,True,True,11239,https://dynamicycle.com/docs/articles-understanding-how-klaviyo-prioritizes-review-requests/
49375666744731,Build and use reviews,Build and use reviews,49375133274139,Reviews,reviews,19351146253211,Understanding review statuses and types,https://help.klaviyo.com/hc/en-us/articles/19351146253211-Understanding-review-statuses-and-types,reviews/Understanding-review-statuses-and-types-19351146253211.md,True,True,10501,
49375666744731,Build and use reviews,Build and use reviews,49375133274139,Reviews,reviews,27520212104219,Understanding variant support for reviews,https://help.klaviyo.com/hc/en-us/articles/27520212104219-Understanding-variant-support-for-reviews,reviews/Understanding-variant-support-for-reviews-27520212104219.md,True,True,10425,
49375642273307,Getting started with reviews,Getting started with reviews,49375133274139,Reviews,reviews,34797085426331,About your review pipeline,https://help.klaviyo.com/hc/en-us/articles/34797085426331-About-your-review-pipeline,reviews/About-your-review-pipeline-34797085426331.md,True,True,10375,
49375642273307,Getting started with reviews,Getting started with reviews,49375133274139,Reviews,reviews,15937542819355,Getting started with Klaviyo Reviews,https://help.klaviyo.com/hc/en-us/articles/15937542819355-Getting-started-with-Klaviyo-Reviews,reviews/Getting-started-with-Klaviyo-Reviews-15937542819355.md,True,True,10539,
49375642273307,Getting started with reviews,Getting started with reviews,49375133274139,Reviews,reviews,25930166202651,How to collect reviews from past orders,https://help.klaviyo.com/hc/en-us/articles/25930166202651-How-to-collect-reviews-from-past-orders,reviews/How-to-collect-reviews-from-past-orders-25930166202651.md,True,True,10443,
49375642273307,Getting started with reviews,Getting started with reviews,49375133274139,Reviews,reviews,27291102795547,"How to collect, import, and display store reviews",https://help.klaviyo.com/hc/en-us/articles/27291102795547-How-to-collect-import-and-display-store-reviews,"reviews/How-to-collect,-import,-and-display-store-reviews-27291102795547.md",True,True,10427,
49375642273307,Getting started with reviews,Getting started with reviews,49375133274139,Reviews,reviews,19481466872859,How to customize the review submission page,https://help.klaviyo.com/hc/en-us/articles/19481466872859-How-to-customize-the-review-submission-page,reviews/How-to-customize-the-review-submission-page-19481466872859.md,True,True,10497,
49375642273307,Getting started with reviews,Getting started with reviews,49375133274139,Reviews,reviews,16318811222555,How to import product reviews data from another platform,https://help.klaviyo.com/hc/en-us/articles/16318811222555-How-to-import-product-reviews-data-from-another-platform,reviews/How-to-import-product-reviews-data-from-another-platform-16318811222555.md,True,True,11047,https://dynamicycle.com/docs/articles-how-to-import-product-reviews-data-from-another-platform/
49375642273307,Getting started with reviews,Getting started with reviews,49375133274139,Reviews,reviews,26922347702939,How to install Klaviyo Reviews for WooCommerce,https://help.klaviyo.com/hc/en-us/articles/26922347702939-How-to-install-Klaviyo-Reviews-for-WooCommerce,reviews/How-to-install-Klaviyo-Reviews-for-WooCommerce-26922347702939.md,True,True,10431,
49375642273307,Getting started with reviews,Getting started with reviews,49375133274139,Reviews,reviews,16318891028635,How to install Klaviyo Reviews on Shopify (vintage themes and headless),https://help.klaviyo.com/hc/en-us/articles/16318891028635-How-to-install-Klaviyo-Reviews-on-Shopify-vintage-themes-and-headless,reviews/How-to-install-Klaviyo-Reviews-on-Shopify-(vintage-themes-and-headless)-16318891028635.md,True,True,10965,https://dynamicycle.com/docs/articles-how-to-install-klaviyo-reviews-on-shopify-vintage-themes-and-headless/
49375642273307,Getting started with reviews,Getting started with reviews,49375133274139,Reviews,reviews,16318951826331,How to install Klaviyo Reviews on Shopify 2.0 themes,https://help.klaviyo.com/hc/en-us/articles/16318951826331-How-to-install-Klaviyo-Reviews-on-Shopify-2-0-themes,reviews/How-to-install-Klaviyo-Reviews-on-Shopify-2.0-themes-16318951826331.md,True,True,10865,https://dynamicycle.com/docs/articles-how-to-install-klaviyo-reviews-on-shopify-2-0-themes/
49375642273307,Getting started with reviews,Getting started with reviews,49375133274139,Reviews,reviews,27631521070235,How to migrate from another reviews provider to Klaviyo,https://help.klaviyo.com/hc/en-us/articles/27631521070235-How-to-migrate-from-another-reviews-provider-to-Klaviyo,reviews/How-to-migrate-from-another-reviews-provider-to-Klaviyo-27631521070235.md,True,True,10424,
49375642273307,Getting started with reviews,Getting started with reviews,49375133274139,Reviews,reviews,20817781267739,How to respond to customer reviews,https://help.klaviyo.com/hc/en-us/articles/20817781267739-How-to-respond-to-customer-reviews,reviews/How-to-respond-to-customer-reviews-20817781267739.md,True,True,10487,
49375642273307,Getting started with reviews,Getting started with reviews,49375133274139,Reviews,reviews,22567673911707,Understanding reviews performance,https://help.klaviyo.com/hc/en-us/articles/22567673911707-Understanding-reviews-performance,reviews/Understanding-reviews-performance-22567673911707.md,True,True,10472,
49375667326491,Reviews best practices,Reviews best practices,49375133274139,Reviews,reviews,16685026123035,Best practices for collecting customer reviews,https://help.klaviyo.com/hc/en-us/articles/16685026123035-Best-practices-for-collecting-customer-reviews,reviews/Best-practices-for-collecting-customer-reviews-16685026123035.md,True,True,10530,
49375667326491,Reviews best practices,Reviews best practices,49375133274139,Reviews,reviews,18224923535259,How to answer customer questions with Klaviyo Reviews,https://help.klaviyo.com/hc/en-us/articles/18224923535259-How-to-answer-customer-questions-with-Klaviyo-Reviews,reviews/How-to-answer-customer-questions-with-Klaviyo-Reviews-18224923535259.md,True,True,10512,
49375667326491,Reviews best practices,Reviews best practices,49375133274139,Reviews,reviews,26652098724123,How to disclose reviewer incentives,https://help.klaviyo.com/hc/en-us/articles/26652098724123-How-to-disclose-reviewer-incentives,reviews/How-to-disclose-reviewer-incentives-26652098724123.md,True,True,10435,
49375667326491,Reviews best practices,Reviews best practices,49375133274139,Reviews,reviews,30346368376347,How to improve SEO with Klaviyo Reviews,https://help.klaviyo.com/hc/en-us/articles/30346368376347-How-to-improve-SEO-with-Klaviyo-Reviews,reviews/How-to-improve-SEO-with-Klaviyo-Reviews-30346368376347.md,True,True,10411,
49375667326491,Reviews best practices,Reviews best practices,49375133274139,Reviews,reviews,19351110471323,How to moderate reviews in Klaviyo,https://help.klaviyo.com/hc/en-us/articles/19351110471323-How-to-moderate-reviews-in-Klaviyo,reviews/How-to-moderate-reviews-in-Klaviyo-19351110471323.md,True,True,10502,
49375667326491,Reviews best practices,Reviews best practices,49375133274139,Reviews,reviews,16691649553179,Klaviyo Reviews data reference,https://help.klaviyo.com/hc/en-us/articles/16691649553179-Klaviyo-Reviews-data-reference,reviews/Klaviyo-Reviews-data-reference-16691649553179.md,True,True,10861,https://dynamicycle.com/docs/articles-klaviyo-reviews-data-reference/
49375667326491,Reviews best practices,Reviews best practices,49375133274139,Reviews,reviews,29581568550299,Understanding how reviews sentiment trends are calculated,https://help.klaviyo.com/hc/en-us/articles/29581568550299-Understanding-how-reviews-sentiment-trends-are-calculated,reviews/Understanding-how-reviews-sentiment-trends-are-calculated-29581568550299.md,True,True,10416,
49375743979803,Best practices for improving SMS performance,Analyze SMS performance > Best practices for improving SMS performance,29173800271259,SMS,sms,4404612542619,How to decrease SMS unsubscribe rates,https://help.klaviyo.com/hc/en-us/articles/4404612542619-How-to-decrease-SMS-unsubscribe-rates,sms-whatsapp/How-to-decrease-SMS-unsubscribe-rates-4404612542619.md,True,True,11064,https://dynamicycle.com/docs/articles-how-to-decrease-sms-unsubscribe-rates/
49375743979803,Best practices for improving SMS performance,Analyze SMS performance > Best practices for improving SMS performance,29173800271259,SMS,sms,4404565738395,How to increase SMS click rates,https://help.klaviyo.com/hc/en-us/articles/4404565738395-How-to-increase-SMS-click-rates,sms-whatsapp/How-to-increase-SMS-click-rates-4404565738395.md,True,True,10888,https://dynamicycle.com/docs/articles-how-to-increase-sms-click-rates/
49375743979803,Best practices for improving SMS performance,Analyze SMS performance > Best practices for improving SMS performance,29173800271259,SMS,sms,4404609990171,How to increase SMS conversion rates,https://help.klaviyo.com/hc/en-us/articles/4404609990171-How-to-increase-SMS-conversion-rates,sms-whatsapp/How-to-increase-SMS-conversion-rates-4404609990171.md,True,True,10988,https://dynamicycle.com/docs/articles-how-to-increase-sms-conversion-rates/
49375768926491,Getting started with SMS analytics and metrics,Analyze SMS performance > Getting started with SMS analytics and metrics,29173800271259,SMS,sms,360035345572,Understanding SMS metrics,https://help.klaviyo.com/hc/en-us/articles/360035345572-Understanding-SMS-metrics,sms-whatsapp/Understanding-SMS-metrics-360035345572.md,True,True,11330,https://dynamicycle.com/docs/articles-understanding-sms-metrics/
29514293664539,Getting started with SMS,Getting started with SMS,29173800271259,SMS,sms,50066120658715,AU branded sender ID rejection reference,https://help.klaviyo.com/hc/en-us/articles/50066120658715-AU-branded-sender-ID-rejection-reference,sms-whatsapp/AU-branded-sender-ID-rejection-reference-50066120658715.md,True,True,10201,
49375831516059,About sending numbers,Getting started with SMS > About sending numbers,29173800271259,SMS,sms,26705180655003,How to request a long code in Klaviyo,https://help.klaviyo.com/hc/en-us/articles/26705180655003-How-to-request-a-long-code-in-Klaviyo,sms-whatsapp/How-to-request-a-long-code-in-Klaviyo-26705180655003.md,True,True,11036,https://dynamicycle.com/docs/articles-how-to-request-a-long-code-in-klaviyo/
49375831516059,About sending numbers,Getting started with SMS > About sending numbers,29173800271259,SMS,sms,14953787622427,How to set up your branded sender ID,https://help.klaviyo.com/hc/en-us/articles/14953787622427-How-to-set-up-your-branded-sender-ID,sms-whatsapp/How-to-set-up-your-branded-sender-ID-14953787622427.md,True,True,11123,https://dynamicycle.com/docs/articles-how-to-set-up-your-branded-sender-id/
49375831516059,About sending numbers,Getting started with SMS > About sending numbers,29173800271259,SMS,sms,26886941270171,Short code application reference,https://help.klaviyo.com/hc/en-us/articles/26886941270171-Short-code-application-reference,sms-whatsapp/Short-code-application-reference-26886941270171.md,True,True,10847,https://dynamicycle.com/docs/articles-short-code-application-reference/
49375831516059,About sending numbers,Getting started with SMS > About sending numbers,29173800271259,SMS,sms,45501730781211,US Short Code Annual Brand Vetting,https://help.klaviyo.com/hc/en-us/articles/45501730781211-US-Short-Code-Annual-Brand-Vetting,sms-whatsapp/US-Short-Code-Annual-Brand-Vetting-45501730781211.md,True,True,10269,
49375831516059,About sending numbers,Getting started with SMS > About sending numbers,29173800271259,SMS,sms,6637671573403,Understanding SMS sending numbers,https://help.klaviyo.com/hc/en-us/articles/6637671573403-Understanding-SMS-sending-numbers,sms-whatsapp/Understanding-SMS-sending-numbers-6637671573403.md,True,True,10588,
49375831516059,About sending numbers,Getting started with SMS > About sending numbers,29173800271259,SMS,sms,6196800762779,Understanding toll-free number rejection,https://help.klaviyo.com/hc/en-us/articles/6196800762779-Understanding-toll-free-number-rejection,sms-whatsapp/Understanding-toll-free-number-rejection-6196800762779.md,True,True,11183,https://dynamicycle.com/docs/articles-understanding-toll-free-number-rejection/
49375831516059,About sending numbers,Getting started with SMS > About sending numbers,29173800271259,SMS,sms,4415873897499,Understanding toll-free number verification,https://help.klaviyo.com/hc/en-us/articles/4415873897499-Understanding-toll-free-number-verification,sms-whatsapp/Understanding-toll-free-number-verification-4415873897499.md,True,True,10984,https://dynamicycle.com/docs/articles-understanding-toll-free-number-verification/
49375831516059,About sending numbers,Getting started with SMS > About sending numbers,29173800271259,SMS,sms,14476797072795,Understanding when to get a short code,https://help.klaviyo.com/hc/en-us/articles/14476797072795-Understanding-when-to-get-a-short-code,sms-whatsapp/Understanding-when-to-get-a-short-code-14476797072795.md,True,True,11124,https://dynamicycle.com/docs/articles-understanding-when-to-get-a-short-code/
49375804348443,Import SMS contacts,Getting started with SMS > Import SMS contacts,29173800271259,SMS,sms,360046055671,Accepted phone number formats for SMS in Klaviyo,https://help.klaviyo.com/hc/en-us/articles/360046055671-Accepted-phone-number-formats-for-SMS-in-Klaviyo,sms-whatsapp/Accepted-phone-number-formats-for-SMS-in-Klaviyo-360046055671.md,True,True,11138,https://dynamicycle.com/docs/articles-accepted-phone-number-formats-for-sms-in-klaviyo/
49375804348443,Import SMS contacts,Getting started with SMS > Import SMS contacts,29173800271259,SMS,sms,5306587861531,How to indicate the country for an SMS import,https://help.klaviyo.com/hc/en-us/articles/5306587861531-How-to-indicate-the-country-for-an-SMS-import,sms-whatsapp/How-to-indicate-the-country-for-an-SMS-import-5306587861531.md,True,True,11061,https://dynamicycle.com/docs/articles-how-to-indicate-the-country-for-an-sms-import/
49375804348443,Import SMS contacts,Getting started with SMS > Import SMS contacts,29173800271259,SMS,sms,360035428731,How to upload a list of SMS contacts,https://help.klaviyo.com/hc/en-us/articles/360035428731-How-to-upload-a-list-of-SMS-contacts,sms-whatsapp/How-to-upload-a-list-of-SMS-contacts-360035428731.md,True,True,10689,
49375832892571,Migrate SMS providers,Getting started with SMS > Migrate SMS providers,29173800271259,SMS,sms,7117160207131,How to port a number into Klaviyo,https://help.klaviyo.com/hc/en-us/articles/7117160207131-How-to-port-a-number-into-Klaviyo,sms-whatsapp/How-to-port-a-number-into-Klaviyo-7117160207131.md,True,True,10978,https://dynamicycle.com/docs/articles-how-to-port-a-number-into-klaviyo/
49375832892571,Migrate SMS providers,Getting started with SMS > Migrate SMS providers,29173800271259,SMS,sms,4403980438555,How to tell subscribers about a change in phone number,https://help.klaviyo.com/hc/en-us/articles/4403980438555-How-to-tell-subscribers-about-a-change-in-phone-number,sms-whatsapp/How-to-tell-subscribers-about-a-change-in-phone-number-4403980438555.md,True,True,10889,https://dynamicycle.com/docs/articles-how-to-tell-subscribers-about-a-change-in-phone-number/
49375832892571,Migrate SMS providers,Getting started with SMS > Migrate SMS providers,29173800271259,SMS,sms,360035511812,Migrating from another SMS provider to Klaviyo,https://help.klaviyo.com/hc/en-us/articles/360035511812-Migrating-from-another-SMS-provider-to-Klaviyo,sms-whatsapp/Migrating-from-another-SMS-provider-to-Klaviyo-360035511812.md,True,True,10688,
49375806470427,Set up SMS,Getting started with SMS > Set up SMS,29173800271259,SMS,sms,17649597637147,How to create a branded shortened link for SMS,https://help.klaviyo.com/hc/en-us/articles/17649597637147-How-to-create-a-branded-shortened-link-for-SMS,sms-whatsapp/How-to-create-a-branded-shortened-link-for-SMS-17649597637147.md,True,True,11177,https://dynamicycle.com/docs/articles-how-to-create-a-branded-shortened-link-for-sms/
49375806470427,Set up SMS,Getting started with SMS > Set up SMS,29173800271259,SMS,sms,360049177511,How to create a mobile terms of service in Klaviyo,https://help.klaviyo.com/hc/en-us/articles/360049177511-How-to-create-a-mobile-terms-of-service-in-Klaviyo,sms-whatsapp/How-to-create-a-mobile-terms-of-service-in-Klaviyo-360049177511.md,True,True,10900,https://dynamicycle.com/docs/articles-how-to-create-a-mobile-terms-of-service-in-klaviyo/
49375806470427,Set up SMS,Getting started with SMS > Set up SMS,29173800271259,SMS,sms,4404274419355,How to set up SMS in Klaviyo,https://help.klaviyo.com/hc/en-us/articles/4404274419355-How-to-set-up-SMS-in-Klaviyo,sms-whatsapp/How-to-set-up-SMS-in-Klaviyo-4404274419355.md,True,True,10863,https://dynamicycle.com/docs/articles-how-to-set-up-sms-in-klaviyo/
49375806470427,Set up SMS,Getting started with SMS > Set up SMS,29173800271259,SMS,sms,11644128409371,How to set up your SMS disclosure language,https://help.klaviyo.com/hc/en-us/articles/11644128409371-How-to-set-up-your-SMS-disclosure-language,sms-whatsapp/How-to-set-up-your-SMS-disclosure-language-11644128409371.md,True,True,11056,https://dynamicycle.com/docs/articles-how-to-set-up-your-sms-disclosure-language/
49375806470427,Set up SMS,Getting started with SMS > Set up SMS,29173800271259,SMS,sms,4404199571867,SMS privacy policy best practices,https://help.klaviyo.com/hc/en-us/articles/4404199571867-SMS-privacy-policy-best-practices,sms-whatsapp/SMS-privacy-policy-best-practices-4404199571867.md,True,True,10990,https://dynamicycle.com/docs/articles-sms-privacy-policy-best-practices/
49375806470427,Set up SMS,Getting started with SMS > Set up SMS,29173800271259,SMS,sms,13502982552347,Understand Klaviyo's mobile credit system,https://help.klaviyo.com/hc/en-us/articles/13502982552347-Understand-Klaviyo-s-mobile-credit-system,sms-whatsapp/Understand-Klaviyo's-mobile-credit-system-13502982552347.md,True,True,11125,https://dynamicycle.com/docs/articles-understand-klaviyo-s-mobile-credit-system/
49375832168347,Understand SMS,Getting started with SMS > Understand SMS,29173800271259,SMS,sms,13288640663579,Basics: SMS best practices,https://help.klaviyo.com/hc/en-us/articles/13288640663579-Basics-SMS-best-practices,sms-whatsapp/Basics-SMS-best-practices-13288640663579.md,True,True,11126,https://dynamicycle.com/docs/articles-basics-sms-best-practices/
49375832168347,Understand SMS,Getting started with SMS > Understand SMS,29173800271259,SMS,sms,7956171032091,Basics: SMS compliance,https://help.klaviyo.com/hc/en-us/articles/7956171032091-Basics-SMS-compliance,sms-whatsapp/Basics-SMS-compliance-7956171032091.md,True,True,11058,https://dynamicycle.com/docs/articles-basics-sms-compliance/
49375832168347,Understand SMS,Getting started with SMS > Understand SMS,29173800271259,SMS,sms,360055914412,SMS glossary,https://help.klaviyo.com/hc/en-us/articles/360055914412-SMS-glossary,sms-whatsapp/SMS-glossary-360055914412.md,True,True,10637,
49375832168347,Understand SMS,Getting started with SMS > Understand SMS,29173800271259,SMS,sms,360041075091,Understanding the difference between SMS and MMS,https://help.klaviyo.com/hc/en-us/articles/360041075091-Understanding-the-difference-between-SMS-and-MMS,sms-whatsapp/Understanding-the-difference-between-SMS-and-MMS-360041075091.md,True,True,11200,https://dynamicycle.com/docs/articles-understanding-the-difference-between-sms-and-mms/
49375832168347,Understand SMS,Getting started with SMS > Understand SMS,29173800271259,SMS,sms,360036972292,Understanding the difference between email and SMS,https://help.klaviyo.com/hc/en-us/articles/360036972292-Understanding-the-difference-between-email-and-SMS,sms-whatsapp/Understanding-the-difference-between-email-and-SMS-360036972292.md,True,True,11255,https://dynamicycle.com/docs/articles-understanding-the-difference-between-email-and-sms/
49375832168347,Understand SMS,Getting started with SMS > Understand SMS,29173800271259,SMS,sms,360035285472,Understanding your SMS settings,https://help.klaviyo.com/hc/en-us/articles/360035285472-Understanding-your-SMS-settings,sms-whatsapp/Understanding-your-SMS-settings-360035285472.md,True,True,11006,https://dynamicycle.com/docs/articles-understanding-your-sms-settings/
49375832168347,Understand SMS,Getting started with SMS > Understand SMS,29173800271259,SMS,sms,4402914866843,Where is Klaviyo SMS available?,https://help.klaviyo.com/hc/en-us/articles/4402914866843-Where-is-Klaviyo-SMS-available,sms-whatsapp/Where-is-Klaviyo-SMS-available-4402914866843.md,True,True,10890,https://dynamicycle.com/docs/articles-where-is-klaviyo-sms-available/
49375812160155,About collecting SMS consent,Grow your SMS list > About collecting SMS consent,29173800271259,SMS,sms,27902671291419,SMS opt-in methods reference,https://help.klaviyo.com/hc/en-us/articles/27902671291419-SMS-opt-in-methods-reference,sms-whatsapp/SMS-opt-in-methods-reference-27902671291419.md,True,True,10845,https://dynamicycle.com/docs/articles-sms-opt-in-methods-reference/
49375812160155,About collecting SMS consent,Grow your SMS list > About collecting SMS consent,29173800271259,SMS,sms,360035056972,Understanding SMS consent collection,https://help.klaviyo.com/hc/en-us/articles/360035056972-Understanding-SMS-consent-collection,sms-whatsapp/Understanding-SMS-consent-collection-360035056972.md,True,True,10690,
49375796651675,Build forms to grow your SMS list,Grow your SMS list > Build forms to grow your SMS list,29173800271259,SMS,sms,31583129959195,How to ask for transactional SMS consent separately,https://help.klaviyo.com/hc/en-us/articles/31583129959195-How-to-ask-for-transactional-SMS-consent-separately,sms-whatsapp/How-to-ask-for-transactional-SMS-consent-separately-31583129959195.md,True,True,11035,https://dynamicycle.com/docs/articles-how-to-ask-for-transactional-sms-consent-separately/
49375796651675,Build forms to grow your SMS list,Grow your SMS list > Build forms to grow your SMS list,29173800271259,SMS,sms,9351341171995,How to collect SMS consent with a tap-to-text form,https://help.klaviyo.com/hc/en-us/articles/9351341171995-How-to-collect-SMS-consent-with-a-tap-to-text-form,sms-whatsapp/How-to-collect-SMS-consent-with-a-tap-to-text-form-9351341171995.md,True,True,10972,https://dynamicycle.com/docs/articles-how-to-collect-sms-consent-with-a-tap-to-text-form/
49375796651675,Build forms to grow your SMS list,Grow your SMS list > Build forms to grow your SMS list,29173800271259,SMS,sms,26878282097563,How to create an SMS form that targets email subscribers,https://help.klaviyo.com/hc/en-us/articles/26878282097563-How-to-create-an-SMS-form-that-targets-email-subscribers,sms-whatsapp/How-to-create-an-SMS-form-that-targets-email-subscribers-26878282097563.md,True,True,10848,https://dynamicycle.com/docs/articles-how-to-create-an-sms-form-that-targets-email-subscribers/
49375796651675,Build forms to grow your SMS list,Grow your SMS list > Build forms to grow your SMS list,29173800271259,SMS,sms,24743883751451,How to use Smart Opt-in to collect SMS consent in sign-up forms,https://help.klaviyo.com/hc/en-us/articles/24743883751451-How-to-use-Smart-Opt-in-to-collect-SMS-consent-in-sign-up-forms,sms-whatsapp/How-to-use-Smart-Opt-in-to-collect-SMS-consent-in-sign-up-forms-24743883751451.md,True,True,10455,
49375828882971,Collect SMS consent at checkout,Grow your SMS list > Collect SMS consent at checkout,29173800271259,SMS,sms,360058194032,How to collect SMS consent at checkout on BigCommerce,https://help.klaviyo.com/hc/en-us/articles/360058194032-How-to-collect-SMS-consent-at-checkout-on-BigCommerce,sms-whatsapp/How-to-collect-SMS-consent-at-checkout-on-BigCommerce-360058194032.md,True,True,10991,https://dynamicycle.com/docs/articles-how-to-collect-sms-consent-at-checkout-on-bigcommerce/
49375828882971,Collect SMS consent at checkout,Grow your SMS list > Collect SMS consent at checkout,29173800271259,SMS,sms,360058698511,How to collect SMS consent at checkout on Magento 2,https://help.klaviyo.com/hc/en-us/articles/360058698511-How-to-collect-SMS-consent-at-checkout-on-Magento-2,sms-whatsapp/How-to-collect-SMS-consent-at-checkout-on-Magento-2-360058698511.md,True,True,11132,https://dynamicycle.com/docs/articles-how-to-collect-sms-consent-at-checkout-on-magento-2/
49375828882971,Collect SMS consent at checkout,Grow your SMS list > Collect SMS consent at checkout,29173800271259,SMS,sms,26534999577243,How to collect SMS consent at checkout on PrestaShop,https://help.klaviyo.com/hc/en-us/articles/26534999577243-How-to-collect-SMS-consent-at-checkout-on-PrestaShop,sms-whatsapp/How-to-collect-SMS-consent-at-checkout-on-PrestaShop-26534999577243.md,True,True,10849,https://dynamicycle.com/docs/articles-how-to-collect-sms-consent-at-checkout-on-prestashop/
49375828882971,Collect SMS consent at checkout,Grow your SMS list > Collect SMS consent at checkout,29173800271259,SMS,sms,360057745791,How to collect SMS consent at checkout on WooCommerce,https://help.klaviyo.com/hc/en-us/articles/360057745791-How-to-collect-SMS-consent-at-checkout-on-WooCommerce,sms-whatsapp/How-to-collect-SMS-consent-at-checkout-on-WooCommerce-360057745791.md,True,True,11070,https://dynamicycle.com/docs/articles-how-to-collect-sms-consent-at-checkout-on-woocommerce/
49375828882971,Collect SMS consent at checkout,Grow your SMS list > Collect SMS consent at checkout,29173800271259,SMS,sms,360056824732,How to collect SMS marketing consent at checkout on Shopify,https://help.klaviyo.com/hc/en-us/articles/360056824732-How-to-collect-SMS-marketing-consent-at-checkout-on-Shopify,sms-whatsapp/How-to-collect-SMS-marketing-consent-at-checkout-on-Shopify-360056824732.md,True,True,10636,
49375811210395,Create SMS subscribe links and keywords,Grow your SMS list > Create SMS subscribe links and keywords,29173800271259,SMS,sms,360050384091,"How to add, update, or delete SMS subscribe keywords",https://help.klaviyo.com/hc/en-us/articles/360050384091-How-to-add-update-or-delete-SMS-subscribe-keywords,"sms-whatsapp/How-to-add,-update,-or-delete-SMS-subscribe-keywords-360050384091.md",True,True,11136,https://dynamicycle.com/docs/articles-how-to-add-update-or-delete-sms-subscribe-keywords/
49375811210395,Create SMS subscribe links and keywords,Grow your SMS list > Create SMS subscribe links and keywords,29173800271259,SMS,sms,14104388043931,How to create an SMS subscribe link,https://help.klaviyo.com/hc/en-us/articles/14104388043931-How-to-create-an-SMS-subscribe-link,sms-whatsapp/How-to-create-an-SMS-subscribe-link-14104388043931.md,True,True,11180,https://dynamicycle.com/docs/articles-how-to-create-an-sms-subscribe-link/
49375803319451,Use email and social media to collect SMS consent,Grow your SMS list > Use email and social media to collect SMS consent,29173800271259,SMS,sms,8185730542235,How to ask for SMS consent within an email,https://help.klaviyo.com/hc/en-us/articles/8185730542235-How-to-ask-for-SMS-consent-within-an-email,sms-whatsapp/How-to-ask-for-SMS-consent-within-an-email-8185730542235.md,True,True,10974,https://dynamicycle.com/docs/articles-how-to-ask-for-sms-consent-within-an-email/
49375803319451,Use email and social media to collect SMS consent,Grow your SMS list > Use email and social media to collect SMS consent,29173800271259,SMS,sms,6294531159579,How to create a tap-to-text sticker on Instagram,https://help.klaviyo.com/hc/en-us/articles/6294531159579-How-to-create-a-tap-to-text-sticker-on-Instagram,sms-whatsapp/How-to-create-a-tap-to-text-sticker-on-Instagram-6294531159579.md,True,True,11060,https://dynamicycle.com/docs/articles-how-to-create-a-tap-to-text-sticker-on-instagram/
49375970807323,RCS,RCS,29173800271259,SMS,sms,41066240307483,Getting started with RCS,https://help.klaviyo.com/hc/en-us/articles/41066240307483-Getting-started-with-RCS,sms-whatsapp/Getting-started-with-RCS-41066240307483.md,True,True,10314,
49375970807323,RCS,RCS,29173800271259,SMS,sms,50572976217883,Guide: how to complete RCS registration,https://help.klaviyo.com/hc/en-us/articles/50572976217883-Guide-how-to-complete-RCS-registration,sms-whatsapp/Guide-how-to-complete-RCS-registration-50572976217883.md,True,True,10195,
49375970807323,RCS,RCS,29173800271259,SMS,sms,41072420801819,How to create an RCS campaign in Klaviyo,https://help.klaviyo.com/hc/en-us/articles/41072420801819-How-to-create-an-RCS-campaign-in-Klaviyo,sms-whatsapp/How-to-create-an-RCS-campaign-in-Klaviyo-41072420801819.md,True,True,10942,https://dynamicycle.com/docs/articles-how-to-create-an-rcs-campaign-in-klaviyo/
49375970807323,RCS,RCS,29173800271259,SMS,sms,41072681350555,How to create an RCS message in a flow,https://help.klaviyo.com/hc/en-us/articles/41072681350555-How-to-create-an-RCS-message-in-a-flow,sms-whatsapp/How-to-create-an-RCS-message-in-a-flow-41072681350555.md,True,True,11029,https://dynamicycle.com/docs/articles-how-to-create-an-rcs-message-in-a-flow/
49375970807323,RCS,RCS,29173800271259,SMS,sms,41072788661531,How to create rich interactive RCS messages in Klaviyo,https://help.klaviyo.com/hc/en-us/articles/41072788661531-How-to-create-rich-interactive-RCS-messages-in-Klaviyo,sms-whatsapp/How-to-create-rich-interactive-RCS-messages-in-Klaviyo-41072788661531.md,True,True,11108,https://dynamicycle.com/docs/articles-how-to-create-rich-interactive-rcs-messages-in-klaviyo/
49375970807323,RCS,RCS,29173800271259,SMS,sms,46581422667035,How to set up RCS messaging,https://help.klaviyo.com/hc/en-us/articles/46581422667035-How-to-set-up-RCS-messaging,sms-whatsapp/How-to-set-up-RCS-messaging-46581422667035.md,True,True,10257,
49375970807323,RCS,RCS,29173800271259,SMS,sms,41073297828379,How to track RCS opens in Klaviyo,https://help.klaviyo.com/hc/en-us/articles/41073297828379-How-to-track-RCS-opens-in-Klaviyo,sms-whatsapp/How-to-track-RCS-opens-in-Klaviyo-41073297828379.md,True,True,11169,https://dynamicycle.com/docs/articles-how-to-track-rcs-opens-in-klaviyo/
49375970807323,RCS,RCS,29173800271259,SMS,sms,41072989967515,How to use the RCS capability property in Klaviyo,https://help.klaviyo.com/hc/en-us/articles/41072989967515-How-to-use-the-RCS-capability-property-in-Klaviyo,sms-whatsapp/How-to-use-the-RCS-capability-property-in-Klaviyo-41072989967515.md,True,True,10829,https://dynamicycle.com/docs/articles-how-to-use-the-rcs-capability-property-in-klaviyo/
49375970807323,RCS,RCS,29173800271259,SMS,sms,41073540219547,RCS Pricing,https://help.klaviyo.com/hc/en-us/articles/41073540219547-RCS-Pricing,sms-whatsapp/RCS-Pricing-41073540219547.md,True,True,11233,https://dynamicycle.com/docs/articles-rcs-pricing/
49375970807323,RCS,RCS,29173800271259,SMS,sms,45972883876891,RCS on iOS: known limitations and what to expect,https://help.klaviyo.com/hc/en-us/articles/45972883876891-RCS-on-iOS-known-limitations-and-what-to-expect,sms-whatsapp/RCS-on-iOS-known-limitations-and-what-to-expect-45972883876891.md,True,True,10262,
49375970807323,RCS,RCS,29173800271259,SMS,sms,46633303354907,RCS vs SMS vs MMS,https://help.klaviyo.com/hc/en-us/articles/46633303354907-RCS-vs-SMS-vs-MMS,sms-whatsapp/RCS-vs-SMS-vs-MMS-46633303354907.md,True,True,10251,
49375970807323,RCS,RCS,29173800271259,SMS,sms,42318061895579,Understanding Unknown Senders filtering on iOS and how it affects RCS,https://help.klaviyo.com/hc/en-us/articles/42318061895579-Understanding-Unknown-Senders-filtering-on-iOS-and-how-it-affects-RCS,sms-whatsapp/Understanding-Unknown-Senders-filtering-on-iOS-and-how-it-affects-RCS-42318061895579.md,True,True,10303,
49375737431963,Europe: SMS compliance,SMS compliance and deliverability > Europe: SMS compliance,29173800271259,SMS,sms,18410569130779,Understanding how GDPR affects SMS in Europe,https://help.klaviyo.com/hc/en-us/articles/18410569130779-Understanding-how-GDPR-affects-SMS-in-Europe,sms-whatsapp/Understanding-how-GDPR-affects-SMS-in-Europe-18410569130779.md,True,True,10507,
49375737431963,Europe: SMS compliance,SMS compliance and deliverability > Europe: SMS compliance,29173800271259,SMS,sms,4404064992155,Understanding how UK GDPR and PECR affect SMS,https://help.klaviyo.com/hc/en-us/articles/4404064992155-Understanding-how-UK-GDPR-and-PECR-affect-SMS,sms-whatsapp/Understanding-how-UK-GDPR-and-PECR-affect-SMS-4404064992155.md,True,True,10609,
49375746763803,North America: SMS compliance,SMS compliance and deliverability > North America: SMS compliance,29173800271259,SMS,sms,35575786638107,April 11 SMS opt-out compliance change,https://help.klaviyo.com/hc/en-us/articles/35575786638107-April-11-SMS-opt-out-compliance-change,sms-whatsapp/April-11-SMS-opt-out-compliance-change-35575786638107.md,True,True,10365,
49375746763803,North America: SMS compliance,SMS compliance and deliverability > North America: SMS compliance,29173800271259,SMS,sms,4402385511579,Understand Canada's anti-spam legislation,https://help.klaviyo.com/hc/en-us/articles/4402385511579-Understand-Canada-s-anti-spam-legislation,sms-whatsapp/Understand-Canada's-anti-spam-legislation-4402385511579.md,True,True,10616,
49375746763803,North America: SMS compliance,SMS compliance and deliverability > North America: SMS compliance,29173800271259,SMS,sms,4405332994843,Understanding Florida's mini-TCPA,https://help.klaviyo.com/hc/en-us/articles/4405332994843-Understanding-Florida-s-mini-TCPA,sms-whatsapp/Understanding-Florida's-mini-TCPA-4405332994843.md,True,True,10987,https://dynamicycle.com/docs/articles-understanding-florida-s-mini-tcpa/
49375746763803,North America: SMS compliance,SMS compliance and deliverability > North America: SMS compliance,29173800271259,SMS,sms,16576963362715,Understanding Oklahoma's mini-TCPA,https://help.klaviyo.com/hc/en-us/articles/16576963362715-Understanding-Oklahoma-s-mini-TCPA,sms-whatsapp/Understanding-Oklahoma's-mini-TCPA-16576963362715.md,True,True,10864,https://dynamicycle.com/docs/articles-understanding-oklahoma-s-mini-tcpa/
49375746763803,North America: SMS compliance,SMS compliance and deliverability > North America: SMS compliance,29173800271259,SMS,sms,44447515845019,Understanding State Laws Limiting Frequency of Marketing Text Messages,https://help.klaviyo.com/hc/en-us/articles/44447515845019-Understanding-State-Laws-Limiting-Frequency-of-Marketing-Text-Messages,sms-whatsapp/Understanding-State-Laws-Limiting-Frequency-of-Marketing-Text-Messages-44447515845019.md,True,True,10283,
49375746763803,North America: SMS compliance,SMS compliance and deliverability > North America: SMS compliance,29173800271259,SMS,sms,39190647089691,Understanding Texas's business and commerce code update,https://help.klaviyo.com/hc/en-us/articles/39190647089691-Understanding-Texas-s-business-and-commerce-code-update,sms-whatsapp/Understanding-Texas's-business-and-commerce-code-update-39190647089691.md,True,True,10343,
49375746763803,North America: SMS compliance,SMS compliance and deliverability > North America: SMS compliance,29173800271259,SMS,sms,360035055312,Understanding US SMS compliance laws,https://help.klaviyo.com/hc/en-us/articles/360035055312-Understanding-US-SMS-compliance-laws,sms-whatsapp/Understanding-US-SMS-compliance-laws-360035055312.md,True,True,10773,https://dynamicycle.com/docs/articles-understanding-us-sms-compliance-laws/
49375746763803,North America: SMS compliance,SMS compliance and deliverability > North America: SMS compliance,29173800271259,SMS,sms,4404189657755,Understanding US guidelines for SMS cart abandonment flows,https://help.klaviyo.com/hc/en-us/articles/4404189657755-Understanding-US-guidelines-for-SMS-cart-abandonment-flows,sms-whatsapp/Understanding-US-guidelines-for-SMS-cart-abandonment-flows-4404189657755.md,True,True,11065,https://dynamicycle.com/docs/articles-understanding-us-guidelines-for-sms-cart-abandonment-flows/
49375746763803,North America: SMS compliance,SMS compliance and deliverability > North America: SMS compliance,29173800271259,SMS,sms,31921649483803,Understanding compliance for SMS sweepstakes and contests,https://help.klaviyo.com/hc/en-us/articles/31921649483803-Understanding-compliance-for-SMS-sweepstakes-and-contests,sms-whatsapp/Understanding-compliance-for-SMS-sweepstakes-and-contests-31921649483803.md,True,True,10406,
49375754085659,Oceania: SMS compliance,SMS compliance and deliverability > Oceania: SMS compliance,29173800271259,SMS,sms,4406840113563,Understanding Australia's anti-spam legislation,https://help.klaviyo.com/hc/en-us/articles/4406840113563-Understanding-Australia-s-anti-spam-legislation,sms-whatsapp/Understanding-Australia's-anti-spam-legislation-4406840113563.md,True,True,10603,
49375754085659,Oceania: SMS compliance,SMS compliance and deliverability > Oceania: SMS compliance,29173800271259,SMS,sms,9621685242267,Understanding New Zealand's anti-spam legislation ,https://help.klaviyo.com/hc/en-us/articles/9621685242267-Understanding-New-Zealand-s-anti-spam-legislation,sms-whatsapp/Understanding-New-Zealand's-anti-spam-legislation-9621685242267.md,True,True,10573,
49375771719195,SMS age-gating and prohibited content,SMS compliance and deliverability > SMS age-gating and prohibited content,29173800271259,SMS,sms,17252552814875,How to use age-gating with Klaviyo,https://help.klaviyo.com/hc/en-us/articles/17252552814875-How-to-use-age-gating-with-Klaviyo,sms-whatsapp/How-to-use-age-gating-with-Klaviyo-17252552814875.md,True,True,10527,
49375771719195,SMS age-gating and prohibited content,SMS compliance and deliverability > SMS age-gating and prohibited content,29173800271259,SMS,sms,4401822831771,Understanding SMS and MMS prohibited content,https://help.klaviyo.com/hc/en-us/articles/4401822831771-Understanding-SMS-and-MMS-prohibited-content,sms-whatsapp/Understanding-SMS-and-MMS-prohibited-content-4401822831771.md,True,True,11192,https://dynamicycle.com/docs/articles-understanding-sms-and-mms-prohibited-content/
49375771719195,SMS age-gating and prohibited content,SMS compliance and deliverability > SMS age-gating and prohibited content,29173800271259,SMS,sms,4408311712667,Understanding content age-gating for SMS,https://help.klaviyo.com/hc/en-us/articles/4408311712667-Understanding-content-age-gating-for-SMS,sms-whatsapp/Understanding-content-age-gating-for-SMS-4408311712667.md,True,True,11187,https://dynamicycle.com/docs/articles-understanding-content-age-gating-for-sms/
49375736920731,SMS deliverability best practices,SMS compliance and deliverability > SMS deliverability best practices,29173800271259,SMS,sms,6155416998555,How to clean SMS lists,https://help.klaviyo.com/hc/en-us/articles/6155416998555-How-to-clean-SMS-lists,sms-whatsapp/How-to-clean-SMS-lists-6155416998555.md,True,True,11184,https://dynamicycle.com/docs/articles-how-to-clean-sms-lists/
49375736920731,SMS deliverability best practices,SMS compliance and deliverability > SMS deliverability best practices,29173800271259,SMS,sms,18523292380187,How to resolve AT&T spam traps,https://help.klaviyo.com/hc/en-us/articles/18523292380187-How-to-resolve-AT-T-spam-traps,sms-whatsapp/How-to-resolve-AT&T-spam-traps-18523292380187.md,True,True,11042,https://dynamicycle.com/docs/articles-how-to-resolve-at-t-spam-traps/
49375736920731,SMS deliverability best practices,SMS compliance and deliverability > SMS deliverability best practices,29173800271259,SMS,sms,6456860853275,"MMS throughput in the US, Canada, and Australia",https://help.klaviyo.com/hc/en-us/articles/6456860853275-MMS-throughput-in-the-US-Canada-and-Australia,"sms-whatsapp/MMS-throughput-in-the-US,-Canada,-and-Australia-6456860853275.md",True,True,10589,
49375736920731,SMS deliverability best practices,SMS compliance and deliverability > SMS deliverability best practices,29173800271259,SMS,sms,360039239172,Understanding SMS failure reasons and resolution steps,https://help.klaviyo.com/hc/en-us/articles/360039239172-Understanding-SMS-failure-reasons-and-resolution-steps,sms-whatsapp/Understanding-SMS-failure-reasons-and-resolution-steps-360039239172.md,True,True,10902,https://dynamicycle.com/docs/articles-understanding-sms-failure-reasons-and-resolution-steps/
49375736920731,SMS deliverability best practices,SMS compliance and deliverability > SMS deliverability best practices,29173800271259,SMS,sms,1260806260849,Understanding and reviewing your SMS deliverability,https://help.klaviyo.com/hc/en-us/articles/1260806260849-Understanding-and-reviewing-your-SMS-deliverability,sms-whatsapp/Understanding-and-reviewing-your-SMS-deliverability-1260806260849.md,True,True,10620,
49375736920731,SMS deliverability best practices,SMS compliance and deliverability > SMS deliverability best practices,29173800271259,SMS,sms,21206358003355,Understanding the SMS deliverability hub in Klaviyo,https://help.klaviyo.com/hc/en-us/articles/21206358003355-Understanding-the-SMS-deliverability-hub-in-Klaviyo,sms-whatsapp/Understanding-the-SMS-deliverability-hub-in-Klaviyo-21206358003355.md,True,True,10958,https://dynamicycle.com/docs/articles-understanding-the-sms-deliverability-hub-in-klaviyo/
49375736920731,SMS deliverability best practices,SMS compliance and deliverability > SMS deliverability best practices,29173800271259,SMS,sms,17649677926299,Understanding the difference in SMS shortened links,https://help.klaviyo.com/hc/en-us/articles/17649677926299-Understanding-the-difference-in-SMS-shortened-links,sms-whatsapp/Understanding-the-difference-in-SMS-shortened-links-17649677926299.md,True,True,11119,https://dynamicycle.com/docs/articles-understanding-the-difference-in-sms-shortened-links/
49375747879195,Understanding SMS compliance settings,SMS compliance and deliverability > Understanding SMS compliance settings,29173800271259,SMS,sms,29910716707355,How to change compliance keyword responses and languages,https://help.klaviyo.com/hc/en-us/articles/29910716707355-How-to-change-compliance-keyword-responses-and-languages,sms-whatsapp/How-to-change-compliance-keyword-responses-and-languages-29910716707355.md,True,True,10415,
49375747879195,Understanding SMS compliance settings,SMS compliance and deliverability > Understanding SMS compliance settings,29173800271259,SMS,sms,22711363273627,How to change your quiet hour settings for SMS flows,https://help.klaviyo.com/hc/en-us/articles/22711363273627-How-to-change-your-quiet-hour-settings-for-SMS-flows,sms-whatsapp/How-to-change-your-quiet-hour-settings-for-SMS-flows-22711363273627.md,True,True,10956,https://dynamicycle.com/docs/articles-how-to-change-your-quiet-hour-settings-for-sms-flows/
49375747879195,Understanding SMS compliance settings,SMS compliance and deliverability > Understanding SMS compliance settings,29173800271259,SMS,sms,29109965092251,How to configure your opt-out keyword settings,https://help.klaviyo.com/hc/en-us/articles/29109965092251-How-to-configure-your-opt-out-keyword-settings,sms-whatsapp/How-to-configure-your-opt-out-keyword-settings-29109965092251.md,True,True,10417,
49375747879195,Understanding SMS compliance settings,SMS compliance and deliverability > Understanding SMS compliance settings,29173800271259,SMS,sms,31963445305371,How to set up call forwarding for your toll-free number,https://help.klaviyo.com/hc/en-us/articles/31963445305371-How-to-set-up-call-forwarding-for-your-toll-free-number,sms-whatsapp/How-to-set-up-call-forwarding-for-your-toll-free-number-31963445305371.md,True,True,10405,
49375747879195,Understanding SMS compliance settings,SMS compliance and deliverability > Understanding SMS compliance settings,29173800271259,SMS,sms,35737275447067,How to use unsubscribe detection,https://help.klaviyo.com/hc/en-us/articles/35737275447067-How-to-use-unsubscribe-detection,sms-whatsapp/How-to-use-unsubscribe-detection-35737275447067.md,True,True,10364,
49375747879195,Understanding SMS compliance settings,SMS compliance and deliverability > Understanding SMS compliance settings,29173800271259,SMS,sms,29928896469531,Understanding SMS compliance keywords in Klaviyo,https://help.klaviyo.com/hc/en-us/articles/29928896469531-Understanding-SMS-compliance-keywords-in-Klaviyo,sms-whatsapp/Understanding-SMS-compliance-keywords-in-Klaviyo-29928896469531.md,True,True,10414,
49375747879195,Understanding SMS compliance settings,SMS compliance and deliverability > Understanding SMS compliance settings,29173800271259,SMS,sms,26909154035611,Understanding the SMS organizational prefix,https://help.klaviyo.com/hc/en-us/articles/26909154035611-Understanding-the-SMS-organizational-prefix,sms-whatsapp/Understanding-the-SMS-organizational-prefix-26909154035611.md,True,True,10432,
49375747879195,Understanding SMS compliance settings,SMS compliance and deliverability > Understanding SMS compliance settings,29173800271259,SMS,sms,4402922558235,Understanding the company information link for an SMS,https://help.klaviyo.com/hc/en-us/articles/4402922558235-Understanding-the-company-information-link-for-an-SMS,sms-whatsapp/Understanding-the-company-information-link-for-an-SMS-4402922558235.md,True,True,11068,https://dynamicycle.com/docs/articles-understanding-the-company-information-link-for-an-sms/
49375747879195,Understanding SMS compliance settings,SMS compliance and deliverability > Understanding SMS compliance settings,29173800271259,SMS,sms,26977831996315,Understanding the opt-out options for an SMS message,https://help.klaviyo.com/hc/en-us/articles/26977831996315-Understanding-the-opt-out-options-for-an-SMS-message,sms-whatsapp/Understanding-the-opt-out-options-for-an-SMS-message-26977831996315.md,True,True,10846,https://dynamicycle.com/docs/articles-understanding-the-opt-out-options-for-an-sms-message/
49375763905051,Manage your SMS profiles,SMS segments and profiles > Manage your SMS profiles,29173800271259,SMS,sms,360051013832,How to remove SMS consent from a single profile,https://help.klaviyo.com/hc/en-us/articles/360051013832-How-to-remove-SMS-consent-from-a-single-profile,sms-whatsapp/How-to-remove-SMS-consent-from-a-single-profile-360051013832.md,True,True,11247,https://dynamicycle.com/docs/articles-how-to-remove-sms-consent-from-a-single-profile/
49375763905051,Manage your SMS profiles,SMS segments and profiles > Manage your SMS profiles,29173800271259,SMS,sms,360035588012,Understanding when SMS profiles merge,https://help.klaviyo.com/hc/en-us/articles/360035588012-Understanding-when-SMS-profiles-merge,sms-whatsapp/Understanding-when-SMS-profiles-merge-360035588012.md,True,True,11203,https://dynamicycle.com/docs/articles-understanding-when-sms-profiles-merge/
49375763905051,Manage your SMS profiles,SMS segments and profiles > Manage your SMS profiles,29173800271259,SMS,sms,4404710011035,When Klaviyo removes SMS consent automatically,https://help.klaviyo.com/hc/en-us/articles/4404710011035-When-Klaviyo-removes-SMS-consent-automatically,sms-whatsapp/When-Klaviyo-removes-SMS-consent-automatically-4404710011035.md,True,True,10605,
49375740663579,Segment your SMS subscribers,SMS segments and profiles > Segment your SMS subscribers,29173800271259,SMS,sms,360035800811,How to create a segment of SMS subscribers,https://help.klaviyo.com/hc/en-us/articles/360035800811-How-to-create-a-segment-of-SMS-subscribers,sms-whatsapp/How-to-create-a-segment-of-SMS-subscribers-360035800811.md,True,True,11437,https://dynamicycle.com/docs/articles-how-to-create-a-segment-of-sms-subscribers/
49375740663579,Segment your SMS subscribers,SMS segments and profiles > Segment your SMS subscribers,29173800271259,SMS,sms,9821790118171,How to create an SMS error segment,https://help.klaviyo.com/hc/en-us/articles/9821790118171-How-to-create-an-SMS-error-segment,sms-whatsapp/How-to-create-an-SMS-error-segment-9821790118171.md,True,True,11442,https://dynamicycle.com/docs/articles-how-to-create-an-sms-error-segment/
49375740663579,Segment your SMS subscribers,SMS segments and profiles > Segment your SMS subscribers,29173800271259,SMS,sms,4402954226459,How to segment SMS subscribers by country,https://help.klaviyo.com/hc/en-us/articles/4402954226459-How-to-segment-SMS-subscribers-by-country,sms-whatsapp/How-to-segment-SMS-subscribers-by-country-4402954226459.md,True,True,11463,https://dynamicycle.com/docs/articles-how-to-segment-sms-subscribers-by-country/
49375740663579,Segment your SMS subscribers,SMS segments and profiles > Segment your SMS subscribers,29173800271259,SMS,sms,360047879512,Recommended SMS segments reference,https://help.klaviyo.com/hc/en-us/articles/360047879512-Recommended-SMS-segments-reference,sms-whatsapp/Recommended-SMS-segments-reference-360047879512.md,True,True,11414,https://dynamicycle.com/docs/articles-recommended-sms-segments-reference/
49375785493659,Format your SMS messages,Send SMS campaigns > Format your SMS messages,29173800271259,SMS,sms,360035661191,Guide to crafting SMS and MMS messages,https://help.klaviyo.com/hc/en-us/articles/360035661191-Guide-to-crafting-SMS-and-MMS-messages,sms-whatsapp/Guide-to-crafting-SMS-and-MMS-messages-360035661191.md,True,True,10904,https://dynamicycle.com/docs/articles-guide-to-crafting-sms-and-mms-messages/
49375785493659,Format your SMS messages,Send SMS campaigns > Format your SMS messages,29173800271259,SMS,sms,10039353259163,How to use Klaviyo's SMS assistant,https://help.klaviyo.com/hc/en-us/articles/10039353259163-How-to-use-Klaviyo-s-SMS-assistant,sms-whatsapp/How-to-use-Klaviyo's-SMS-assistant-10039353259163.md,True,True,11394,https://dynamicycle.com/docs/articles-how-to-use-klaviyo-s-sms-assistant/
49375785493659,Format your SMS messages,Send SMS campaigns > Format your SMS messages,29173800271259,SMS,sms,360044863132,How to use unique coupon codes in SMS and MMS messages,https://help.klaviyo.com/hc/en-us/articles/360044863132-How-to-use-unique-coupon-codes-in-SMS-and-MMS-messages,sms-whatsapp/How-to-use-unique-coupon-codes-in-SMS-and-MMS-messages-360044863132.md,True,True,11002,https://dynamicycle.com/docs/articles-how-to-use-unique-coupon-codes-in-sms-and-mms-messages/
49375785493659,Format your SMS messages,Send SMS campaigns > Format your SMS messages,29173800271259,SMS,sms,17275332265627,Understanding special and non-special characters for SMS,https://help.klaviyo.com/hc/en-us/articles/17275332265627-Understanding-special-and-non-special-characters-for-SMS,sms-whatsapp/Understanding-special-and-non-special-characters-for-SMS-17275332265627.md,True,True,11349,https://dynamicycle.com/docs/articles-understanding-special-and-non-special-characters-for-sms/
49375785493659,Format your SMS messages,Send SMS campaigns > Format your SMS messages,29173800271259,SMS,sms,45275561011611,Using Videos in Mobile Messages,https://help.klaviyo.com/hc/en-us/articles/45275561011611-Using-Videos-in-Mobile-Messages,sms-whatsapp/Using-Videos-in-Mobile-Messages-45275561011611.md,True,True,10271,
49375810668571,Send and optimize SMS campaigns,Send SMS campaigns > Send and optimize SMS campaigns,29173800271259,SMS,sms,360051110111,Campaign SMS and MMS benchmarks,https://help.klaviyo.com/hc/en-us/articles/360051110111-Campaign-SMS-and-MMS-benchmarks,sms-whatsapp/Campaign-SMS-and-MMS-benchmarks-360051110111.md,True,True,11378,https://dynamicycle.com/docs/articles-campaign-sms-and-mms-benchmarks/
49375810668571,Send and optimize SMS campaigns,Send SMS campaigns > Send and optimize SMS campaigns,29173800271259,SMS,sms,4406796460443,How to A/B test SMS campaigns,https://help.klaviyo.com/hc/en-us/articles/4406796460443-How-to-A-B-test-SMS-campaigns,sms-whatsapp/How-to-AB-test-SMS-campaigns-4406796460443.md,True,True,11245,https://dynamicycle.com/docs/articles-how-to-a-b-test-sms-campaigns/
49375810668571,Send and optimize SMS campaigns,Send SMS campaigns > Send and optimize SMS campaigns,29173800271259,SMS,sms,39896599432347,How to create a multilingual SMS campaign using Smart Translations,https://help.klaviyo.com/hc/en-us/articles/39896599432347-How-to-create-a-multilingual-SMS-campaign-using-Smart-Translations,sms-whatsapp/How-to-create-a-multilingual-SMS-campaign-using-Smart-Translations-39896599432347.md,True,True,10337,
49375810668571,Send and optimize SMS campaigns,Send SMS campaigns > Send and optimize SMS campaigns,29173800271259,SMS,sms,360044556071,How to create a sending schedule based on SMS engagement,https://help.klaviyo.com/hc/en-us/articles/360044556071-How-to-create-a-sending-schedule-based-on-SMS-engagement,sms-whatsapp/How-to-create-a-sending-schedule-based-on-SMS-engagement-360044556071.md,True,True,11199,https://dynamicycle.com/docs/articles-how-to-create-a-sending-schedule-based-on-sms-engagement/
49375810668571,Send and optimize SMS campaigns,Send SMS campaigns > Send and optimize SMS campaigns,29173800271259,SMS,sms,360040039971,How to create and send an SMS campaign,https://help.klaviyo.com/hc/en-us/articles/360040039971-How-to-create-and-send-an-SMS-campaign,sms-whatsapp/How-to-create-and-send-an-SMS-campaign-360040039971.md,True,True,10678,
49375826364443,Sending best practices,Send SMS campaigns > Sending best practices,29173800271259,SMS,sms,23740503987099,Basics: multinational SMS sending with Klaviyo,https://help.klaviyo.com/hc/en-us/articles/23740503987099-Basics-multinational-SMS-sending-with-Klaviyo,sms-whatsapp/Basics-multinational-SMS-sending-with-Klaviyo-23740503987099.md,True,True,10853,https://dynamicycle.com/docs/articles-basics-multinational-sms-sending-with-klaviyo/
49375826364443,Sending best practices,Send SMS campaigns > Sending best practices,29173800271259,SMS,sms,26130939590171,How to allow customers to pause SMS messages during holidays,https://help.klaviyo.com/hc/en-us/articles/26130939590171-How-to-allow-customers-to-pause-SMS-messages-during-holidays,sms-whatsapp/How-to-allow-customers-to-pause-SMS-messages-during-holidays-26130939590171.md,True,True,10437,
49375826364443,Sending best practices,Send SMS campaigns > Sending best practices,29173800271259,SMS,sms,360056849631,How to use Klaviyo email and SMS together,https://help.klaviyo.com/hc/en-us/articles/360056849631-How-to-use-Klaviyo-email-and-SMS-together,sms-whatsapp/How-to-use-Klaviyo-email-and-SMS-together-360056849631.md,True,True,10992,https://dynamicycle.com/docs/articles-how-to-use-klaviyo-email-and-sms-together/
49375826364443,Sending best practices,Send SMS campaigns > Sending best practices,29173800271259,SMS,sms,360041074911,Understanding MMS image and GIF best practices,https://help.klaviyo.com/hc/en-us/articles/360041074911-Understanding-MMS-image-and-GIF-best-practices,sms-whatsapp/Understanding-MMS-image-and-GIF-best-practices-360041074911.md,True,True,11139,https://dynamicycle.com/docs/articles-understanding-mms-image-and-gif-best-practices/
49375826364443,Sending best practices,Send SMS campaigns > Sending best practices,29173800271259,SMS,sms,19195818382747,"Understanding when to prioritize an email, SMS, or mobile push",https://help.klaviyo.com/hc/en-us/articles/19195818382747-Understanding-when-to-prioritize-an-email-SMS-or-mobile-push,"sms-whatsapp/Understanding-when-to-prioritize-an-email,-SMS,-or-mobile-push-19195818382747.md",True,True,11039,https://dynamicycle.com/docs/articles-understanding-when-to-prioritize-an-email-sms-or-mobile-push/
49375773965595,Brand loyalty SMS flows,Send SMS from flows > Brand loyalty SMS flows,29173800271259,SMS,sms,15800790306715,How to add SMS to a thank you flow,https://help.klaviyo.com/hc/en-us/articles/15800790306715-How-to-add-SMS-to-a-thank-you-flow,sms-whatsapp/How-to-add-SMS-to-a-thank-you-flow-15800790306715.md,True,True,10866,https://dynamicycle.com/docs/articles-how-to-add-sms-to-a-thank-you-flow/
49375773965595,Brand loyalty SMS flows,Send SMS from flows > Brand loyalty SMS flows,29173800271259,SMS,sms,18389135527323,How to send order updates via SMS for Shopify,https://help.klaviyo.com/hc/en-us/articles/18389135527323-How-to-send-order-updates-via-SMS-for-Shopify,sms-whatsapp/How-to-send-order-updates-via-SMS-for-Shopify-18389135527323.md,True,True,10962,https://dynamicycle.com/docs/articles-how-to-send-order-updates-via-sms-for-shopify/
49375773965595,Brand loyalty SMS flows,Send SMS from flows > Brand loyalty SMS flows,29173800271259,SMS,sms,16318679373595,How to use SMS in replenishment flows,https://help.klaviyo.com/hc/en-us/articles/16318679373595-How-to-use-SMS-in-replenishment-flows,sms-whatsapp/How-to-use-SMS-in-replenishment-flows-16318679373595.md,True,True,10536,
49375780697115,Getting started with SMS flows,Send SMS from flows > Getting started with SMS flows,29173800271259,SMS,sms,1260806102230,How to add a dynamic image to a text message,https://help.klaviyo.com/hc/en-us/articles/1260806102230-How-to-add-a-dynamic-image-to-a-text-message,sms-whatsapp/How-to-add-a-dynamic-image-to-a-text-message-1260806102230.md,True,True,11193,https://dynamicycle.com/docs/articles-how-to-add-a-dynamic-image-to-a-text-message/
49375780697115,Getting started with SMS flows,Send SMS from flows > Getting started with SMS flows,29173800271259,SMS,sms,360035014492,How to add an SMS action to a flow,https://help.klaviyo.com/hc/en-us/articles/360035014492-How-to-add-an-SMS-action-to-a-flow,sms-whatsapp/How-to-add-an-SMS-action-to-a-flow-360035014492.md,True,True,10774,https://dynamicycle.com/docs/articles-how-to-add-an-sms-action-to-a-flow/
49375774486811,Revenue-generating SMS flows,Send SMS from flows > Revenue-generating SMS flows,29173800271259,SMS,sms,15806802249883,How to add SMS to your browse abandonment flow,https://help.klaviyo.com/hc/en-us/articles/15806802249883-How-to-add-SMS-to-your-browse-abandonment-flow,sms-whatsapp/How-to-add-SMS-to-your-browse-abandonment-flow-15806802249883.md,True,True,10540,
49375774486811,Revenue-generating SMS flows,Send SMS from flows > Revenue-generating SMS flows,29173800271259,SMS,sms,7954040204827,How to use SMS in your back in stock flows,https://help.klaviyo.com/hc/en-us/articles/7954040204827-How-to-use-SMS-in-your-back-in-stock-flows,sms-whatsapp/How-to-use-SMS-in-your-back-in-stock-flows-7954040204827.md,True,True,11182,https://dynamicycle.com/docs/articles-how-to-use-sms-in-your-back-in-stock-flows/
49375825807515,Set up your first SMS flows ,Send SMS from flows > Set up your first SMS flows ,29173800271259,SMS,sms,9352115400219,How to add SMS to your abandoned cart flow,https://help.klaviyo.com/hc/en-us/articles/9352115400219-How-to-add-SMS-to-your-abandoned-cart-flow,sms-whatsapp/How-to-add-SMS-to-your-abandoned-cart-flow-9352115400219.md,True,True,10879,https://dynamicycle.com/docs/articles-how-to-add-sms-to-your-abandoned-cart-flow/
49375825807515,Set up your first SMS flows ,Send SMS from flows > Set up your first SMS flows ,29173800271259,SMS,sms,360036122291,How to create an SMS welcome flow,https://help.klaviyo.com/hc/en-us/articles/360036122291-How-to-create-an-SMS-welcome-flow,sms-whatsapp/How-to-create-an-SMS-welcome-flow-360036122291.md,True,True,10687,
49375627555995,Getting started with consent pages,Consent pages > Getting started with consent pages,360000190711,Sign-up forms,sign-up-forms,115005251848,Getting started with consent pages,https://help.klaviyo.com/hc/en-us/articles/115005251848-Getting-started-with-consent-pages,sign-up-forms/Getting-started-with-consent-pages-115005251848.md,True,True,10817,https://dynamicycle.com/docs/articles-getting-started-with-consent-pages/
49375627555995,Getting started with consent pages,Consent pages > Getting started with consent pages,360000190711,Sign-up forms,sign-up-forms,115005077067,How to custom code consent pages,https://help.klaviyo.com/hc/en-us/articles/115005077067-How-to-custom-code-consent-pages,sign-up-forms/How-to-custom-code-consent-pages-115005077067.md,False,False,,
49375628202779,Subscribe pages,Consent pages > Subscribe pages,360000190711,Sign-up forms,sign-up-forms,115000798472,How to run a contest or giveaway using subscribe pages,https://help.klaviyo.com/hc/en-us/articles/115000798472-How-to-run-a-contest-or-giveaway-using-subscribe-pages,sign-up-forms/How-to-run-a-contest-or-giveaway-using-subscribe-pages-115000798472.md,True,True,10922,https://dynamicycle.com/docs/articles-how-to-run-a-contest-or-giveaway-using-subscribe-pages/
49375628202779,Subscribe pages,Consent pages > Subscribe pages,360000190711,Sign-up forms,sign-up-forms,360049498631,How to translate consent pages into different languages,https://help.klaviyo.com/hc/en-us/articles/360049498631-How-to-translate-consent-pages-into-different-languages,sign-up-forms/How-to-translate-consent-pages-into-different-languages-360049498631.md,True,True,10998,https://dynamicycle.com/docs/articles-how-to-translate-consent-pages-into-different-languages/
49375628202779,Subscribe pages,Consent pages > Subscribe pages,360000190711,Sign-up forms,sign-up-forms,115005251988,How to use a subscribe page on your website,https://help.klaviyo.com/hc/en-us/articles/115005251988-How-to-use-a-subscribe-page-on-your-website,sign-up-forms/How-to-use-a-subscribe-page-on-your-website-115005251988.md,True,True,10816,https://dynamicycle.com/docs/articles-how-to-use-a-subscribe-page-on-your-website/
49375628760219,Unsubscribe pages,Consent pages > Unsubscribe pages,360000190711,Sign-up forms,sign-up-forms,115005079627,How to customize a list's unsubscribe page,https://help.klaviyo.com/hc/en-us/articles/115005079627-How-to-customize-a-list-s-unsubscribe-page,sign-up-forms/How-to-customize-a-list's-unsubscribe-page-115005079627.md,True,True,10935,https://dynamicycle.com/docs/articles-how-to-customize-a-list-s-unsubscribe-page/
14560094570651,Forms,Forms,360000190711,Sign-up forms,sign-up-forms,360026474752,Getting started with sign-up forms,https://help.klaviyo.com/hc/en-us/articles/360026474752-Getting-started-with-sign-up-forms,sign-up-forms/Getting-started-with-sign-up-forms-360026474752.md,True,True,10907,https://dynamicycle.com/docs/articles-getting-started-with-sign-up-forms/
49375878705179,Build and use forms,Forms > Build and use forms,360000190711,Sign-up forms,sign-up-forms,39660013728027,Amped.io form migration reference,https://help.klaviyo.com/hc/en-us/articles/39660013728027-Amped-io-form-migration-reference,sign-up-forms/Amped.io-form-migration-reference-39660013728027.md,True,True,11447,https://dynamicycle.com/docs/articles-amped-io-form-migration-reference/
49375878705179,Build and use forms,Forms > Build and use forms,360000190711,Sign-up forms,sign-up-forms,4411540984859,How to add a form teaser,https://help.klaviyo.com/hc/en-us/articles/4411540984859-How-to-add-a-form-teaser,sign-up-forms/How-to-add-a-form-teaser-4411540984859.md,True,True,11323,https://dynamicycle.com/docs/articles-how-to-add-a-form-teaser/
49375878705179,Build and use forms,Forms > Build and use forms,360000190711,Sign-up forms,sign-up-forms,4404257318043,How to add side images in sign-up forms,https://help.klaviyo.com/hc/en-us/articles/4404257318043-How-to-add-side-images-in-sign-up-forms,sign-up-forms/How-to-add-side-images-in-sign-up-forms-4404257318043.md,True,True,11354,https://dynamicycle.com/docs/articles-how-to-add-side-images-in-sign-up-forms/
49375878705179,Build and use forms,Forms > Build and use forms,360000190711,Sign-up forms,sign-up-forms,115005077027,How to configure Google Analytics event tracking for a sign-up form,https://help.klaviyo.com/hc/en-us/articles/115005077027-How-to-configure-Google-Analytics-event-tracking-for-a-sign-up-form,sign-up-forms/How-to-configure-Google-Analytics-event-tracking-for-a-sign-up-form-115005077027.md,True,True,11313,https://dynamicycle.com/docs/articles-how-to-configure-google-analytics-event-tracking-for-a-sign-up-form/
49375878705179,Build and use forms,Forms > Build and use forms,360000190711,Sign-up forms,sign-up-forms,34614633330075,How to create a spin-to-win sign-up form,https://help.klaviyo.com/hc/en-us/articles/34614633330075-How-to-create-a-spin-to-win-sign-up-form,sign-up-forms/How-to-create-a-spin-to-win-sign-up-form-34614633330075.md,True,True,10838,https://dynamicycle.com/docs/articles-how-to-create-a-spin-to-win-sign-up-form/
49375878705179,Build and use forms,Forms > Build and use forms,360000190711,Sign-up forms,sign-up-forms,4414658305691,How to edit images in the sign-up form editor,https://help.klaviyo.com/hc/en-us/articles/4414658305691-How-to-edit-images-in-the-sign-up-form-editor,sign-up-forms/How-to-edit-images-in-the-sign-up-form-editor-4414658305691.md,True,True,11410,https://dynamicycle.com/docs/articles-how-to-edit-images-in-the-sign-up-form-editor/
49375878705179,Build and use forms,Forms > Build and use forms,360000190711,Sign-up forms,sign-up-forms,360006897412,How to embed a sign-up form on your website,https://help.klaviyo.com/hc/en-us/articles/360006897412-How-to-embed-a-sign-up-form-on-your-website,sign-up-forms/How-to-embed-a-sign-up-form-on-your-website-360006897412.md,True,True,11380,https://dynamicycle.com/docs/articles-how-to-embed-a-sign-up-form-on-your-website/
49375878705179,Build and use forms,Forms > Build and use forms,360000190711,Sign-up forms,sign-up-forms,10391017061019,How to schedule a sign-up form,https://help.klaviyo.com/hc/en-us/articles/10391017061019-How-to-schedule-a-sign-up-form,sign-up-forms/How-to-schedule-a-sign-up-form-10391017061019.md,True,True,11241,https://dynamicycle.com/docs/articles-how-to-schedule-a-sign-up-form/
49375878705179,Build and use forms,Forms > Build and use forms,360000190711,Sign-up forms,sign-up-forms,38767539287323,How to set up a back in stock form,https://help.klaviyo.com/hc/en-us/articles/38767539287323-How-to-set-up-a-back-in-stock-form,sign-up-forms/How-to-set-up-a-back-in-stock-form-38767539287323.md,True,True,10345,
49375878705179,Build and use forms,Forms > Build and use forms,360000190711,Sign-up forms,sign-up-forms,17292871409947,How to set up lead capture with Shop on a sign-up form,https://help.klaviyo.com/hc/en-us/articles/17292871409947-How-to-set-up-lead-capture-with-Shop-on-a-sign-up-form,sign-up-forms/How-to-set-up-lead-capture-with-Shop-on-a-sign-up-form-17292871409947.md,True,True,11120,https://dynamicycle.com/docs/articles-how-to-set-up-lead-capture-with-shop-on-a-sign-up-form/
49375878705179,Build and use forms,Forms > Build and use forms,360000190711,Sign-up forms,sign-up-forms,22173812171291,How to trigger a sign-up form to appear based on cart contents,https://help.klaviyo.com/hc/en-us/articles/22173812171291-How-to-trigger-a-sign-up-form-to-appear-based-on-cart-contents,sign-up-forms/How-to-trigger-a-sign-up-form-to-appear-based-on-cart-contents-22173812171291.md,True,True,11038,https://dynamicycle.com/docs/articles-how-to-trigger-a-sign-up-form-to-appear-based-on-cart-contents/
49375878705179,Build and use forms,Forms > Build and use forms,360000190711,Sign-up forms,sign-up-forms,360047955672,How to use custom fonts in sign-up forms,https://help.klaviyo.com/hc/en-us/articles/360047955672-How-to-use-custom-fonts-in-sign-up-forms,sign-up-forms/How-to-use-custom-fonts-in-sign-up-forms-360047955672.md,True,True,11436,https://dynamicycle.com/docs/articles-how-to-use-custom-fonts-in-sign-up-forms/
49375878705179,Build and use forms,Forms > Build and use forms,360000190711,Sign-up forms,sign-up-forms,4406228129051,How to view sign-up form responses,https://help.klaviyo.com/hc/en-us/articles/4406228129051-How-to-view-sign-up-form-responses,sign-up-forms/How-to-view-sign-up-form-responses-4406228129051.md,True,True,11398,https://dynamicycle.com/docs/articles-how-to-view-sign-up-form-responses/
49375878705179,Build and use forms,Forms > Build and use forms,360000190711,Sign-up forms,sign-up-forms,14780233854363,Klaviyo-hosted fonts reference,https://help.klaviyo.com/hc/en-us/articles/14780233854363-Klaviyo-hosted-fonts-reference,sign-up-forms/Klaviyo-hosted-fonts-reference-14780233854363.md,True,True,11179,https://dynamicycle.com/docs/articles-klaviyo-hosted-fonts-reference/
49375878705179,Build and use forms,Forms > Build and use forms,360000190711,Sign-up forms,sign-up-forms,4404256496283,Understanding multi-step forms,https://help.klaviyo.com/hc/en-us/articles/4404256496283-Understanding-multi-step-forms,sign-up-forms/Understanding-multi-step-forms-4404256496283.md,True,True,11429,https://dynamicycle.com/docs/articles-understanding-multi-step-forms/
49375878705179,Build and use forms,Forms > Build and use forms,360000190711,Sign-up forms,sign-up-forms,27695838219675,Understanding revenue metrics for sign-up forms,https://help.klaviyo.com/hc/en-us/articles/27695838219675-Understanding-revenue-metrics-for-sign-up-forms,sign-up-forms/Understanding-revenue-metrics-for-sign-up-forms-27695838219675.md,True,True,10954,https://dynamicycle.com/docs/articles-understanding-revenue-metrics-for-sign-up-forms/
49375878705179,Build and use forms,Forms > Build and use forms,360000190711,Sign-up forms,sign-up-forms,360015960712,Understanding sign-up form analytics,https://help.klaviyo.com/hc/en-us/articles/360015960712-Understanding-sign-up-form-analytics,sign-up-forms/Understanding-sign-up-form-analytics-360015960712.md,True,True,11445,https://dynamicycle.com/docs/articles-understanding-sign-up-form-analytics/
49375878705179,Build and use forms,Forms > Build and use forms,360000190711,Sign-up forms,sign-up-forms,4405381628827,Understanding sign-up form dismissal settings,https://help.klaviyo.com/hc/en-us/articles/4405381628827-Understanding-sign-up-form-dismissal-settings,sign-up-forms/Understanding-sign-up-form-dismissal-settings-4405381628827.md,True,True,11422,https://dynamicycle.com/docs/articles-understanding-sign-up-form-dismissal-settings/
49375615840539,Form best practices,Forms > Form best practices,360000190711,Sign-up forms,sign-up-forms,11206946148891,How to add a countdown timer to a sign-up form,https://help.klaviyo.com/hc/en-us/articles/11206946148891-How-to-add-a-countdown-timer-to-a-sign-up-form,sign-up-forms/How-to-add-a-countdown-timer-to-a-sign-up-form-11206946148891.md,False,False,,
49375615840539,Form best practices,Forms > Form best practices,360000190711,Sign-up forms,sign-up-forms,14980194112411,How to create ADA-friendly sign-up forms,https://help.klaviyo.com/hc/en-us/articles/14980194112411-How-to-create-ADA-friendly-sign-up-forms,sign-up-forms/How-to-create-ADA-friendly-sign-up-forms-14980194112411.md,True,True,10551,
49375615840539,Form best practices,Forms > Form best practices,360000190711,Sign-up forms,sign-up-forms,4404213604251,How to create a multi-step form,https://help.klaviyo.com/hc/en-us/articles/4404213604251-How-to-create-a-multi-step-form,sign-up-forms/How-to-create-a-multi-step-form-4404213604251.md,True,True,10989,https://dynamicycle.com/docs/articles-how-to-create-a-multi-step-form/
49375615840539,Form best practices,Forms > Form best practices,360000190711,Sign-up forms,sign-up-forms,360047999812,How to host a custom font on your site,https://help.klaviyo.com/hc/en-us/articles/360047999812-How-to-host-a-custom-font-on-your-site,sign-up-forms/How-to-host-a-custom-font-on-your-site-360047999812.md,True,True,11413,https://dynamicycle.com/docs/articles-how-to-host-a-custom-font-on-your-site/
49375615840539,Form best practices,Forms > Form best practices,360000190711,Sign-up forms,sign-up-forms,26855536897691,How to localize sign-up forms for multiple regional domains,https://help.klaviyo.com/hc/en-us/articles/26855536897691-How-to-localize-sign-up-forms-for-multiple-regional-domains,sign-up-forms/How-to-localize-sign-up-forms-for-multiple-regional-domains-26855536897691.md,True,True,10433,
49375615840539,Form best practices,Forms > Form best practices,360000190711,Sign-up forms,sign-up-forms,4406161800987,How to optimize popup and flyout forms for mobile,https://help.klaviyo.com/hc/en-us/articles/4406161800987-How-to-optimize-popup-and-flyout-forms-for-mobile,sign-up-forms/How-to-optimize-popup-and-flyout-forms-for-mobile-4406161800987.md,True,True,11428,https://dynamicycle.com/docs/articles-how-to-optimize-popup-and-flyout-forms-for-mobile/
49375615840539,Form best practices,Forms > Form best practices,360000190711,Sign-up forms,sign-up-forms,19788320859419,How to prevent multiple sign-up forms from displaying at once,https://help.klaviyo.com/hc/en-us/articles/19788320859419-How-to-prevent-multiple-sign-up-forms-from-displaying-at-once,sign-up-forms/How-to-prevent-multiple-sign-up-forms-from-displaying-at-once-19788320859419.md,True,True,10494,
49375615840539,Form best practices,Forms > Form best practices,360000190711,Sign-up forms,sign-up-forms,4418052317339,How to trigger a sign-up form to appear when a button is clicked,https://help.klaviyo.com/hc/en-us/articles/4418052317339-How-to-trigger-a-sign-up-form-to-appear-when-a-button-is-clicked,sign-up-forms/How-to-trigger-a-sign-up-form-to-appear-when-a-button-is-clicked-4418052317339.md,True,True,11322,https://dynamicycle.com/docs/articles-how-to-trigger-a-sign-up-form-to-appear-when-a-button-is-clicked/
49375615840539,Form best practices,Forms > Form best practices,360000190711,Sign-up forms,sign-up-forms,7417723679387,How to use a full page sign-up form as a landing page,https://help.klaviyo.com/hc/en-us/articles/7417723679387-How-to-use-a-full-page-sign-up-form-as-a-landing-page,sign-up-forms/How-to-use-a-full-page-sign-up-form-as-a-landing-page-7417723679387.md,True,True,11287,https://dynamicycle.com/docs/articles-how-to-use-a-full-page-sign-up-form-as-a-landing-page/
49375615840539,Form best practices,Forms > Form best practices,360000190711,Sign-up forms,sign-up-forms,11286232753051,How to use dynamic blocks in forms,https://help.klaviyo.com/hc/en-us/articles/11286232753051-How-to-use-dynamic-blocks-in-forms,sign-up-forms/How-to-use-dynamic-blocks-in-forms-11286232753051.md,True,True,10564,
49375615840539,Form best practices,Forms > Form best practices,360000190711,Sign-up forms,sign-up-forms,34456643120411,How to use go-to-inbox buttons in forms,https://help.klaviyo.com/hc/en-us/articles/34456643120411-How-to-use-go-to-inbox-buttons-in-forms,sign-up-forms/How-to-use-go-to-inbox-buttons-in-forms-34456643120411.md,True,True,10379,
49375615840539,Form best practices,Forms > Form best practices,360000190711,Sign-up forms,sign-up-forms,360034336572,How to use sign-up forms to offer tiered discounts,https://help.klaviyo.com/hc/en-us/articles/360034336572-How-to-use-sign-up-forms-to-offer-tiered-discounts,sign-up-forms/How-to-use-sign-up-forms-to-offer-tiered-discounts-360034336572.md,True,True,11444,https://dynamicycle.com/docs/articles-how-to-use-sign-up-forms-to-offer-tiered-discounts/
49375615840539,Form best practices,Forms > Form best practices,360000190711,Sign-up forms,sign-up-forms,4410660200859,How to use the out of stock sign-up form,https://help.klaviyo.com/hc/en-us/articles/4410660200859-How-to-use-the-out-of-stock-sign-up-form,sign-up-forms/How-to-use-the-out-of-stock-sign-up-form-4410660200859.md,True,True,11421,https://dynamicycle.com/docs/articles-how-to-use-the-out-of-stock-sign-up-form/
49375615840539,Form best practices,Forms > Form best practices,360000190711,Sign-up forms,sign-up-forms,46364562161307,Skip to success in multi-step sign-up forms,https://help.klaviyo.com/hc/en-us/articles/46364562161307-Skip-to-success-in-multi-step-sign-up-forms,sign-up-forms/Skip-to-success-in-multi-step-sign-up-forms-46364562161307.md,True,True,10258,
49375864160923,Getting started with sign-up forms,Forms > Getting started with sign-up forms,360000190711,Sign-up forms,sign-up-forms,15763867466395,Basics: mobile form design,https://help.klaviyo.com/hc/en-us/articles/15763867466395-Basics-mobile-form-design,sign-up-forms/Basics-mobile-form-design-15763867466395.md,True,True,11048,https://dynamicycle.com/docs/articles-basics-mobile-form-design/
49375864160923,Getting started with sign-up forms,Forms > Getting started with sign-up forms,360000190711,Sign-up forms,sign-up-forms,45373923808155,Getting started with Landing Pages,https://help.klaviyo.com/hc/en-us/articles/45373923808155-Getting-started-with-Landing-Pages,sign-up-forms/Getting-started-with-Landing-Pages-45373923808155.md,True,True,10941,https://dynamicycle.com/docs/articles-getting-started-with-landing-pages/
49375864160923,Getting started with sign-up forms,Forms > Getting started with sign-up forms,360000190711,Sign-up forms,sign-up-forms,360002049952,How to manage your sign-up forms,https://help.klaviyo.com/hc/en-us/articles/360002049952-How-to-manage-your-sign-up-forms,sign-up-forms/How-to-manage-your-sign-up-forms-360002049952.md,True,True,11300,https://dynamicycle.com/docs/articles-how-to-manage-your-sign-up-forms/
49375864160923,Getting started with sign-up forms,Forms > Getting started with sign-up forms,360000190711,Sign-up forms,sign-up-forms,115005080327,Sign-up forms and subscribe pages reference,https://help.klaviyo.com/hc/en-us/articles/115005080327-Sign-up-forms-and-subscribe-pages-reference,sign-up-forms/Sign-up-forms-and-subscribe-pages-reference-115005080327.md,True,True,11343,https://dynamicycle.com/docs/articles-sign-up-forms-and-subscribe-pages-reference/
49375864160923,Getting started with sign-up forms,Forms > Getting started with sign-up forms,360000190711,Sign-up forms,sign-up-forms,4413550187035,Understanding form blocks and fields,https://help.klaviyo.com/hc/en-us/articles/4413550187035-Understanding-form-blocks-and-fields,sign-up-forms/Understanding-form-blocks-and-fields-4413550187035.md,True,True,11129,https://dynamicycle.com/docs/articles-understanding-form-blocks-and-fields/
49375864160923,Getting started with sign-up forms,Forms > Getting started with sign-up forms,360000190711,Sign-up forms,sign-up-forms,4413537049883,Understanding styles for a sign-up form,https://help.klaviyo.com/hc/en-us/articles/4413537049883-Understanding-styles-for-a-sign-up-form,sign-up-forms/Understanding-styles-for-a-sign-up-form-4413537049883.md,True,True,11186,https://dynamicycle.com/docs/articles-understanding-styles-for-a-sign-up-form/
49375864160923,Getting started with sign-up forms,Forms > Getting started with sign-up forms,360000190711,Sign-up forms,sign-up-forms,4413544555547,Understanding targeting and behavior settings for sign-up forms,https://help.klaviyo.com/hc/en-us/articles/4413544555547-Understanding-targeting-and-behavior-settings-for-sign-up-forms,sign-up-forms/Understanding-targeting-and-behavior-settings-for-sign-up-forms-4413544555547.md,True,True,11243,https://dynamicycle.com/docs/articles-understanding-targeting-and-behavior-settings-for-sign-up-forms/
49375609354139,Test forms,Forms > Test forms,360000190711,Sign-up forms,sign-up-forms,360045462071,How to A/B test a sign-up form,https://help.klaviyo.com/hc/en-us/articles/360045462071-How-to-A-B-test-a-sign-up-form,sign-up-forms/How-to-AB-test-a-sign-up-form-360045462071.md,True,True,11075,https://dynamicycle.com/docs/articles-how-to-a-b-test-a-sign-up-form/
49375609354139,Test forms,Forms > Test forms,360000190711,Sign-up forms,sign-up-forms,360058920872,How to A/B test offers using sign-up forms,https://help.klaviyo.com/hc/en-us/articles/360058920872-How-to-A-B-test-offers-using-sign-up-forms,sign-up-forms/How-to-AB-test-offers-using-sign-up-forms-360058920872.md,True,True,11377,https://dynamicycle.com/docs/articles-how-to-a-b-test-offers-using-sign-up-forms/
49375609354139,Test forms,Forms > Test forms,360000190711,Sign-up forms,sign-up-forms,21404829361691,How to optimize a sign-up form's display settings,https://help.klaviyo.com/hc/en-us/articles/21404829361691-How-to-optimize-a-sign-up-form-s-display-settings,sign-up-forms/How-to-optimize-a-sign-up-form's-display-settings-21404829361691.md,True,True,10483,
49375609354139,Test forms,Forms > Test forms,360000190711,Sign-up forms,sign-up-forms,25187312302747,Understanding statistical significance for sign-up forms,https://help.klaviyo.com/hc/en-us/articles/25187312302747-Understanding-statistical-significance-for-sign-up-forms,sign-up-forms/Understanding-statistical-significance-for-sign-up-forms-25187312302747.md,True,True,10451,
49375879215515,Troubleshooting sign-up forms,Forms > Troubleshooting sign-up forms,360000190711,Sign-up forms,sign-up-forms,360002035871,How to verify that sign-up forms are enabled,https://help.klaviyo.com/hc/en-us/articles/360002035871-How-to-verify-that-sign-up-forms-are-enabled,sign-up-forms/How-to-verify-that-sign-up-forms-are-enabled-360002035871.md,True,True,11260,https://dynamicycle.com/docs/articles-how-to-verify-that-sign-up-forms-are-enabled/
49375879215515,Troubleshooting sign-up forms,Forms > Troubleshooting sign-up forms,360000190711,Sign-up forms,sign-up-forms,1260805704029,Troubleshooting Klaviyo.js and site speed reports,https://help.klaviyo.com/hc/en-us/articles/1260805704029-Troubleshooting-Klaviyo-js-and-site-speed-reports,sign-up-forms/Troubleshooting-Klaviyo.js-and-site-speed-reports-1260805704029.md,True,True,10892,https://dynamicycle.com/docs/articles-troubleshooting-klaviyo-js-and-site-speed-reports/
49375879215515,Troubleshooting sign-up forms,Forms > Troubleshooting sign-up forms,360000190711,Sign-up forms,sign-up-forms,115005249348,Troubleshooting sign-up forms,https://help.klaviyo.com/hc/en-us/articles/115005249348-Troubleshooting-sign-up-forms,sign-up-forms/Troubleshooting-sign-up-forms-115005249348.md,True,True,10820,https://dynamicycle.com/docs/articles-troubleshooting-sign-up-forms/
49375879215515,Troubleshooting sign-up forms,Forms > Troubleshooting sign-up forms,360000190711,Sign-up forms,sign-up-forms,4409993525403,Understanding why form submissions and list sizes differ,https://help.klaviyo.com/hc/en-us/articles/4409993525403-Understanding-why-form-submissions-and-list-sizes-differ,sign-up-forms/Understanding-why-form-submissions-and-list-sizes-differ-4409993525403.md,True,True,10986,https://dynamicycle.com/docs/articles-understanding-why-form-submissions-and-list-sizes-differ/
50131245341723,Getting started with Social Marketing,Getting started with Social Marketing,50128030093211,Social Marketing,social-marketing,50223235019675,Connect Instagram to Klaviyo,https://help.klaviyo.com/hc/en-us/articles/50223235019675-Connect-Instagram-to-Klaviyo,content/Connect-Instagram-to-Klaviyo-50223235019675.md,True,True,12588,https://dynamicycle.com/docs/articles-connect-instagram-to-klaviyo/
50168641809051,Social Auto-replies,Social Auto-replies,50128030093211,Social Marketing,social-marketing,50223235904411,Add Custom Questions to your Social Auto-reply,https://help.klaviyo.com/hc/en-us/articles/50223235904411-Add-Custom-Questions-to-your-Social-Auto-reply,content/Add-Custom-Questions-to-your-Social-Auto-reply-50223235904411.md,True,True,12587,https://dynamicycle.com/docs/articles-add-custom-questions-to-your-social-auto-reply/
50169761864731,Social Events & Content,Social Events & Content,50128030093211,Social Marketing,social-marketing,50223237602715,Use the Social Content Library,https://help.klaviyo.com/hc/en-us/articles/50223237602715-Use-the-Social-Content-Library,content/Use-the-Social-Content-Library-50223237602715.md,True,True,12586,https://dynamicycle.com/docs/articles-use-the-social-content-library/
49375959162395,Getting started with WhatsApp,Getting started with WhatsApp,49375107982619,WhatsApp,whatsapp,42138701884827,About WhatsApp double opt-in,https://help.klaviyo.com/hc/en-us/articles/42138701884827-About-WhatsApp-double-opt-in,sms-whatsapp/About-WhatsApp-double-opt-in-42138701884827.md,True,True,11372,https://dynamicycle.com/docs/articles-about-whatsapp-double-opt-in/
49375959162395,Getting started with WhatsApp,Getting started with WhatsApp,49375107982619,WhatsApp,whatsapp,42138426687003,About WhatsApp keywords,https://help.klaviyo.com/hc/en-us/articles/42138426687003-About-WhatsApp-keywords,sms-whatsapp/About-WhatsApp-keywords-42138426687003.md,True,True,11346,https://dynamicycle.com/docs/articles-about-whatsapp-keywords/
49375959162395,Getting started with WhatsApp,Getting started with WhatsApp,49375107982619,WhatsApp,whatsapp,44479363197083,About WhatsApp sender information,https://help.klaviyo.com/hc/en-us/articles/44479363197083-About-WhatsApp-sender-information,sms-whatsapp/About-WhatsApp-sender-information-44479363197083.md,True,True,11232,https://dynamicycle.com/docs/articles-about-whatsapp-sender-information/
49375959162395,Getting started with WhatsApp,Getting started with WhatsApp,49375107982619,WhatsApp,whatsapp,49469546595483,Create click-to-chat link for WhatsApp,https://help.klaviyo.com/hc/en-us/articles/49469546595483-Create-click-to-chat-link-for-WhatsApp,sms-whatsapp/Create-click-to-chat-link-for-WhatsApp-49469546595483.md,True,True,10220,
49375959162395,Getting started with WhatsApp,Getting started with WhatsApp,49375107982619,WhatsApp,whatsapp,48362750085659,Getting started with WhatsApp display names,https://help.klaviyo.com/hc/en-us/articles/48362750085659-Getting-started-with-WhatsApp-display-names,sms-whatsapp/Getting-started-with-WhatsApp-display-names-48362750085659.md,True,True,11028,https://dynamicycle.com/docs/articles-getting-started-with-whatsapp-display-names/
49375959162395,Getting started with WhatsApp,Getting started with WhatsApp,49375107982619,WhatsApp,whatsapp,40111819732635,How to connect your WhatsApp Business account to Klaviyo,https://help.klaviyo.com/hc/en-us/articles/40111819732635-How-to-connect-your-WhatsApp-Business-account-to-Klaviyo,sms-whatsapp/How-to-connect-your-WhatsApp-Business-account-to-Klaviyo-40111819732635.md,True,True,10336,
49375959162395,Getting started with WhatsApp,Getting started with WhatsApp,49375107982619,WhatsApp,whatsapp,42146376607003,How to create a Click-to-WhatsApp ad with a “Subscribe” keyword,https://help.klaviyo.com/hc/en-us/articles/42146376607003-How-to-create-a-Click-to-WhatsApp-ad-with-a-Subscribe-keyword,sms-whatsapp/How-to-create-a-Click-to-WhatsApp-ad-with-a-“Subscribe”-keyword-42146376607003.md,True,True,11408,https://dynamicycle.com/docs/articles-how-to-create-a-click-to-whatsapp-ad-with-a-subscribe-keyword/
49375959162395,Getting started with WhatsApp,Getting started with WhatsApp,49375107982619,WhatsApp,whatsapp,46806865948699,How to create a WhatsApp form that targets email subscribers,https://help.klaviyo.com/hc/en-us/articles/46806865948699-How-to-create-a-WhatsApp-form-that-targets-email-subscribers,sms-whatsapp/How-to-create-a-WhatsApp-form-that-targets-email-subscribers-46806865948699.md,True,True,11106,https://dynamicycle.com/docs/articles-how-to-create-a-whatsapp-form-that-targets-email-subscribers/
49375959162395,Getting started with WhatsApp,Getting started with WhatsApp,49375107982619,WhatsApp,whatsapp,40116005412507,How to get a phone number for WhatsApp,https://help.klaviyo.com/hc/en-us/articles/40116005412507-How-to-get-a-phone-number-for-WhatsApp,sms-whatsapp/How-to-get-a-phone-number-for-WhatsApp-40116005412507.md,True,True,10830,https://dynamicycle.com/docs/articles-how-to-get-a-phone-number-for-whatsapp/
49375959162395,Getting started with WhatsApp,Getting started with WhatsApp,49375107982619,WhatsApp,whatsapp,48363561261467,How to set up and edit your WhatsApp display name,https://help.klaviyo.com/hc/en-us/articles/48363561261467-How-to-set-up-and-edit-your-WhatsApp-display-name,sms-whatsapp/How-to-set-up-and-edit-your-WhatsApp-display-name-48363561261467.md,True,True,10230,
49375959162395,Getting started with WhatsApp,Getting started with WhatsApp,49375107982619,WhatsApp,whatsapp,40116243735579,How to upload a list of WhatsApp contacts,https://help.klaviyo.com/hc/en-us/articles/40116243735579-How-to-upload-a-list-of-WhatsApp-contacts,sms-whatsapp/How-to-upload-a-list-of-WhatsApp-contacts-40116243735579.md,True,True,11315,https://dynamicycle.com/docs/articles-how-to-upload-a-list-of-whatsapp-contacts/
49375959162395,Getting started with WhatsApp,Getting started with WhatsApp,49375107982619,WhatsApp,whatsapp,44519286665115,How to write a WhatsApp double opt-in template,https://help.klaviyo.com/hc/en-us/articles/44519286665115-How-to-write-a-WhatsApp-double-opt-in-template,sms-whatsapp/How-to-write-a-WhatsApp-double-opt-in-template-44519286665115.md,True,True,11392,https://dynamicycle.com/docs/articles-how-to-write-a-whatsapp-double-opt-in-template/
49375959162395,Getting started with WhatsApp,Getting started with WhatsApp,49375107982619,WhatsApp,whatsapp,46806173017243,Recommended WhatsApp segments reference,https://help.klaviyo.com/hc/en-us/articles/46806173017243-Recommended-WhatsApp-segments-reference,sms-whatsapp/Recommended-WhatsApp-segments-reference-46806173017243.md,True,True,11168,https://dynamicycle.com/docs/articles-recommended-whatsapp-segments-reference/
49375959162395,Getting started with WhatsApp,Getting started with WhatsApp,49375107982619,WhatsApp,whatsapp,40116301104539,Understanding WhatsApp consent collection,https://help.klaviyo.com/hc/en-us/articles/40116301104539-Understanding-WhatsApp-consent-collection,sms-whatsapp/Understanding-WhatsApp-consent-collection-40116301104539.md,True,True,11277,https://dynamicycle.com/docs/articles-understanding-whatsapp-consent-collection/
49375959162395,Getting started with WhatsApp,Getting started with WhatsApp,49375107982619,WhatsApp,whatsapp,40116148219163,Verify your Meta Business Portfolio for WhatsApp,https://help.klaviyo.com/hc/en-us/articles/40116148219163-Verify-your-Meta-Business-Portfolio-for-WhatsApp,sms-whatsapp/Verify-your-Meta-Business-Portfolio-for-WhatsApp-40116148219163.md,True,True,10943,https://dynamicycle.com/docs/articles-verify-your-meta-business-portfolio-for-whatsapp/
49375937946395,Migrate to Klaviyo,Migrate to Klaviyo,49375107982619,WhatsApp,whatsapp,40116568714523,How to migrate from WhatsApp Business App to Klaviyo,https://help.klaviyo.com/hc/en-us/articles/40116568714523-How-to-migrate-from-WhatsApp-Business-App-to-Klaviyo,sms-whatsapp/How-to-migrate-from-WhatsApp-Business-App-to-Klaviyo-40116568714523.md,True,True,10333,
49375937946395,Migrate to Klaviyo,Migrate to Klaviyo,49375107982619,WhatsApp,whatsapp,40116637850651,How to migrate from another WhatsApp Business Solution Provider to Klaviyo,https://help.klaviyo.com/hc/en-us/articles/40116637850651-How-to-migrate-from-another-WhatsApp-Business-Solution-Provider-to-Klaviyo,sms-whatsapp/How-to-migrate-from-another-WhatsApp-Business-Solution-Provider-to-Klaviyo-40116637850651.md,True,True,10332,
49375924951451,Send and use WhatsApp with Klaviyo,Send and use WhatsApp with Klaviyo,49375107982619,WhatsApp,whatsapp,47290590424347,Getting started with the WhatsApp deliverability hub,https://help.klaviyo.com/hc/en-us/articles/47290590424347-Getting-started-with-the-WhatsApp-deliverability-hub,sms-whatsapp/Getting-started-with-the-WhatsApp-deliverability-hub-47290590424347.md,True,True,10242,
49375924951451,Send and use WhatsApp with Klaviyo,Send and use WhatsApp with Klaviyo,49375107982619,WhatsApp,whatsapp,40116763040411,How to add WhatsApp to a flow,https://help.klaviyo.com/hc/en-us/articles/40116763040411-How-to-add-WhatsApp-to-a-flow,sms-whatsapp/How-to-add-WhatsApp-to-a-flow-40116763040411.md,True,True,10329,
49375924951451,Send and use WhatsApp with Klaviyo,Send and use WhatsApp with Klaviyo,49375107982619,WhatsApp,whatsapp,46623169258139,How to add WhatsApp to a post-purchase flow,https://help.klaviyo.com/hc/en-us/articles/46623169258139-How-to-add-WhatsApp-to-a-post-purchase-flow,sms-whatsapp/How-to-add-WhatsApp-to-a-post-purchase-flow-46623169258139.md,True,True,10255,
49375924951451,Send and use WhatsApp with Klaviyo,Send and use WhatsApp with Klaviyo,49375107982619,WhatsApp,whatsapp,46623602305563,How to add WhatsApp to your abandoned cart flow,https://help.klaviyo.com/hc/en-us/articles/46623602305563-How-to-add-WhatsApp-to-your-abandoned-cart-flow,sms-whatsapp/How-to-add-WhatsApp-to-your-abandoned-cart-flow-46623602305563.md,True,True,10254,
49375924951451,Send and use WhatsApp with Klaviyo,Send and use WhatsApp with Klaviyo,49375107982619,WhatsApp,whatsapp,46624475312539,How to add WhatsApp to your browse abandonment flow,https://help.klaviyo.com/hc/en-us/articles/46624475312539-How-to-add-WhatsApp-to-your-browse-abandonment-flow,sms-whatsapp/How-to-add-WhatsApp-to-your-browse-abandonment-flow-46624475312539.md,True,True,10253,
49375924951451,Send and use WhatsApp with Klaviyo,Send and use WhatsApp with Klaviyo,49375107982619,WhatsApp,whatsapp,40116644987675,How to create a WhatsApp template,https://help.klaviyo.com/hc/en-us/articles/40116644987675-How-to-create-a-WhatsApp-template,sms-whatsapp/How-to-create-a-WhatsApp-template-40116644987675.md,True,True,10331,
49375924951451,Send and use WhatsApp with Klaviyo,Send and use WhatsApp with Klaviyo,49375107982619,WhatsApp,whatsapp,46622708677531,How to create a WhatsApp welcome flow,https://help.klaviyo.com/hc/en-us/articles/46622708677531-How-to-create-a-WhatsApp-welcome-flow,sms-whatsapp/How-to-create-a-WhatsApp-welcome-flow-46622708677531.md,True,True,10256,
49375924951451,Send and use WhatsApp with Klaviyo,Send and use WhatsApp with Klaviyo,49375107982619,WhatsApp,whatsapp,45620280376091,How to create a multilingual WhatsApp campaign using Smart Translations,https://help.klaviyo.com/hc/en-us/articles/45620280376091-How-to-create-a-multilingual-WhatsApp-campaign-using-Smart-Translations,sms-whatsapp/How-to-create-a-multilingual-WhatsApp-campaign-using-Smart-Translations-45620280376091.md,True,True,10267,
49375924951451,Send and use WhatsApp with Klaviyo,Send and use WhatsApp with Klaviyo,49375107982619,WhatsApp,whatsapp,46806615688347,How to create and send a WhatsApp campaign,https://help.klaviyo.com/hc/en-us/articles/46806615688347-How-to-create-and-send-a-WhatsApp-campaign,sms-whatsapp/How-to-create-and-send-a-WhatsApp-campaign-46806615688347.md,True,True,10248,
49375924951451,Send and use WhatsApp with Klaviyo,Send and use WhatsApp with Klaviyo,49375107982619,WhatsApp,whatsapp,40116778911259,How to extend WhatsApp conversations,https://help.klaviyo.com/hc/en-us/articles/40116778911259-How-to-extend-WhatsApp-conversations,sms-whatsapp/How-to-extend-WhatsApp-conversations-40116778911259.md,True,True,10328,
49375924951451,Send and use WhatsApp with Klaviyo,Send and use WhatsApp with Klaviyo,49375107982619,WhatsApp,whatsapp,46625983798299,How to send transactional WhatsApp messages,https://help.klaviyo.com/hc/en-us/articles/46625983798299-How-to-send-transactional-WhatsApp-messages,sms-whatsapp/How-to-send-transactional-WhatsApp-messages-46625983798299.md,True,True,10252,
49375924951451,Send and use WhatsApp with Klaviyo,Send and use WhatsApp with Klaviyo,49375107982619,WhatsApp,whatsapp,47295543266715,How to use dynamic content in WhatsApp templates,https://help.klaviyo.com/hc/en-us/articles/47295543266715-How-to-use-dynamic-content-in-WhatsApp-templates,sms-whatsapp/How-to-use-dynamic-content-in-WhatsApp-templates-47295543266715.md,True,True,10241,
49375968852507,Understand WhatsApp with Klaviyo,Understand WhatsApp with Klaviyo,49375107982619,WhatsApp,whatsapp,40116474536347,About WhatsApp deliverability,https://help.klaviyo.com/hc/en-us/articles/40116474536347-About-WhatsApp-deliverability,sms-whatsapp/About-WhatsApp-deliverability-40116474536347.md,True,True,10334,
49375968852507,Understand WhatsApp with Klaviyo,Understand WhatsApp with Klaviyo,49375107982619,WhatsApp,whatsapp,42141541588251,How to appeal a WhatsApp Business account suspension,https://help.klaviyo.com/hc/en-us/articles/42141541588251-How-to-appeal-a-WhatsApp-Business-account-suspension,sms-whatsapp/How-to-appeal-a-WhatsApp-Business-account-suspension-42141541588251.md,True,True,10304,
49375968852507,Understand WhatsApp with Klaviyo,Understand WhatsApp with Klaviyo,49375107982619,WhatsApp,whatsapp,42139321312283,How to maintain a high WhatsApp quality score,https://help.klaviyo.com/hc/en-us/articles/42139321312283-How-to-maintain-a-high-WhatsApp-quality-score,sms-whatsapp/How-to-maintain-a-high-WhatsApp-quality-score-42139321312283.md,True,True,10306,
49375968852507,Understand WhatsApp with Klaviyo,Understand WhatsApp with Klaviyo,49375107982619,WhatsApp,whatsapp,42141066963355,Troubleshoot WhatsApp message delivery errors,https://help.klaviyo.com/hc/en-us/articles/42141066963355-Troubleshoot-WhatsApp-message-delivery-errors,sms-whatsapp/Troubleshoot-WhatsApp-message-delivery-errors-42141066963355.md,True,True,10305,
49375968852507,Understand WhatsApp with Klaviyo,Understand WhatsApp with Klaviyo,49375107982619,WhatsApp,whatsapp,40116442241179,Understand WhatsApp billing in Klaviyo,https://help.klaviyo.com/hc/en-us/articles/40116442241179-Understand-WhatsApp-billing-in-Klaviyo,sms-whatsapp/Understand-WhatsApp-billing-in-Klaviyo-40116442241179.md,True,True,10335,
49375968852507,Understand WhatsApp with Klaviyo,Understand WhatsApp with Klaviyo,49375107982619,WhatsApp,whatsapp,46890922548507,Understanding WhatsApp per-user marketing limits,https://help.klaviyo.com/hc/en-us/articles/46890922548507-Understanding-WhatsApp-per-user-marketing-limits,sms-whatsapp/Understanding-WhatsApp-per-user-marketing-limits-46890922548507.md,True,True,10245,
