klaviyo_article_id,source_title,source_url,category_slug,section_id,section,en_file,source_snapshot,body_html,rendered_html,translated,zh_file,uploaded,wp_id,wp_live_status,wp_title,wp_link
33734334633627,FAQ: Feb 18 appreciation discount,https://help.klaviyo.com/hc/en-us/articles/33734334633627-FAQ-Feb-18-appreciation-discount,account-billing,49375453955483,How Klaviyo bills,account-billing/FAQ-Feb-18-appreciation-discount-33734334633627.md,_source/articles/33734334633627.json,_source/articles/33734334633627.body.html,_source/rendered/33734334633627.html,yes,account-billing/FAQ-Feb-18-appreciation-discount.md,yes,10840,publish,常见问题：2月18日升值折扣,https://dynamicycle.com/docs/articles-faq-feb-18-appreciation-discount/
33136281415451,FAQ: Feb 18 billing changes,https://help.klaviyo.com/hc/en-us/articles/33136281415451-FAQ-Feb-18-billing-changes,account-billing,49375453955483,How Klaviyo bills,account-billing/FAQ-Feb-18-billing-changes-33136281415451.md,_source/articles/33136281415451.json,_source/articles/33136281415451.body.html,_source/rendered/33136281415451.html,yes,account-billing/FAQ-Feb-18-billing-changes.md,yes,10951,publish,常见问题解答：2 月 18 日账单变更,https://dynamicycle.com/docs/articles-faq-feb-18-billing-changes/
50588094887323,General Account Security Tips and Tricks,https://help.klaviyo.com/hc/en-us/articles/50588094887323-General-Account-Security-Tips-and-Tricks,account-billing,49375482397083,Security,account-billing/General-Account-Security-Tips-and-Tricks-50588094887323.md,_source/articles/50588094887323.json,_source/articles/50588094887323.body.html,_source/rendered/50588094887323.html,yes,account-billing/General-Account-Security-Tips-and-Tricks.md,yes,10192,upload_meta_only,一般帐户安全提示和技巧,
50588009523227,General Account Security Tips and Tricks,https://help.klaviyo.com/hc/en-us/articles/50588009523227-General-Account-Security-Tips-and-Tricks,account-billing,49375482397083,Security,account-billing/General-Account-Security-Tips-and-Tricks-50588009523227.md,_source/articles/50588009523227.json,_source/articles/50588009523227.body.html,,yes,account-billing/General-Account-Security-Tips-and-Tricks.md,yes,10193,upload_meta_only,一般帐户安全提示和技巧,
24656917054747,Getting started with portfolios,https://help.klaviyo.com/hc/en-us/articles/24656917054747-Getting-started-with-portfolios,account-billing,49375698592155,Portfolio,account-billing/Getting-started-with-portfolios-24656917054747.md,_source/articles/24656917054747.json,_source/articles/24656917054747.body.html,_source/rendered/24656917054747.html,yes,account-billing/Getting-started-with-portfolios.md,yes,10457,upload_meta_only,投资组合入门,
360056419451,Glossary of tax IDs by country,https://help.klaviyo.com/hc/en-us/articles/360056419451-Glossary-of-tax-IDs-by-country,account-billing,49375478116891,Tax information,account-billing/Glossary-of-tax-IDs-by-country-360056419451.md,_source/articles/360056419451.json,_source/articles/360056419451.body.html,_source/rendered/360056419451.html,no,,no,,not_uploaded,,
115000976672,How Klaviyo billing works,https://help.klaviyo.com/hc/en-us/articles/115000976672-How-Klaviyo-billing-works,account-billing,49375453955483,How Klaviyo bills,account-billing/How-Klaviyo-billing-works-115000976672.md,_source/articles/115000976672.json,_source/articles/115000976672.body.html,_source/rendered/115000976672.html,yes,account-billing/How-Klaviyo-billing-works.md,yes,10794,publish,Klaviyo 计费的工作原理,https://dynamicycle.com/docs/articles-how-klaviyo-billing-works/
115000839671,How to access recent exports and downloads,https://help.klaviyo.com/hc/en-us/articles/115000839671-How-to-access-recent-exports-and-downloads,account-billing,49375508721947,Downloaded and scheduled reports,account-billing/How-to-access-recent-exports-and-downloads-115000839671.md,_source/articles/115000839671.json,_source/articles/115000839671.body.html,_source/rendered/115000839671.html,yes,account-billing/How-to-access-recent-exports-and-downloads.md,yes,10795,publish,如何访问最近的导出和下载,https://dynamicycle.com/docs/articles-how-to-access-recent-exports-and-downloads/
360053921252,How to add UTM tracking to campaigns and flows,https://help.klaviyo.com/hc/en-us/articles/360053921252-How-to-add-UTM-tracking-to-campaigns-and-flows,account-billing,49375525020827,UTM tracking,account-billing/How-to-add-UTM-tracking-to-campaigns-and-flows-360053921252.md,_source/articles/360053921252.json,_source/articles/360053921252.body.html,_source/rendered/360053921252.html,yes,account-billing/How-to-add-UTM-tracking-to-campaigns-and-flows.md,yes,10896,publish,如何将 UTM 跟踪添加到活动和流程中,https://dynamicycle.com/docs/articles-how-to-add-utm-tracking-to-campaigns-and-flows/
360053851792,How to add a tag to a campaign or flow,https://help.klaviyo.com/hc/en-us/articles/360053851792-How-to-add-a-tag-to-a-campaign-or-flow,account-billing,49375477142043,Tags,account-billing/How-to-add-a-tag-to-a-campaign-or-flow-360053851792.md,_source/articles/360053851792.json,_source/articles/360053851792.body.html,_source/rendered/360053851792.html,yes,account-billing/How-to-add-a-tag-to-a-campaign-or-flow.md,yes,10897,publish,如何向活动或流程添加标签,https://dynamicycle.com/docs/articles-how-to-add-a-tag-to-a-campaign-or-flow/
360054362511,How to add a tag to a list or segment,https://help.klaviyo.com/hc/en-us/articles/360054362511-How-to-add-a-tag-to-a-list-or-segment,account-billing,49375477142043,Tags,account-billing/How-to-add-a-tag-to-a-list-or-segment-360054362511.md,_source/articles/360054362511.json,_source/articles/360054362511.body.html,_source/rendered/360054362511.html,yes,account-billing/How-to-add-a-tag-to-a-list-or-segment.md,yes,10994,publish,如何将标签添加到列表或分段,https://dynamicycle.com/docs/articles-how-to-add-a-tag-to-a-list-or-segment/
8356575957275,How to add or change a plan in Klaviyo,https://help.klaviyo.com/hc/en-us/articles/8356575957275-How-to-add-or-change-a-plan-in-Klaviyo,account-billing,49375463691547,Adjust your plan,account-billing/How-to-add-or-change-a-plan-in-Klaviyo-8356575957275.md,_source/articles/8356575957275.json,_source/articles/8356575957275.body.html,_source/rendered/8356575957275.html,yes,account-billing/How-to-add-or-change-a-plan-in-Klaviyo.md,yes,10881,publish,如何在 Klaviyo 中添加或更改计划,https://dynamicycle.com/docs/articles-how-to-add-or-change-a-plan-in-klaviyo/
360053547071,How to add or delete users and manage permissions,https://help.klaviyo.com/hc/en-us/articles/360053547071-How-to-add-or-delete-users-and-manage-permissions,account-billing,49375474735387,Users,account-billing/How-to-add-or-delete-users-and-manage-permissions-360053547071.md,_source/articles/360053547071.json,_source/articles/360053547071.body.html,_source/rendered/360053547071.html,yes,account-billing/How-to-add-or-delete-users-and-manage-permissions.md,yes,11072,publish,如何添加或删除用户以及管理权限,https://dynamicycle.com/docs/articles-how-to-add-or-delete-users-and-manage-permissions/
25185184021019,How to add or remove a portfolio user,https://help.klaviyo.com/hc/en-us/articles/25185184021019-How-to-add-or-remove-a-portfolio-user,account-billing,49375698592155,Portfolio,account-billing/How-to-add-or-remove-a-portfolio-user-25185184021019.md,_source/articles/25185184021019.json,_source/articles/25185184021019.body.html,_source/rendered/25185184021019.html,yes,account-billing/How-to-add-or-remove-a-portfolio-user.md,yes,11037,publish,如何添加或删除投资组合用户,https://dynamicycle.com/docs/articles-how-to-add-or-remove-a-portfolio-user/
25185027474971,How to add or remove an account from a portfolio,https://help.klaviyo.com/hc/en-us/articles/25185027474971-How-to-add-or-remove-an-account-from-a-portfolio,account-billing,49375698592155,Portfolio,account-billing/How-to-add-or-remove-an-account-from-a-portfolio-25185027474971.md,_source/articles/25185027474971.json,_source/articles/25185027474971.body.html,_source/rendered/25185027474971.html,yes,account-billing/How-to-add-or-remove-an-account-from-a-portfolio.md,yes,10850,publish,如何从投资组合中添加或删除账户,https://dynamicycle.com/docs/articles-how-to-add-or-remove-an-account-from-a-portfolio/
360027783611,How to add trusted devices,https://help.klaviyo.com/hc/en-us/articles/360027783611-How-to-add-trusted-devices,account-billing,49375526160411,Account troubleshooting,account-billing/How-to-add-trusted-devices-360027783611.md,_source/articles/360027783611.json,_source/articles/360027783611.body.html,_source/rendered/360027783611.html,yes,account-billing/How-to-add-trusted-devices.md,yes,11259,publish,如何添加可信设备,https://dynamicycle.com/docs/articles-how-to-add-trusted-devices/
115005232388,How to adjust the time zone setting for your account,https://help.klaviyo.com/hc/en-us/articles/115005232388-How-to-adjust-the-time-zone-setting-for-your-account,account-billing,49375475267099,Organizational,account-billing/How-to-adjust-the-time-zone-setting-for-your-account-115005232388.md,_source/articles/115005232388.json,_source/articles/115005232388.body.html,_source/rendered/115005232388.html,yes,account-billing/How-to-adjust-the-time-zone-setting-for-your-account.md,yes,11103,publish,如何调整您帐户的时区设置,https://dynamicycle.com/docs/articles-how-to-adjust-the-time-zone-setting-for-your-account/
25185303538587,How to change the Owner of a portfolio,https://help.klaviyo.com/hc/en-us/articles/25185303538587-How-to-change-the-Owner-of-a-portfolio,account-billing,49375698592155,Portfolio,account-billing/How-to-change-the-Owner-of-a-portfolio-25185303538587.md,_source/articles/25185303538587.json,_source/articles/25185303538587.body.html,_source/rendered/25185303538587.html,yes,account-billing/How-to-change-the-Owner-of-a-portfolio.md,yes,11174,publish,如何更改投资组合的所有者,https://dynamicycle.com/docs/articles-how-to-change-the-owner-of-a-portfolio/
115005061007,How to change the currency for your account,https://help.klaviyo.com/hc/en-us/articles/115005061007-How-to-change-the-currency-for-your-account,account-billing,49375475267099,Organizational,account-billing/How-to-change-the-currency-for-your-account-115005061007.md,_source/articles/115005061007.json,_source/articles/115005061007.body.html,_source/rendered/115005061007.html,yes,account-billing/How-to-change-the-currency-for-your-account.md,yes,11167,publish,如何更改您帐户的货币,https://dynamicycle.com/docs/articles-how-to-change-the-currency-for-your-account/
25956849989531,How to change the language for your account,https://help.klaviyo.com/hc/en-us/articles/25956849989531-How-to-change-the-language-for-your-account,account-billing,49375475267099,Organizational,account-billing/How-to-change-the-language-for-your-account-25956849989531.md,_source/articles/25956849989531.json,_source/articles/25956849989531.body.html,_source/rendered/25956849989531.html,yes,account-billing/How-to-change-the-language-for-your-account.md,yes,10441,upload_meta_only,如何更改您帐户的语言,
19917469357083,How to change your account name,https://help.klaviyo.com/hc/en-us/articles/19917469357083-How-to-change-your-account-name,account-billing,49375475267099,Organizational,account-billing/How-to-change-your-account-name-19917469357083.md,_source/articles/19917469357083.json,_source/articles/19917469357083.body.html,_source/rendered/19917469357083.html,yes,account-billing/How-to-change-your-account-name.md,yes,10492,upload_meta_only,如何更改您的帐户名,
15166435131163,How to change your account's organization name,https://help.klaviyo.com/hc/en-us/articles/15166435131163-How-to-change-your-account-s-organization-name,account-billing,49375475267099,Organizational,account-billing/How-to-change-your-account's-organization-name-15166435131163.md,_source/articles/15166435131163.json,_source/articles/15166435131163.body.html,_source/rendered/15166435131163.html,yes,account-billing/How-to-change-your-account's-organization-name.md,yes,10548,upload_meta_only,如何更改帐户的组织名称,
4405883690651,How to choose your upgrade preference,https://help.klaviyo.com/hc/en-us/articles/4405883690651-How-to-choose-your-upgrade-preference,account-billing,49375463691547,Adjust your plan,account-billing/How-to-choose-your-upgrade-preference-4405883690651.md,_source/articles/4405883690651.json,_source/articles/4405883690651.body.html,_source/rendered/4405883690651.html,yes,account-billing/How-to-choose-your-upgrade-preference.md,yes,10604,upload_meta_only,如何选择您的升级偏好,
24898429283739,"How to clone forms, flows, segments, campaigns, and templates",https://help.klaviyo.com/hc/en-us/articles/24898429283739-How-to-clone-forms-flows-segments-campaigns-and-templates,account-billing,49375438295195,Understand Klaviyo,"account-billing/How-to-clone-forms,-flows,-segments,-campaigns,-and-templates-24898429283739.md",_source/articles/24898429283739.json,_source/articles/24898429283739.body.html,_source/rendered/24898429283739.html,yes,"account-billing/How-to-clone-forms,-flows,-segments,-campaigns,-and-templates.md",yes,10454,upload_meta_only,如何克隆表单、流程、分段、营销活动和模板,
33385335896859,How to close a portfolio account,https://help.klaviyo.com/hc/en-us/articles/33385335896859-How-to-close-a-portfolio-account,account-billing,49375698592155,Portfolio,account-billing/How-to-close-a-portfolio-account-33385335896859.md,_source/articles/33385335896859.json,_source/articles/33385335896859.body.html,_source/rendered/33385335896859.html,yes,account-billing/How-to-close-a-portfolio-account.md,yes,11348,publish,如何关闭投资组合账户,https://dynamicycle.com/docs/articles-how-to-close-a-portfolio-account/
115001002272,How to contact support,https://help.klaviyo.com/hc/en-us/articles/115001002272-How-to-contact-support,account-billing,49375526160411,Account troubleshooting,account-billing/How-to-contact-support-115001002272.md,_source/articles/115001002272.json,_source/articles/115001002272.body.html,_source/rendered/115001002272.html,yes,account-billing/How-to-contact-support.md,yes,11304,publish,如何联系支持人员,https://dynamicycle.com/docs/articles-how-to-contact-support/
40493034144795,How to create a custom user role,https://help.klaviyo.com/hc/en-us/articles/40493034144795-How-to-create-a-custom-user-role,account-billing,49375474735387,Users,account-billing/How-to-create-a-custom-user-role-40493034144795.md,_source/articles/40493034144795.json,_source/articles/40493034144795.body.html,_source/rendered/40493034144795.html,yes,account-billing/How-to-create-a-custom-user-role.md,yes,10326,upload_meta_only,如何创建自定义用户角色,
360002165611,How to create and manage multiple accounts,https://help.klaviyo.com/hc/en-us/articles/360002165611-How-to-create-and-manage-multiple-accounts,account-billing,49375474735387,Users,account-billing/How-to-create-and-manage-multiple-accounts-360002165611.md,_source/articles/360002165611.json,_source/articles/360002165611.body.html,_source/rendered/360002165611.html,yes,account-billing/How-to-create-and-manage-multiple-accounts.md,yes,10912,publish,如何创建和管理多个帐户,https://dynamicycle.com/docs/articles-how-to-create-and-manage-multiple-accounts/
7423954176283,How to create or clone a private API key,https://help.klaviyo.com/hc/en-us/articles/7423954176283-How-to-create-or-clone-a-private-API-key,account-billing,49375463241883,API keys,account-billing/How-to-create-or-clone-a-private-API-key-7423954176283.md,_source/articles/7423954176283.json,_source/articles/7423954176283.body.html,_source/rendered/7423954176283.html,yes,account-billing/How-to-create-or-clone-a-private-API-key.md,yes,10977,publish,如何创建或克隆私有 API 密钥,https://dynamicycle.com/docs/articles-how-to-create-or-clone-a-private-api-key/
1260805595309,"How to downgrade to free, cancel a plan, or close your Klaviyo account",https://help.klaviyo.com/hc/en-us/articles/1260805595309-How-to-downgrade-to-free-cancel-a-plan-or-close-your-Klaviyo-account,account-billing,49375526160411,Account troubleshooting,"account-billing/How-to-downgrade-to-free,-cancel-a-plan,-or-close-your-Klaviyo-account-1260805595309.md",_source/articles/1260805595309.json,_source/articles/1260805595309.body.html,_source/rendered/1260805595309.html,yes,"account-billing/How-to-downgrade-to-free,-cancel-a-plan,-or-close-your-Klaviyo-account.md",yes,11194,publish,如何降级为免费、取消计划或关闭您的 Klaviyo 帐户,https://dynamicycle.com/docs/articles-how-to-downgrade-to-free-cancel-a-plan-or-close-your-klaviyo-account/
360057679192,How to enable and disable hosted pages,https://help.klaviyo.com/hc/en-us/articles/360057679192-How-to-enable-and-disable-hosted-pages,account-billing,49375494779547,Preference and hosted pages,account-billing/How-to-enable-and-disable-hosted-pages-360057679192.md,_source/articles/360057679192.json,_source/articles/360057679192.body.html,_source/rendered/360057679192.html,yes,account-billing/How-to-enable-and-disable-hosted-pages.md,yes,10629,upload_meta_only,如何启用和禁用托管页面,
360037472871,How to file as tax exempt for US customers,https://help.klaviyo.com/hc/en-us/articles/360037472871-How-to-file-as-tax-exempt-for-US-customers,account-billing,49375478116891,Tax information,account-billing/How-to-file-as-tax-exempt-for-US-customers-360037472871.md,_source/articles/360037472871.json,_source/articles/360037472871.body.html,_source/rendered/360037472871.html,yes,account-billing/How-to-file-as-tax-exempt-for-US-customers.md,yes,11079,publish,美国客户如何申请免税,https://dynamicycle.com/docs/articles-how-to-file-as-tax-exempt-for-us-customers/
360056549931,How to find and update your tax ID in Klaviyo,https://help.klaviyo.com/hc/en-us/articles/360056549931-How-to-find-and-update-your-tax-ID-in-Klaviyo,account-billing,49375478116891,Tax information,account-billing/How-to-find-and-update-your-tax-ID-in-Klaviyo-360056549931.md,_source/articles/360056549931.json,_source/articles/360056549931.body.html,_source/rendered/360056549931.html,yes,account-billing/How-to-find-and-update-your-tax-ID-in-Klaviyo.md,yes,10993,publish,如何在 Klaviyo 中查找并更新您的税号,https://dynamicycle.com/docs/articles-how-to-find-and-update-your-tax-id-in-klaviyo/
35086040411035,How to grant a Klaviyo representative permission to your account,https://help.klaviyo.com/hc/en-us/articles/35086040411035-How-to-grant-a-Klaviyo-representative-permission-to-your-account,account-billing,49375482397083,Security,account-billing/How-to-grant-a-Klaviyo-representative-permission-to-your-account-35086040411035.md,_source/articles/35086040411035.json,_source/articles/35086040411035.body.html,_source/rendered/35086040411035.html,yes,account-billing/How-to-grant-a-Klaviyo-representative-permission-to-your-account.md,yes,10372,upload_meta_only,如何向 Klaviyo 代表授予您帐户的权限,
360052448451,How to keep your account secure,https://help.klaviyo.com/hc/en-us/articles/360052448451-How-to-keep-your-account-secure,account-billing,49375463241883,API keys,account-billing/How-to-keep-your-account-secure-360052448451.md,_source/articles/360052448451.json,_source/articles/360052448451.body.html,_source/rendered/360052448451.html,yes,account-billing/How-to-keep-your-account-secure.md,yes,10898,publish,如何保证您的帐户安全,https://dynamicycle.com/docs/articles-how-to-keep-your-account-secure/
44579003241499,How to manage users in bulk across a portfolio,https://help.klaviyo.com/hc/en-us/articles/44579003241499-How-to-manage-users-in-bulk-across-a-portfolio,account-billing,49375698592155,Portfolio,account-billing/How-to-manage-users-in-bulk-across-a-portfolio-44579003241499.md,_source/articles/44579003241499.json,_source/articles/44579003241499.body.html,_source/rendered/44579003241499.html,yes,account-billing/How-to-manage-users-in-bulk-across-a-portfolio.md,yes,10279,upload_meta_only,如何跨产品组合批量管理用户,
115005062267,How to manage your account's API keys,https://help.klaviyo.com/hc/en-us/articles/115005062267-How-to-manage-your-account-s-API-keys,account-billing,49375463241883,API keys,account-billing/How-to-manage-your-account's-API-keys-115005062267.md,_source/articles/115005062267.json,_source/articles/115005062267.body.html,_source/rendered/115005062267.html,yes,account-billing/How-to-manage-your-account's-API-keys.md,yes,10827,publish,如何管理您帐户的 API 密钥,https://dynamicycle.com/docs/articles-how-to-manage-your-account-s-api-keys/
4401830387099,How to migrate off of Klaviyo,https://help.klaviyo.com/hc/en-us/articles/4401830387099-How-to-migrate-off-of-Klaviyo,account-billing,49375526160411,Account troubleshooting,account-billing/How-to-migrate-off-of-Klaviyo-4401830387099.md,_source/articles/4401830387099.json,_source/articles/4401830387099.body.html,_source/rendered/4401830387099.html,yes,account-billing/How-to-migrate-off-of-Klaviyo.md,yes,11131,publish,如何迁移出 Klaviyo,https://dynamicycle.com/docs/articles-how-to-migrate-off-of-klaviyo/
360047183572,How to rebrand in Klaviyo,https://help.klaviyo.com/hc/en-us/articles/360047183572-How-to-rebrand-in-Klaviyo,account-billing,49375475267099,Organizational,account-billing/How-to-rebrand-in-Klaviyo-360047183572.md,_source/articles/360047183572.json,_source/articles/360047183572.body.html,_source/rendered/360047183572.html,yes,account-billing/How-to-rebrand-in-Klaviyo.md,yes,11249,publish,如何在 Klaviyo 中重塑品牌,https://dynamicycle.com/docs/articles-how-to-rebrand-in-klaviyo/
18305872902171,How to request a premium success and support package,https://help.klaviyo.com/hc/en-us/articles/18305872902171-How-to-request-a-premium-success-and-support-package,account-billing,49375463691547,Adjust your plan,account-billing/How-to-request-a-premium-success-and-support-package-18305872902171.md,_source/articles/18305872902171.json,_source/articles/18305872902171.body.html,_source/rendered/18305872902171.html,yes,account-billing/How-to-request-a-premium-success-and-support-package.md,yes,10509,upload_meta_only,如何申请高级成功和支持包,
20599699660571,How to reset multi-factor authentication for a user,https://help.klaviyo.com/hc/en-us/articles/20599699660571-How-to-reset-multi-factor-authentication-for-a-user,account-billing,49375482397083,Security,account-billing/How-to-reset-multi-factor-authentication-for-a-user-20599699660571.md,_source/articles/20599699660571.json,_source/articles/20599699660571.body.html,_source/rendered/20599699660571.html,yes,account-billing/How-to-reset-multi-factor-authentication-for-a-user.md,yes,10488,upload_meta_only,如何重置用户的多重身份验证,
7872914223899,How to reset your Klaviyo password,https://help.klaviyo.com/hc/en-us/articles/7872914223899-How-to-reset-your-Klaviyo-password,account-billing,49375526160411,Account troubleshooting,account-billing/How-to-reset-your-Klaviyo-password-7872914223899.md,_source/articles/7872914223899.json,_source/articles/7872914223899.body.html,_source/rendered/7872914223899.html,yes,account-billing/How-to-reset-your-Klaviyo-password.md,yes,10975,publish,如何重置您的 Klaviyo 密码,https://dynamicycle.com/docs/articles-how-to-reset-your-klaviyo-password/
7115113363483,How to retry a failed credit card payment,https://help.klaviyo.com/hc/en-us/articles/7115113363483-How-to-retry-a-failed-credit-card-payment,account-billing,49375526160411,Account troubleshooting,account-billing/How-to-retry-a-failed-credit-card-payment-7115113363483.md,_source/articles/7115113363483.json,_source/articles/7115113363483.body.html,_source/rendered/7115113363483.html,yes,account-billing/How-to-retry-a-failed-credit-card-payment.md,yes,11059,publish,如何重试失败的信用卡付款,https://dynamicycle.com/docs/articles-how-to-retry-a-failed-credit-card-payment/
10952782535579,How to set up SCIM user provisioning,https://help.klaviyo.com/hc/en-us/articles/10952782535579-How-to-set-up-SCIM-user-provisioning,account-billing,49375482397083,Security,account-billing/How-to-set-up-SCIM-user-provisioning-10952782535579.md,_source/articles/10952782535579.json,_source/articles/10952782535579.body.html,_source/rendered/10952782535579.html,yes,account-billing/How-to-set-up-SCIM-user-provisioning.md,yes,10877,publish,如何设置 SCIM 用户配置,https://dynamicycle.com/docs/articles-how-to-set-up-scim-user-provisioning/
360026617692,How to set up multi-factor authentication (MFA),https://help.klaviyo.com/hc/en-us/articles/360026617692-How-to-set-up-multi-factor-authentication-MFA,account-billing,49375482397083,Security,account-billing/How-to-set-up-multi-factor-authentication-(MFA)-360026617692.md,_source/articles/360026617692.json,_source/articles/360026617692.body.html,_source/rendered/360026617692.html,yes,account-billing/How-to-set-up-multi-factor-authentication-(MFA).md,yes,11007,publish,如何设置多重身份验证 (MFA),https://dynamicycle.com/docs/articles-how-to-set-up-multi-factor-authentication-mfa/
9353860331035,How to set up single sign-on (SSO),https://help.klaviyo.com/hc/en-us/articles/9353860331035-How-to-set-up-single-sign-on-SSO,account-billing,49375482397083,Security,account-billing/How-to-set-up-single-sign-on-(SSO)-9353860331035.md,_source/articles/9353860331035.json,_source/articles/9353860331035.body.html,_source/rendered/9353860331035.html,yes,account-billing/How-to-set-up-single-sign-on-(SSO).md,yes,10574,upload_meta_only,如何设置单点登录 (SSO),
360051946112,How to transfer account ownership,https://help.klaviyo.com/hc/en-us/articles/360051946112-How-to-transfer-account-ownership,account-billing,49375474735387,Users,account-billing/How-to-transfer-account-ownership-360051946112.md,_source/articles/360051946112.json,_source/articles/360051946112.body.html,_source/rendered/360051946112.html,yes,account-billing/How-to-transfer-account-ownership.md,yes,11134,publish,如何转移账户所有权,https://dynamicycle.com/docs/articles-how-to-transfer-account-ownership/
115005066887,How to update the Klaviyo branding in the footer of your emails,https://help.klaviyo.com/hc/en-us/articles/115005066887-How-to-update-the-Klaviyo-branding-in-the-footer-of-your-emails,account-billing,49375455634203,Sender information,account-billing/How-to-update-the-Klaviyo-branding-in-the-footer-of-your-emails-115005066887.md,_source/articles/115005066887.json,_source/articles/115005066887.body.html,_source/rendered/115005066887.html,yes,account-billing/How-to-update-the-Klaviyo-branding-in-the-footer-of-your-emails.md,yes,11230,publish,如何更新电子邮件页脚中的 Klaviyo 品牌,https://dynamicycle.com/docs/articles-how-to-update-the-klaviyo-branding-in-the-footer-of-your-emails/
360052334451,How to update the domain settings for your hosted pages,https://help.klaviyo.com/hc/en-us/articles/360052334451-How-to-update-the-domain-settings-for-your-hosted-pages,account-billing,49375523386779,Domains and hosting,account-billing/How-to-update-the-domain-settings-for-your-hosted-pages-360052334451.md,_source/articles/360052334451.json,_source/articles/360052334451.body.html,_source/rendered/360052334451.html,yes,account-billing/How-to-update-the-domain-settings-for-your-hosted-pages.md,yes,10647,upload_meta_only,如何更新托管页面的域设置,
115005079087,How to update your account email and password in Klaviyo,https://help.klaviyo.com/hc/en-us/articles/115005079087-How-to-update-your-account-email-and-password-in-Klaviyo,account-billing,49375450290331,Personal,account-billing/How-to-update-your-account-email-and-password-in-Klaviyo-115005079087.md,_source/articles/115005079087.json,_source/articles/115005079087.body.html,_source/rendered/115005079087.html,yes,account-billing/How-to-update-your-account-email-and-password-in-Klaviyo.md,yes,11098,publish,如何在 Klaviyo 中更新您的帐户电子邮件和密码,https://dynamicycle.com/docs/articles-how-to-update-your-account-email-and-password-in-klaviyo/
1260805043069,How to update your billing address or billing email address,https://help.klaviyo.com/hc/en-us/articles/1260805043069-How-to-update-your-billing-address-or-billing-email-address,account-billing,49375475267099,Organizational,account-billing/How-to-update-your-billing-address-or-billing-email-address-1260805043069.md,_source/articles/1260805043069.json,_source/articles/1260805043069.body.html,_source/rendered/1260805043069.html,yes,account-billing/How-to-update-your-billing-address-or-billing-email-address.md,yes,10893,publish,如何更新您的帐单地址或帐单电子邮件地址,https://dynamicycle.com/docs/articles-how-to-update-your-billing-address-or-billing-email-address/
115005232048,How to update your credit card information,https://help.klaviyo.com/hc/en-us/articles/115005232048-How-to-update-your-credit-card-information,account-billing,49375475267099,Organizational,account-billing/How-to-update-your-credit-card-information-115005232048.md,_source/articles/115005232048.json,_source/articles/115005232048.body.html,_source/rendered/115005232048.html,yes,account-billing/How-to-update-your-credit-card-information.md,yes,11231,publish,如何更新您的信用卡信息,https://dynamicycle.com/docs/articles-how-to-update-your-credit-card-information/
360050696531,How to update your industry and vertical in Klaviyo,https://help.klaviyo.com/hc/en-us/articles/360050696531-How-to-update-your-industry-and-vertical-in-Klaviyo,account-billing,49375475267099,Organizational,account-billing/How-to-update-your-industry-and-vertical-in-Klaviyo-360050696531.md,_source/articles/360050696531.json,_source/articles/360050696531.body.html,_source/rendered/360050696531.html,yes,account-billing/How-to-update-your-industry-and-vertical-in-Klaviyo.md,yes,10652,upload_meta_only,如何在 Klaviyo 中更新您的行业和垂直领域,
28264156063899,How to use portfolio-level mapped metrics,https://help.klaviyo.com/hc/en-us/articles/28264156063899-How-to-use-portfolio-level-mapped-metrics,account-billing,49375698592155,Portfolio,account-billing/How-to-use-portfolio-level-mapped-metrics-28264156063899.md,_source/articles/28264156063899.json,_source/articles/28264156063899.body.html,_source/rendered/28264156063899.html,yes,account-billing/How-to-use-portfolio-level-mapped-metrics.md,yes,10953,publish,如何使用投资组合级别映射指标,https://dynamicycle.com/docs/articles-how-to-use-portfolio-level-mapped-metrics/
115000255731,How to use the Klaviyo setup wizard,https://help.klaviyo.com/hc/en-us/articles/115000255731-How-to-use-the-Klaviyo-setup-wizard,account-billing,49375526160411,Account troubleshooting,account-billing/How-to-use-the-Klaviyo-setup-wizard-115000255731.md,_source/articles/115000255731.json,_source/articles/115000255731.body.html,_source/rendered/115000255731.html,yes,account-billing/How-to-use-the-Klaviyo-setup-wizard.md,yes,11339,publish,如何使用 Klaviyo 设置向导,https://dynamicycle.com/docs/articles-how-to-use-the-klaviyo-setup-wizard/
40992879084059,How to use the marketing agent,https://help.klaviyo.com/hc/en-us/articles/40992879084059-How-to-use-the-marketing-agent,account-billing,14542933069211,Other,account-billing/How-to-use-the-marketing-agent-40992879084059.md,_source/articles/40992879084059.json,_source/articles/40992879084059.body.html,_source/rendered/40992879084059.html,yes,account-billing/How-to-use-the-marketing-agent.md,yes,10317,upload_meta_only,如何使用营销代理,
115005078987,How to view your account's payment history,https://help.klaviyo.com/hc/en-us/articles/115005078987-How-to-view-your-account-s-payment-history,account-billing,49375453955483,How Klaviyo bills,account-billing/How-to-view-your-account's-payment-history-115005078987.md,_source/articles/115005078987.json,_source/articles/115005078987.body.html,_source/rendered/115005078987.html,yes,account-billing/How-to-view-your-account's-payment-history.md,yes,11225,publish,如何查看您帐户的付款历史记录,https://dynamicycle.com/docs/articles-how-to-view-your-account-s-payment-history/
115005251588,Klaviyo glossary,https://help.klaviyo.com/hc/en-us/articles/115005251588-Klaviyo-glossary,account-billing,49375438295195,Understand Klaviyo,account-billing/Klaviyo-glossary-115005251588.md,_source/articles/115005251588.json,_source/articles/115005251588.body.html,_source/rendered/115005251588.html,yes,account-billing/Klaviyo-glossary.md,yes,10936,publish,克拉维约词汇表,https://dynamicycle.com/docs/articles-klaviyo-glossary/
34922862042395,Multi-factor authentication (MFA) FAQs,https://help.klaviyo.com/hc/en-us/articles/34922862042395-Multi-factor-authentication-MFA-FAQs,account-billing,49375482397083,Security,account-billing/Multi-factor-authentication-(MFA)-FAQs-34922862042395.md,_source/articles/34922862042395.json,_source/articles/34922862042395.body.html,_source/rendered/34922862042395.html,yes,account-billing/Multi-factor-authentication-(MFA)-FAQs.md,yes,10374,upload_meta_only,多重身份验证 (MFA) 常见问题解答,
50590445021083,Set a Security Contact for your Klaviyo account,https://help.klaviyo.com/hc/en-us/articles/50590445021083-Set-a-Security-Contact-for-your-Klaviyo-account,account-billing,49375482397083,Security,account-billing/Set-a-Security-Contact-for-your-Klaviyo-account-50590445021083.md,_source/articles/50590445021083.json,_source/articles/50590445021083.body.html,_source/rendered/50590445021083.html,yes,account-billing/Set-a-Security-Contact-for-your-Klaviyo-account.md,yes,10189,upload_meta_only,为您的 Klaviyo 帐户设置安全联系人,
8122127265819,Supported internet browsers for Klaviyo,https://help.klaviyo.com/hc/en-us/articles/8122127265819-Supported-internet-browsers-for-Klaviyo,account-billing,49375526160411,Account troubleshooting,account-billing/Supported-internet-browsers-for-Klaviyo-8122127265819.md,_source/articles/8122127265819.json,_source/articles/8122127265819.body.html,_source/rendered/8122127265819.html,yes,account-billing/Supported-internet-browsers-for-Klaviyo.md,yes,10882,publish,Klaviyo 支持的互联网浏览器,https://dynamicycle.com/docs/articles-supported-internet-browsers-for-klaviyo/
50588773611163,Suspected Account Compromise,https://help.klaviyo.com/hc/en-us/articles/50588773611163-Suspected-Account-Compromise,account-billing,49375482397083,Security,account-billing/Suspected-Account-Compromise-50588773611163.md,_source/articles/50588773611163.json,_source/articles/50588773611163.body.html,_source/rendered/50588773611163.html,yes,account-billing/Suspected-Account-Compromise.md,yes,10190,upload_meta_only,疑似账户被盗,
50588520632987,Suspected Phishing,https://help.klaviyo.com/hc/en-us/articles/50588520632987-Suspected-Phishing,account-billing,49375482397083,Security,account-billing/Suspected-Phishing-50588520632987.md,_source/articles/50588520632987.json,_source/articles/50588520632987.body.html,_source/rendered/50588520632987.html,yes,account-billing/Suspected-Phishing.md,yes,10191,upload_meta_only,疑似网络钓鱼,
9674090873883,Troubleshoot SSO and SCIM errors,https://help.klaviyo.com/hc/en-us/articles/9674090873883-Troubleshoot-SSO-and-SCIM-errors,account-billing,49375482397083,Security,account-billing/Troubleshoot-SSO-and-SCIM-errors-9674090873883.md,_source/articles/9674090873883.json,_source/articles/9674090873883.body.html,_source/rendered/9674090873883.html,yes,account-billing/Troubleshoot-SSO-and-SCIM-errors.md,yes,11057,publish,解决 SSO 和 SCIM 错误,https://dynamicycle.com/docs/articles-troubleshoot-sso-and-scim-errors/
360049848692,Understanding CSS optimization,https://help.klaviyo.com/hc/en-us/articles/360049848692-Understanding-CSS-optimization,account-billing,49375455119643,Message settings,account-billing/Understanding-CSS-optimization-360049848692.md,_source/articles/360049848692.json,_source/articles/360049848692.body.html,_source/rendered/360049848692.html,yes,account-billing/Understanding-CSS-optimization.md,yes,10995,publish,了解 CSS 优化,https://dynamicycle.com/docs/articles-understanding-css-optimization/
13315116406555,Understanding Klaviyo's search bar functionality,https://help.klaviyo.com/hc/en-us/articles/13315116406555-Understanding-Klaviyo-s-search-bar-functionality,account-billing,49375438295195,Understand Klaviyo,account-billing/Understanding-Klaviyo's-search-bar-functionality-13315116406555.md,_source/articles/13315116406555.json,_source/articles/13315116406555.body.html,_source/rendered/13315116406555.html,yes,account-billing/Understanding-Klaviyo's-search-bar-functionality.md,yes,10969,publish,了解 Klaviyo 的搜索栏功能,https://dynamicycle.com/docs/articles-understanding-klaviyo-s-search-bar-functionality/
115002779311,Understanding Smart Sending in Klaviyo,https://help.klaviyo.com/hc/en-us/articles/115002779311-Understanding-Smart-Sending-in-Klaviyo,account-billing,49375455119643,Message settings,account-billing/Understanding-Smart-Sending-in-Klaviyo-115002779311.md,_source/articles/115002779311.json,_source/articles/115002779311.body.html,_source/rendered/115002779311.html,yes,account-billing/Understanding-Smart-Sending-in-Klaviyo.md,yes,10918,publish,了解 Klaviyo 中的智能发送,https://dynamicycle.com/docs/articles-understanding-smart-sending-in-klaviyo/
115005247808,Understanding UTM tracking in Klaviyo,https://help.klaviyo.com/hc/en-us/articles/115005247808-Understanding-UTM-tracking-in-Klaviyo,account-billing,49375525020827,UTM tracking,account-billing/Understanding-UTM-tracking-in-Klaviyo-115005247808.md,_source/articles/115005247808.json,_source/articles/115005247808.body.html,_source/rendered/115005247808.html,yes,account-billing/Understanding-UTM-tracking-in-Klaviyo.md,yes,10823,publish,了解 Klaviyo 中的 UTM 跟踪,https://dynamicycle.com/docs/articles-understanding-utm-tracking-in-klaviyo/
25185090871963,Understanding account billing details in a portfolio,https://help.klaviyo.com/hc/en-us/articles/25185090871963-Understanding-account-billing-details-in-a-portfolio,account-billing,49375698592155,Portfolio,account-billing/Understanding-account-billing-details-in-a-portfolio-25185090871963.md,_source/articles/25185090871963.json,_source/articles/25185090871963.body.html,_source/rendered/25185090871963.html,yes,account-billing/Understanding-account-billing-details-in-a-portfolio.md,yes,11237,publish,了解投资组合中的帐户账单详细信息,https://dynamicycle.com/docs/articles-understanding-account-billing-details-in-a-portfolio/
360049968412,Understanding account notifications and updates in Klaviyo,https://help.klaviyo.com/hc/en-us/articles/360049968412-Understanding-account-notifications-and-updates-in-Klaviyo,account-billing,49375474735387,Users,account-billing/Understanding-account-notifications-and-updates-in-Klaviyo-360049968412.md,_source/articles/360049968412.json,_source/articles/360049968412.body.html,_source/rendered/360049968412.html,yes,account-billing/Understanding-account-notifications-and-updates-in-Klaviyo.md,yes,10656,upload_meta_only,了解 Klaviyo 中的帐户通知和更新,
360057676272,Understanding custom hosted pages in Klaviyo,https://help.klaviyo.com/hc/en-us/articles/360057676272-Understanding-custom-hosted-pages-in-Klaviyo,account-billing,49375494779547,Preference and hosted pages,account-billing/Understanding-custom-hosted-pages-in-Klaviyo-360057676272.md,_source/articles/360057676272.json,_source/articles/360057676272.body.html,_source/rendered/360057676272.html,yes,account-billing/Understanding-custom-hosted-pages-in-Klaviyo.md,yes,10630,upload_meta_only,了解 Klaviyo 中的自定义托管页面,
12557377520027,Understanding how credit cards are retried after a failed payment,https://help.klaviyo.com/hc/en-us/articles/12557377520027-Understanding-how-credit-cards-are-retried-after-a-failed-payment,account-billing,49375453955483,How Klaviyo bills,account-billing/Understanding-how-credit-cards-are-retried-after-a-failed-payment-12557377520027.md,_source/articles/12557377520027.json,_source/articles/12557377520027.body.html,_source/rendered/12557377520027.html,yes,account-billing/Understanding-how-credit-cards-are-retried-after-a-failed-payment.md,yes,11284,publish,了解付款失败后如何重试信用卡,https://dynamicycle.com/docs/articles-understanding-how-credit-cards-are-retried-after-a-failed-payment/
360050759151,Understanding how free and paid plans differ,https://help.klaviyo.com/hc/en-us/articles/360050759151-Understanding-how-free-and-paid-plans-differ,account-billing,49375453955483,How Klaviyo bills,account-billing/Understanding-how-free-and-paid-plans-differ-360050759151.md,_source/articles/360050759151.json,_source/articles/360050759151.body.html,_source/rendered/360050759151.html,yes,account-billing/Understanding-how-free-and-paid-plans-differ.md,yes,11248,publish,了解免费和付费计划有何不同,https://dynamicycle.com/docs/articles-understanding-how-free-and-paid-plans-differ/
6199831051035,Understanding how shared billing works in Klaviyo,https://help.klaviyo.com/hc/en-us/articles/6199831051035-Understanding-how-shared-billing-works-in-Klaviyo,account-billing,49375453955483,How Klaviyo bills,account-billing/Understanding-how-shared-billing-works-in-Klaviyo-6199831051035.md,_source/articles/6199831051035.json,_source/articles/6199831051035.body.html,_source/rendered/6199831051035.html,yes,account-billing/Understanding-how-shared-billing-works-in-Klaviyo.md,yes,11127,publish,了解共享账单在 Klaviyo 中的工作原理,https://dynamicycle.com/docs/articles-understanding-how-shared-billing-works-in-klaviyo/
18745921973915,Understanding manual billing,https://help.klaviyo.com/hc/en-us/articles/18745921973915-Understanding-manual-billing,account-billing,49375453955483,How Klaviyo bills,account-billing/Understanding-manual-billing-18745921973915.md,_source/articles/18745921973915.json,_source/articles/18745921973915.body.html,_source/rendered/18745921973915.html,yes,account-billing/Understanding-manual-billing.md,yes,11041,publish,了解手动计费,https://dynamicycle.com/docs/articles-understanding-manual-billing/
25185047957275,Understanding portfolio reporting,https://help.klaviyo.com/hc/en-us/articles/25185047957275-Understanding-portfolio-reporting,account-billing,49375698592155,Portfolio,account-billing/Understanding-portfolio-reporting-25185047957275.md,_source/articles/25185047957275.json,_source/articles/25185047957275.body.html,_source/rendered/25185047957275.html,yes,account-billing/Understanding-portfolio-reporting.md,yes,11279,publish,了解投资组合报告,https://dynamicycle.com/docs/articles-understanding-portfolio-reporting/
25181702319643,Understanding portfolio user roles,https://help.klaviyo.com/hc/en-us/articles/25181702319643-Understanding-portfolio-user-roles,account-billing,49375698592155,Portfolio,account-billing/Understanding-portfolio-user-roles-25181702319643.md,_source/articles/25181702319643.json,_source/articles/25181702319643.body.html,_source/rendered/25181702319643.html,yes,account-billing/Understanding-portfolio-user-roles.md,yes,11317,publish,了解投资组合用户角色,https://dynamicycle.com/docs/articles-understanding-portfolio-user-roles/
360025834271,Understanding tags in Klaviyo,https://help.klaviyo.com/hc/en-us/articles/360025834271-Understanding-tags-in-Klaviyo,account-billing,49375477142043,Tags,account-billing/Understanding-tags-in-Klaviyo-360025834271.md,_source/articles/360025834271.json,_source/articles/360025834271.body.html,_source/rendered/360025834271.html,yes,account-billing/Understanding-tags-in-Klaviyo.md,yes,10782,publish,了解 Klaviyo 中的标签,https://dynamicycle.com/docs/articles-understanding-tags-in-klaviyo/
360036456711,Understanding tax with Klaviyo,https://help.klaviyo.com/hc/en-us/articles/360036456711-Understanding-tax-with-Klaviyo,account-billing,49375478116891,Tax information,account-billing/Understanding-tax-with-Klaviyo-360036456711.md,_source/articles/360036456711.json,_source/articles/360036456711.body.html,_source/rendered/360036456711.html,yes,account-billing/Understanding-tax-with-Klaviyo.md,yes,10686,upload_meta_only,通过 Klaviyo 了解税务,
44579125790747,Understanding the activity logger (beta),https://help.klaviyo.com/hc/en-us/articles/44579125790747-Understanding-the-activity-logger-beta,account-billing,49375475267099,Organizational,account-billing/Understanding-the-activity-logger-(beta)-44579125790747.md,_source/articles/44579125790747.json,_source/articles/44579125790747.body.html,_source/rendered/44579125790747.html,yes,account-billing/Understanding-the-activity-logger-(beta).md,yes,10278,upload_meta_only,了解活动记录器（测试版）,
360004059711,"Understanding the default account, email, and list settings",https://help.klaviyo.com/hc/en-us/articles/360004059711-Understanding-the-default-account-email-and-list-settings,account-billing,49375455119643,Message settings,"account-billing/Understanding-the-default-account,-email,-and-list-settings-360004059711.md",_source/articles/360004059711.json,_source/articles/360004059711.body.html,_source/rendered/360004059711.html,yes,"account-billing/Understanding-the-default-account,-email,-and-list-settings.md",yes,10787,publish,了解默认帐户、电子邮件和列表设置,https://dynamicycle.com/docs/articles-understanding-the-default-account-email-and-list-settings/
17543571835675,Understanding your account usage,https://help.klaviyo.com/hc/en-us/articles/17543571835675-Understanding-your-account-usage,account-billing,49375463691547,Adjust your plan,account-billing/Understanding-your-account-usage-17543571835675.md,_source/articles/17543571835675.json,_source/articles/17543571835675.body.html,_source/rendered/17543571835675.html,yes,account-billing/Understanding-your-account-usage.md,yes,10526,upload_meta_only,了解您的帐户使用情况,
25185154392603,Understanding your portfolio settings,https://help.klaviyo.com/hc/en-us/articles/25185154392603-Understanding-your-portfolio-settings,account-billing,49375698592155,Portfolio,account-billing/Understanding-your-portfolio-settings-25185154392603.md,_source/articles/25185154392603.json,_source/articles/25185154392603.body.html,_source/rendered/25185154392603.html,yes,account-billing/Understanding-your-portfolio-settings.md,yes,11115,publish,了解您的投资组合设置,https://dynamicycle.com/docs/articles-understanding-your-portfolio-settings/
115005231648,User management and privileges reference for Static User Roles,https://help.klaviyo.com/hc/en-us/articles/115005231648-User-management-and-privileges-reference-for-Static-User-Roles,account-billing,49375474735387,Users,account-billing/User-management-and-privileges-reference-for-Static-User-Roles-115005231648.md,_source/articles/115005231648.json,_source/articles/115005231648.body.html,_source/rendered/115005231648.html,yes,account-billing/User-management-and-privileges-reference-for-Static-User-Roles.md,yes,11027,publish,静态用户角色的用户管理和权限参考,https://dynamicycle.com/docs/articles-user-management-and-privileges-reference-for-static-user-roles/
115005251028,Why is my account suspended or disabled?,https://help.klaviyo.com/hc/en-us/articles/115005251028-Why-is-my-account-suspended-or-disabled,account-billing,49375526160411,Account troubleshooting,account-billing/Why-is-my-account-suspended-or-disabled-115005251028.md,_source/articles/115005251028.json,_source/articles/115005251028.body.html,_source/rendered/115005251028.html,yes,account-billing/Why-is-my-account-suspended-or-disabled.md,yes,10819,publish,为什么我的帐户被暂停或禁用？,https://dynamicycle.com/docs/articles-why-is-my-account-suspended-or-disabled/
41406928654107,Connecting Klaviyo and BigQuery (Reverse ETL),https://help.klaviyo.com/hc/en-us/articles/41406928654107-Connecting-Klaviyo-and-BigQuery-Reverse-ETL,advanced-kdp-marketing-analytics,49375669200027,Syncing,advanced-kdp-marketing-analytics/Connecting-Klaviyo-and-BigQuery-(Reverse-ETL)-41406928654107.md,_source/articles/41406928654107.json,_source/articles/41406928654107.body.html,_source/rendered/41406928654107.html,yes,advanced-kdp-marketing-analytics/Connecting-Klaviyo-and-BigQuery-(Reverse-ETL).md,yes,10311,upload_meta_only,连接 Klaviyo 和 BigQuery（反向 ETL）,
42790208080283,Connecting Klaviyo and Databricks,https://help.klaviyo.com/hc/en-us/articles/42790208080283-Connecting-Klaviyo-and-Databricks,advanced-kdp-marketing-analytics,49375669200027,Syncing,advanced-kdp-marketing-analytics/Connecting-Klaviyo-and-Databricks-42790208080283.md,_source/articles/42790208080283.json,_source/articles/42790208080283.body.html,_source/rendered/42790208080283.html,yes,advanced-kdp-marketing-analytics/Connecting-Klaviyo-and-Databricks.md,yes,10299,upload_meta_only,连接 Klaviyo 和 Databricks,
42790298131611,Connecting Klaviyo and Redshift,https://help.klaviyo.com/hc/en-us/articles/42790298131611-Connecting-Klaviyo-and-Redshift,advanced-kdp-marketing-analytics,49375669200027,Syncing,advanced-kdp-marketing-analytics/Connecting-Klaviyo-and-Redshift-42790298131611.md,_source/articles/42790298131611.json,_source/articles/42790298131611.body.html,_source/rendered/42790298131611.html,yes,advanced-kdp-marketing-analytics/Connecting-Klaviyo-and-Redshift.md,yes,10298,upload_meta_only,连接 Klaviyo 和 Redshift,
41373252392731,Connecting Klaviyo and Snowflake,https://help.klaviyo.com/hc/en-us/articles/41373252392731-Connecting-Klaviyo-and-Snowflake,advanced-kdp-marketing-analytics,49375669200027,Syncing,advanced-kdp-marketing-analytics/Connecting-Klaviyo-and-Snowflake-41373252392731.md,_source/articles/41373252392731.json,_source/articles/41373252392731.body.html,_source/rendered/41373252392731.html,yes,advanced-kdp-marketing-analytics/Connecting-Klaviyo-and-Snowflake.md,yes,10313,upload_meta_only,连接 Klaviyo 和 Snowflake,
45231714007323,Drive performance with right time delivery using Personalized Send Time,https://help.klaviyo.com/hc/en-us/articles/45231714007323-Drive-performance-with-right-time-delivery-using-Personalized-Send-Time,advanced-kdp-marketing-analytics,49375715593115,Predictive models,advanced-kdp-marketing-analytics/Drive-performance-with-right-time-delivery-using-Personalized-Send-Time-45231714007323.md,_source/articles/45231714007323.json,_source/articles/45231714007323.body.html,_source/rendered/45231714007323.html,yes,advanced-kdp-marketing-analytics/Drive-performance-with-right-time-delivery-using-Personalized-Send-Time.md,yes,10272,upload_meta_only,使用个性化发送时间通过正确的时间交付来提高性能,
17655007276059,Getting started with Advanced KDP,https://help.klaviyo.com/hc/en-us/articles/17655007276059-Getting-started-with-Advanced-KDP,advanced-kdp-marketing-analytics,49375651181211,Getting started with Advanced KDP,advanced-kdp-marketing-analytics/Getting-started-with-Advanced-KDP-17655007276059.md,_source/articles/17655007276059.json,_source/articles/17655007276059.body.html,_source/rendered/17655007276059.html,yes,advanced-kdp-marketing-analytics/Getting-started-with-Advanced-KDP.md,yes,10525,upload_meta_only,高级 KDP 入门,
18620644491035,Getting started with Code,https://help.klaviyo.com/hc/en-us/articles/18620644491035-Getting-started-with-Code,advanced-kdp-marketing-analytics,49375648421915,Code,advanced-kdp-marketing-analytics/Getting-started-with-Code-18620644491035.md,_source/articles/18620644491035.json,_source/articles/18620644491035.body.html,_source/rendered/18620644491035.html,yes,advanced-kdp-marketing-analytics/Getting-started-with-Code.md,yes,10506,upload_meta_only,代码入门,
33789259613595,Getting started with Marketing Analytics,https://help.klaviyo.com/hc/en-us/articles/33789259613595-Getting-started-with-Marketing-Analytics,advanced-kdp-marketing-analytics,49375841945499,Getting started with Marketing Analytics ,advanced-kdp-marketing-analytics/Getting-started-with-Marketing-Analytics-33789259613595.md,_source/articles/33789259613595.json,_source/articles/33789259613595.body.html,_source/rendered/33789259613595.html,yes,advanced-kdp-marketing-analytics/Getting-started-with-Marketing-Analytics.md,yes,10384,upload_meta_only,营销分析入门,
42789551068699,Getting started with Report builder (in beta),https://help.klaviyo.com/hc/en-us/articles/42789551068699-Getting-started-with-Report-builder-in-beta,advanced-kdp-marketing-analytics,18073047240091,Intelligence (Advanced KDP & Marketing Analytics),advanced-kdp-marketing-analytics/Getting-started-with-Report-builder-(in-beta)-42789551068699.md,_source/articles/42789551068699.json,_source/articles/42789551068699.body.html,_source/rendered/42789551068699.html,yes,advanced-kdp-marketing-analytics/Getting-started-with-Report-builder-(in-beta).md,yes,10300,upload_meta_only,报告生成器入门（测试版）,
27160071187739,Getting started with custom monitors,https://help.klaviyo.com/hc/en-us/articles/27160071187739-Getting-started-with-custom-monitors,advanced-kdp-marketing-analytics,49375759137051,Monitors,advanced-kdp-marketing-analytics/Getting-started-with-custom-monitors-27160071187739.md,_source/articles/27160071187739.json,_source/articles/27160071187739.body.html,_source/rendered/27160071187739.html,yes,advanced-kdp-marketing-analytics/Getting-started-with-custom-monitors.md,yes,10428,upload_meta_only,自定义监视器入门,
26685770823451,Getting started with the Catalog Insights dashboards,https://help.klaviyo.com/hc/en-us/articles/26685770823451-Getting-started-with-the-Catalog-Insights-dashboards,advanced-kdp-marketing-analytics,49375750380955,Catalog insights,advanced-kdp-marketing-analytics/Getting-started-with-the-Catalog-Insights-dashboards-26685770823451.md,_source/articles/26685770823451.json,_source/articles/26685770823451.body.html,_source/rendered/26685770823451.html,yes,advanced-kdp-marketing-analytics/Getting-started-with-the-Catalog-Insights-dashboards.md,yes,10434,upload_meta_only,开始使用 Catalog Insights 仪表板,
17798068936219,Getting started with the audience performance dashboard,https://help.klaviyo.com/hc/en-us/articles/17798068936219-Getting-started-with-the-audience-performance-dashboard,advanced-kdp-marketing-analytics,49375758051483,Customer insights,advanced-kdp-marketing-analytics/Getting-started-with-the-audience-performance-dashboard-17798068936219.md,_source/articles/17798068936219.json,_source/articles/17798068936219.body.html,_source/rendered/17798068936219.html,yes,advanced-kdp-marketing-analytics/Getting-started-with-the-audience-performance-dashboard.md,yes,10517,upload_meta_only,开始使用观众表现仪表板,
17798009376155,Getting started with the funnel analysis report,https://help.klaviyo.com/hc/en-us/articles/17798009376155-Getting-started-with-the-funnel-analysis-report,advanced-kdp-marketing-analytics,49375758051483,Customer insights,advanced-kdp-marketing-analytics/Getting-started-with-the-funnel-analysis-report-17798009376155.md,_source/articles/17798009376155.json,_source/articles/17798009376155.body.html,_source/rendered/17798009376155.html,yes,advanced-kdp-marketing-analytics/Getting-started-with-the-funnel-analysis-report.md,yes,10518,upload_meta_only,开始使用漏斗分析报告,
17797889315355,"Getting started with the recency, frequency, and monetary (RFM) analysis report",https://help.klaviyo.com/hc/en-us/articles/17797889315355-Getting-started-with-the-recency-frequency-and-monetary-RFM-analysis-report,advanced-kdp-marketing-analytics,49375758051483,Customer insights,"advanced-kdp-marketing-analytics/Getting-started-with-the-recency,-frequency,-and-monetary-(RFM)-analysis-report-17797889315355.md",_source/articles/17797889315355.json,_source/articles/17797889315355.body.html,_source/rendered/17797889315355.html,yes,"advanced-kdp-marketing-analytics/Getting-started-with-the-recency,-frequency,-and-monetary-(RFM)-analysis-report.md",yes,10519,upload_meta_only,开始使用新近度、频率和货币 (RFM) 分析报告,
26978522793627,How to avoid over-discounting using RFM groups,https://help.klaviyo.com/hc/en-us/articles/26978522793627-How-to-avoid-over-discounting-using-RFM-groups,advanced-kdp-marketing-analytics,49375758051483,Customer insights,advanced-kdp-marketing-analytics/How-to-avoid-over-discounting-using-RFM-groups-26978522793627.md,_source/articles/26978522793627.json,_source/articles/26978522793627.body.html,_source/rendered/26978522793627.html,yes,advanced-kdp-marketing-analytics/How-to-avoid-over-discounting-using-RFM-groups.md,yes,10430,upload_meta_only,如何使用 RFM 组避免过度折扣,
17797912816795,How to build a customer lifetime value (CLV) dashboard,https://help.klaviyo.com/hc/en-us/articles/17797912816795-How-to-build-a-customer-lifetime-value-CLV-dashboard,advanced-kdp-marketing-analytics,49375715593115,Predictive models,advanced-kdp-marketing-analytics/How-to-build-a-customer-lifetime-value-(CLV)-dashboard-17797912816795.md,_source/articles/17797912816795.json,_source/articles/17797912816795.body.html,_source/rendered/17797912816795.html,yes,advanced-kdp-marketing-analytics/How-to-build-a-customer-lifetime-value-(CLV)-dashboard.md,yes,10860,publish,如何构建客户终身价值 (CLV) 仪表板,https://dynamicycle.com/docs/articles-how-to-build-a-customer-lifetime-value-clv-dashboard/
18193920339483,How to build a segment using RFM properties,https://help.klaviyo.com/hc/en-us/articles/18193920339483-How-to-build-a-segment-using-RFM-properties,advanced-kdp-marketing-analytics,49375758051483,Customer insights,advanced-kdp-marketing-analytics/How-to-build-a-segment-using-RFM-properties-18193920339483.md,_source/articles/18193920339483.json,_source/articles/18193920339483.body.html,_source/rendered/18193920339483.html,yes,advanced-kdp-marketing-analytics/How-to-build-a-segment-using-RFM-properties.md,yes,10963,publish,如何使用 RFM 属性构建分段,https://dynamicycle.com/docs/articles-how-to-build-a-segment-using-rfm-properties/
32652195725083,How to create a churn prevention flow using RFM properties,https://help.klaviyo.com/hc/en-us/articles/32652195725083-How-to-create-a-churn-prevention-flow-using-RFM-properties,advanced-kdp-marketing-analytics,49375758051483,Customer insights,advanced-kdp-marketing-analytics/How-to-create-a-churn-prevention-flow-using-RFM-properties-32652195725083.md,_source/articles/32652195725083.json,_source/articles/32652195725083.body.html,_source/rendered/32652195725083.html,yes,advanced-kdp-marketing-analytics/How-to-create-a-churn-prevention-flow-using-RFM-properties.md,yes,10398,upload_meta_only,如何使用 RFM 属性创建流失预防流程,
33789205940507,How to create a dynamic cross-sell flow using the product analysis report,https://help.klaviyo.com/hc/en-us/articles/33789205940507-How-to-create-a-dynamic-cross-sell-flow-using-the-product-analysis-report,advanced-kdp-marketing-analytics,49375750380955,Catalog insights,advanced-kdp-marketing-analytics/How-to-create-a-dynamic-cross-sell-flow-using-the-product-analysis-report-33789205940507.md,_source/articles/33789205940507.json,_source/articles/33789205940507.body.html,_source/rendered/33789205940507.html,yes,advanced-kdp-marketing-analytics/How-to-create-a-dynamic-cross-sell-flow-using-the-product-analysis-report.md,yes,10385,upload_meta_only,如何使用产品分析报告创建动态交叉销售流程,
32756348967323,How to create a nurture flow for RFM champions,https://help.klaviyo.com/hc/en-us/articles/32756348967323-How-to-create-a-nurture-flow-for-RFM-champions,advanced-kdp-marketing-analytics,49375758051483,Customer insights,advanced-kdp-marketing-analytics/How-to-create-a-nurture-flow-for-RFM-champions-32756348967323.md,_source/articles/32756348967323.json,_source/articles/32756348967323.body.html,_source/rendered/32756348967323.html,yes,advanced-kdp-marketing-analytics/How-to-create-a-nurture-flow-for-RFM-champions.md,yes,10397,upload_meta_only,如何为 RFM 冠军创建培养流程,
32786564072347,How to create a nurture flow for recent RFM customers,https://help.klaviyo.com/hc/en-us/articles/32786564072347-How-to-create-a-nurture-flow-for-recent-RFM-customers,advanced-kdp-marketing-analytics,49375758051483,Customer insights,advanced-kdp-marketing-analytics/How-to-create-a-nurture-flow-for-recent-RFM-customers-32786564072347.md,_source/articles/32786564072347.json,_source/articles/32786564072347.body.html,_source/rendered/32786564072347.html,yes,advanced-kdp-marketing-analytics/How-to-create-a-nurture-flow-for-recent-RFM-customers.md,yes,10395,upload_meta_only,如何为最近的 RFM 客户创建培养流程,
25408596027547,How to create a retention flow triggered off of RFM groups and customer behavior changes,https://help.klaviyo.com/hc/en-us/articles/25408596027547-How-to-create-a-retention-flow-triggered-off-of-RFM-groups-and-customer-behavior-changes,advanced-kdp-marketing-analytics,49375758051483,Customer insights,advanced-kdp-marketing-analytics/How-to-create-a-retention-flow-triggered-off-of-RFM-groups-and-customer-behavior-changes-25408596027547.md,_source/articles/25408596027547.json,_source/articles/25408596027547.body.html,_source/rendered/25408596027547.html,yes,advanced-kdp-marketing-analytics/How-to-create-a-retention-flow-triggered-off-of-RFM-groups-and-customer-behavior-changes.md,yes,10450,upload_meta_only,如何创建由 RFM 组和客户行为变化触发的保留流程,
42766438882075,How to create segments directly from funnels,https://help.klaviyo.com/hc/en-us/articles/42766438882075-How-to-create-segments-directly-from-funnels,advanced-kdp-marketing-analytics,49375758051483,Customer insights,advanced-kdp-marketing-analytics/How-to-create-segments-directly-from-funnels-42766438882075.md,_source/articles/42766438882075.json,_source/articles/42766438882075.body.html,_source/rendered/42766438882075.html,yes,advanced-kdp-marketing-analytics/How-to-create-segments-directly-from-funnels.md,yes,10301,upload_meta_only,如何直接从渠道创建细分,
17760675787419,How to personalize onsite content with Klaviyo’s group membership API,https://help.klaviyo.com/hc/en-us/articles/17760675787419-How-to-personalize-onsite-content-with-Klaviyo-s-group-membership-API,advanced-kdp-marketing-analytics,49375670819099,Group membership API (Advanced KDP),advanced-kdp-marketing-analytics/How-to-personalize-onsite-content-with-Klaviyo’s-group-membership-API-17760675787419.md,_source/articles/17760675787419.json,_source/articles/17760675787419.body.html,_source/rendered/17760675787419.html,yes,advanced-kdp-marketing-analytics/How-to-personalize-onsite-content-with-Klaviyo’s-group-membership-API.md,yes,10521,upload_meta_only,如何使用 Klaviyo 的群组会员 API 个性化现场内容,
26365073803675,How to personalize product recommendations by RFM group,https://help.klaviyo.com/hc/en-us/articles/26365073803675-How-to-personalize-product-recommendations-by-RFM-group,advanced-kdp-marketing-analytics,49375758051483,Customer insights,advanced-kdp-marketing-analytics/How-to-personalize-product-recommendations-by-RFM-group-26365073803675.md,_source/articles/26365073803675.json,_source/articles/26365073803675.body.html,_source/rendered/26365073803675.html,yes,advanced-kdp-marketing-analytics/How-to-personalize-product-recommendations-by-RFM-group.md,yes,10436,upload_meta_only,RFM 集团如何个性化产品推荐,
25592459905051,How to standardize country names and utilize standardized properties,https://help.klaviyo.com/hc/en-us/articles/25592459905051-How-to-standardize-country-names-and-utilize-standardized-properties,advanced-kdp-marketing-analytics,49375674887195,Transformation,advanced-kdp-marketing-analytics/How-to-standardize-country-names-and-utilize-standardized-properties-25592459905051.md,_source/articles/25592459905051.json,_source/articles/25592459905051.body.html,_source/rendered/25592459905051.html,yes,advanced-kdp-marketing-analytics/How-to-standardize-country-names-and-utilize-standardized-properties.md,yes,10449,upload_meta_only,如何标准化国家名称并利用标准化属性,
18194102384539,How to strategically use RFM properties in campaigns and flows,https://help.klaviyo.com/hc/en-us/articles/18194102384539-How-to-strategically-use-RFM-properties-in-campaigns-and-flows,advanced-kdp-marketing-analytics,49375758051483,Customer insights,advanced-kdp-marketing-analytics/How-to-strategically-use-RFM-properties-in-campaigns-and-flows-18194102384539.md,_source/articles/18194102384539.json,_source/articles/18194102384539.body.html,_source/rendered/18194102384539.html,yes,advanced-kdp-marketing-analytics/How-to-strategically-use-RFM-properties-in-campaigns-and-flows.md,yes,11044,publish,如何在营销活动和流程中战略性地使用 RFM 属性,https://dynamicycle.com/docs/articles-how-to-strategically-use-rfm-properties-in-campaigns-and-flows/
33389382848155,How to use RFM groups for targeted advertising,https://help.klaviyo.com/hc/en-us/articles/33389382848155-How-to-use-RFM-groups-for-targeted-advertising,advanced-kdp-marketing-analytics,49375758051483,Customer insights,advanced-kdp-marketing-analytics/How-to-use-RFM-groups-for-targeted-advertising-33389382848155.md,_source/articles/33389382848155.json,_source/articles/33389382848155.body.html,_source/rendered/33389382848155.html,yes,advanced-kdp-marketing-analytics/How-to-use-RFM-groups-for-targeted-advertising.md,yes,10392,upload_meta_only,如何使用 RFM 组进行定向广告,
28474458127899,How to use the conversion overview dashboard,https://help.klaviyo.com/hc/en-us/articles/28474458127899-How-to-use-the-conversion-overview-dashboard,advanced-kdp-marketing-analytics,49375758051483,Customer insights,advanced-kdp-marketing-analytics/How-to-use-the-conversion-overview-dashboard-28474458127899.md,_source/articles/28474458127899.json,_source/articles/28474458127899.body.html,_source/rendered/28474458127899.html,yes,advanced-kdp-marketing-analytics/How-to-use-the-conversion-overview-dashboard.md,yes,10419,upload_meta_only,如何使用转化概览仪表板,
48320692341019,Maintain a healthy email audience with Audience Optimization,https://help.klaviyo.com/hc/en-us/articles/48320692341019-Maintain-a-healthy-email-audience-with-Audience-Optimization,advanced-kdp-marketing-analytics,49375715593115,Predictive models,advanced-kdp-marketing-analytics/Maintain-a-healthy-email-audience-with-Audience-Optimization-48320692341019.md,_source/articles/48320692341019.json,_source/articles/48320692341019.body.html,_source/rendered/48320692341019.html,yes,advanced-kdp-marketing-analytics/Maintain-a-healthy-email-audience-with-Audience-Optimization.md,yes,10231,upload_meta_only,通过受众优化保持健康的电子邮件受众,
17797984549659,Troubleshooting the funnel analysis report,https://help.klaviyo.com/hc/en-us/articles/17797984549659-Troubleshooting-the-funnel-analysis-report,advanced-kdp-marketing-analytics,49375758051483,Customer insights,advanced-kdp-marketing-analytics/Troubleshooting-the-funnel-analysis-report-17797984549659.md,_source/articles/17797984549659.json,_source/articles/17797984549659.body.html,_source/rendered/17797984549659.html,yes,advanced-kdp-marketing-analytics/Troubleshooting-the-funnel-analysis-report.md,yes,10858,publish,漏斗分析报告故障排除,https://dynamicycle.com/docs/articles-troubleshooting-the-funnel-analysis-report/
17760400736539,Understand data transformation in Klaviyo,https://help.klaviyo.com/hc/en-us/articles/17760400736539-Understand-data-transformation-in-Klaviyo,advanced-kdp-marketing-analytics,49375674887195,Transformation,advanced-kdp-marketing-analytics/Understand-data-transformation-in-Klaviyo-17760400736539.md,_source/articles/17760400736539.json,_source/articles/17760400736539.body.html,_source/rendered/17760400736539.html,yes,advanced-kdp-marketing-analytics/Understand-data-transformation-in-Klaviyo.md,yes,10523,upload_meta_only,了解 Klaviyo 中的数据转换,
17759932376475,Understand data warehouse syncing in Klaviyo,https://help.klaviyo.com/hc/en-us/articles/17759932376475-Understand-data-warehouse-syncing-in-Klaviyo,advanced-kdp-marketing-analytics,49375669200027,Syncing,advanced-kdp-marketing-analytics/Understand-data-warehouse-syncing-in-Klaviyo-17759932376475.md,_source/articles/17759932376475.json,_source/articles/17759932376475.body.html,_source/rendered/17759932376475.html,yes,advanced-kdp-marketing-analytics/Understand-data-warehouse-syncing-in-Klaviyo.md,yes,10524,upload_meta_only,了解 Klaviyo 中的数据仓库同步,
18622300908955,Understand the different webhooks available in Klaviyo,https://help.klaviyo.com/hc/en-us/articles/18622300908955-Understand-the-different-webhooks-available-in-Klaviyo,advanced-kdp-marketing-analytics,49375661121819,Webhooks,advanced-kdp-marketing-analytics/Understand-the-different-webhooks-available-in-Klaviyo-18622300908955.md,_source/articles/18622300908955.json,_source/articles/18622300908955.body.html,_source/rendered/18622300908955.html,yes,advanced-kdp-marketing-analytics/Understand-the-different-webhooks-available-in-Klaviyo.md,yes,10505,upload_meta_only,了解 Klaviyo 中可用的不同 webhooks,
17760478970907,Understand webhooks in Advanced KDP,https://help.klaviyo.com/hc/en-us/articles/17760478970907-Understand-webhooks-in-Advanced-KDP,advanced-kdp-marketing-analytics,49375661121819,Webhooks,advanced-kdp-marketing-analytics/Understand-webhooks-in-Advanced-KDP-17760478970907.md,_source/articles/17760478970907.json,_source/articles/17760478970907.body.html,_source/rendered/17760478970907.html,yes,advanced-kdp-marketing-analytics/Understand-webhooks-in-Advanced-KDP.md,yes,10522,upload_meta_only,了解高级 KDP 中的 webhook,
36457929459227,Understanding attribution model types,https://help.klaviyo.com/hc/en-us/articles/36457929459227-Understanding-attribution-model-types,advanced-kdp-marketing-analytics,49375970379419,Attribution (Advanced KDP and Marketing Analytics),advanced-kdp-marketing-analytics/Understanding-attribution-model-types-36457929459227.md,_source/articles/36457929459227.json,_source/articles/36457929459227.body.html,_source/rendered/36457929459227.html,yes,advanced-kdp-marketing-analytics/Understanding-attribution-model-types.md,yes,10357,upload_meta_only,了解归因模型类型,
33789127136027,Understanding cohort analysis in Advanced KDP and Marketing Analytics,https://help.klaviyo.com/hc/en-us/articles/33789127136027-Understanding-cohort-analysis-in-Advanced-KDP-and-Marketing-Analytics,advanced-kdp-marketing-analytics,49375758051483,Customer insights,advanced-kdp-marketing-analytics/Understanding-cohort-analysis-in-Advanced-KDP-and-Marketing-Analytics-33789127136027.md,_source/articles/33789127136027.json,_source/articles/33789127136027.body.html,_source/rendered/33789127136027.html,yes,advanced-kdp-marketing-analytics/Understanding-cohort-analysis-in-Advanced-KDP-and-Marketing-Analytics.md,yes,10386,upload_meta_only,了解高级 KDP 和营销分析中的群组分析,
45442043369499,Understanding data warehouse event import in Klaviyo,https://help.klaviyo.com/hc/en-us/articles/45442043369499-Understanding-data-warehouse-event-import-in-Klaviyo,advanced-kdp-marketing-analytics,49375669200027,Syncing,advanced-kdp-marketing-analytics/Understanding-data-warehouse-event-import-in-Klaviyo-45442043369499.md,_source/articles/45442043369499.json,_source/articles/45442043369499.body.html,_source/rendered/45442043369499.html,yes,advanced-kdp-marketing-analytics/Understanding-data-warehouse-event-import-in-Klaviyo.md,yes,10270,upload_meta_only,了解 Klaviyo 中的数据仓库事件导入,
40939206649627,Understanding data warehouse import in Klaviyo,https://help.klaviyo.com/hc/en-us/articles/40939206649627-Understanding-data-warehouse-import-in-Klaviyo,advanced-kdp-marketing-analytics,49375669200027,Syncing,advanced-kdp-marketing-analytics/Understanding-data-warehouse-import-in-Klaviyo-40939206649627.md,_source/articles/40939206649627.json,_source/articles/40939206649627.body.html,_source/rendered/40939206649627.html,yes,advanced-kdp-marketing-analytics/Understanding-data-warehouse-import-in-Klaviyo.md,yes,10319,upload_meta_only,了解 Klaviyo 中的数据仓库导入,
39729752384795,Understanding identity resolution transformations in Klaviyo,https://help.klaviyo.com/hc/en-us/articles/39729752384795-Understanding-identity-resolution-transformations-in-Klaviyo,advanced-kdp-marketing-analytics,49375674887195,Transformation,advanced-kdp-marketing-analytics/Understanding-identity-resolution-transformations-in-Klaviyo-39729752384795.md,_source/articles/39729752384795.json,_source/articles/39729752384795.body.html,_source/rendered/39729752384795.html,yes,advanced-kdp-marketing-analytics/Understanding-identity-resolution-transformations-in-Klaviyo.md,yes,10339,upload_meta_only,了解 Klaviyo 中的身份解析转换,
41008338238875,Understanding omnichannel attribution,https://help.klaviyo.com/hc/en-us/articles/41008338238875-Understanding-omnichannel-attribution,advanced-kdp-marketing-analytics,49375970379419,Attribution (Advanced KDP and Marketing Analytics),advanced-kdp-marketing-analytics/Understanding-omnichannel-attribution-41008338238875.md,_source/articles/41008338238875.json,_source/articles/41008338238875.body.html,_source/rendered/41008338238875.html,yes,advanced-kdp-marketing-analytics/Understanding-omnichannel-attribution.md,yes,10315,upload_meta_only,了解全渠道归因,
17797937793179,"Understanding scoring and customer groups in the recency, frequency, and monetary analysis (RFM) report",https://help.klaviyo.com/hc/en-us/articles/17797937793179-Understanding-scoring-and-customer-groups-in-the-recency-frequency-and-monetary-analysis-RFM-report,advanced-kdp-marketing-analytics,49375758051483,Customer insights,"advanced-kdp-marketing-analytics/Understanding-scoring-and-customer-groups-in-the-recency,-frequency,-and-monetary-analysis-(RFM)-report-17797937793179.md",_source/articles/17797937793179.json,_source/articles/17797937793179.body.html,_source/rendered/17797937793179.html,yes,"advanced-kdp-marketing-analytics/Understanding-scoring-and-customer-groups-in-the-recency,-frequency,-and-monetary-analysis-(RFM)-report.md",yes,10859,publish,了解新近度、频率和货币分析 (RFM) 报告中的评分和客户群体,https://dynamicycle.com/docs/articles-understanding-scoring-and-customer-groups-in-the-recency-frequency-and-monetary-analysis-rfm-report/
17797865070235,Understanding the customer lifetime value (CLV) dashboard,https://help.klaviyo.com/hc/en-us/articles/17797865070235-Understanding-the-customer-lifetime-value-CLV-dashboard,advanced-kdp-marketing-analytics,49375715593115,Predictive models,advanced-kdp-marketing-analytics/Understanding-the-customer-lifetime-value-(CLV)-dashboard-17797865070235.md,_source/articles/17797865070235.json,_source/articles/17797865070235.body.html,_source/rendered/17797865070235.html,yes,advanced-kdp-marketing-analytics/Understanding-the-customer-lifetime-value-(CLV)-dashboard.md,yes,10520,upload_meta_only,了解客户终身价值 (CLV) 仪表板,
360036534631,AND vs. OR reference,https://help.klaviyo.com/hc/en-us/articles/360036534631-AND-vs-OR-reference,analytics-audience,49375416013339,Build and use segments,analytics-audience/AND-vs.-OR-reference-360036534631.md,_source/articles/360036534631.json,_source/articles/360036534631.body.html,_source/rendered/360036534631.html,yes,analytics-audience/AND-vs.-OR-reference.md,yes,11005,publish,AND 与 OR 参考,https://dynamicycle.com/docs/articles-and-vs-or-reference/
115005253428,Acceptable date and timestamp formats for profile and event properties reference,https://help.klaviyo.com/hc/en-us/articles/115005253428-Acceptable-date-and-timestamp-formats-for-profile-and-event-properties-reference,analytics-audience,49375414914715,Profile management,analytics-audience/Acceptable-date-and-timestamp-formats-for-profile-and-event-properties-reference-115005253428.md,_source/articles/115005253428.json,_source/articles/115005253428.body.html,_source/rendered/115005253428.html,yes,analytics-audience/Acceptable-date-and-timestamp-formats-for-profile-and-event-properties-reference.md,yes,11388,publish,配置文件和事件属性参考可接受的日期和时间戳格式,https://dynamicycle.com/docs/articles-acceptable-date-and-timestamp-formats-for-profile-and-event-properties-reference/
360035312491,Advanced segmentation reference,https://help.klaviyo.com/hc/en-us/articles/360035312491-Advanced-segmentation-reference,analytics-audience,49375416013339,Build and use segments,analytics-audience/Advanced-segmentation-reference-360035312491.md,_source/articles/360035312491.json,_source/articles/360035312491.body.html,_source/rendered/360035312491.html,yes,analytics-audience/Advanced-segmentation-reference.md,yes,10905,publish,高级分割参考,https://dynamicycle.com/docs/articles-advanced-segmentation-reference/
360037957832,Analytics glossary,https://help.klaviyo.com/hc/en-us/articles/360037957832-Analytics-glossary,analytics-audience,49375243695771,Data explanations and attribution,analytics-audience/Analytics-glossary-360037957832.md,_source/articles/360037957832.json,_source/articles/360037957832.body.html,_source/rendered/360037957832.html,yes,analytics-audience/Analytics-glossary.md,yes,10681,upload_meta_only,分析术语表,
360050169412,Best practices for improving your benchmarks performance,https://help.klaviyo.com/hc/en-us/articles/360050169412-Best-practices-for-improving-your-benchmarks-performance,analytics-audience,49375262512411,Benchmarks best practices,analytics-audience/Best-practices-for-improving-your-benchmarks-performance-360050169412.md,_source/articles/360050169412.json,_source/articles/360050169412.body.html,_source/rendered/360050169412.html,yes,analytics-audience/Best-practices-for-improving-your-benchmarks-performance.md,yes,11135,publish,提高基准性能的最佳实践,https://dynamicycle.com/docs/articles-best-practices-for-improving-your-benchmarks-performance/
360037527052,Creating a sending schedule based on email engagement reference,https://help.klaviyo.com/hc/en-us/articles/360037527052-Creating-a-sending-schedule-based-on-email-engagement-reference,analytics-audience,49375404972699,List and segments best practices,analytics-audience/Creating-a-sending-schedule-based-on-email-engagement-reference-360037527052.md,_source/articles/360037527052.json,_source/articles/360037527052.body.html,_source/rendered/360037527052.html,yes,analytics-audience/Creating-a-sending-schedule-based-on-email-engagement-reference.md,yes,10682,upload_meta_only,根据电子邮件参与参考创建发送计划,
360036974872,Email metrics reference,https://help.klaviyo.com/hc/en-us/articles/360036974872-Email-metrics-reference,analytics-audience,49375258862875,Getting started with metrics,analytics-audience/Email-metrics-reference-360036974872.md,_source/articles/360036974872.json,_source/articles/360036974872.body.html,_source/rendered/360036974872.html,yes,analytics-audience/Email-metrics-reference.md,yes,10684,upload_meta_only,电子邮件指标参考,
360039859932,Formatting dates for CSV files reference,https://help.klaviyo.com/hc/en-us/articles/360039859932-Formatting-dates-for-CSV-files-reference,analytics-audience,49375383465243,Build and use lists,analytics-audience/Formatting-dates-for-CSV-files-reference-360039859932.md,_source/articles/360039859932.json,_source/articles/360039859932.body.html,_source/rendered/360039859932.html,yes,analytics-audience/Formatting-dates-for-CSV-files-reference.md,yes,11078,publish,格式化 CSV 文件的日期参考,https://dynamicycle.com/docs/articles-formatting-dates-for-csv-files-reference/
13756180653851,Frequently asked questions about identity resolution in Klaviyo,https://help.klaviyo.com/hc/en-us/articles/13756180653851-Frequently-asked-questions-about-identity-resolution-in-Klaviyo,analytics-audience,49375415469339,Understand profiles,analytics-audience/Frequently-asked-questions-about-identity-resolution-in-Klaviyo-13756180653851.md,_source/articles/13756180653851.json,_source/articles/13756180653851.body.html,_source/rendered/13756180653851.html,yes,analytics-audience/Frequently-asked-questions-about-identity-resolution-in-Klaviyo.md,yes,10554,upload_meta_only,有关 Klaviyo 身份解析的常见问题,
115005076767,Getting started with Klaviyo onsite tracking,https://help.klaviyo.com/hc/en-us/articles/115005076767-Getting-started-with-Klaviyo-onsite-tracking,analytics-audience,49375258862875,Getting started with metrics,analytics-audience/Getting-started-with-Klaviyo-onsite-tracking-115005076767.md,_source/articles/115005076767.json,_source/articles/115005076767.body.html,_source/rendered/115005076767.html,yes,analytics-audience/Getting-started-with-Klaviyo-onsite-tracking.md,yes,10939,publish,Klaviyo 现场跟踪入门,https://dynamicycle.com/docs/articles-getting-started-with-klaviyo-onsite-tracking/
360046757411,Getting started with a custom reporting strategy,https://help.klaviyo.com/hc/en-us/articles/360046757411-Getting-started-with-a-custom-reporting-strategy,analytics-audience,49375251572891,Custom reports best practices,analytics-audience/Getting-started-with-a-custom-reporting-strategy-360046757411.md,_source/articles/360046757411.json,_source/articles/360046757411.body.html,_source/rendered/360046757411.html,yes,analytics-audience/Getting-started-with-a-custom-reporting-strategy.md,yes,11290,publish,自定义报告策略入门,https://dynamicycle.com/docs/articles-getting-started-with-a-custom-reporting-strategy/
4708299478427,Getting started with analytics or overview dashboards,https://help.klaviyo.com/hc/en-us/articles/4708299478427-Getting-started-with-analytics-or-overview-dashboards,analytics-audience,49375226652315,Getting started with dashboards,analytics-audience/Getting-started-with-analytics-or-overview-dashboards-4708299478427.md,_source/articles/4708299478427.json,_source/articles/4708299478427.body.html,_source/rendered/4708299478427.html,yes,analytics-audience/Getting-started-with-analytics-or-overview-dashboards.md,yes,10595,upload_meta_only,开始使用分析或概览仪表板,
360050110072,Getting started with benchmarks reports,https://help.klaviyo.com/hc/en-us/articles/360050110072-Getting-started-with-benchmarks-reports,analytics-audience,49375261048347,Getting started with benchmarks,analytics-audience/Getting-started-with-benchmarks-reports-360050110072.md,_source/articles/360050110072.json,_source/articles/360050110072.body.html,_source/rendered/360050110072.html,yes,analytics-audience/Getting-started-with-benchmarks-reports.md,yes,10654,upload_meta_only,基准报告入门,
360047725651,Getting started with custom reports in Klaviyo,https://help.klaviyo.com/hc/en-us/articles/360047725651-Getting-started-with-custom-reports-in-Klaviyo,analytics-audience,49375266127259,Getting started with custom reports,analytics-audience/Getting-started-with-custom-reports-in-Klaviyo-360047725651.md,_source/articles/360047725651.json,_source/articles/360047725651.body.html,_source/rendered/360047725651.html,yes,analytics-audience/Getting-started-with-custom-reports-in-Klaviyo.md,yes,10901,publish,Klaviyo 中的自定义报告入门,https://dynamicycle.com/docs/articles-getting-started-with-custom-reports-in-klaviyo/
45194892526747,Getting started with geofences,https://help.klaviyo.com/hc/en-us/articles/45194892526747-Getting-started-with-geofences,analytics-audience,45191949659547,Geofences,analytics-audience/Getting-started-with-geofences-45194892526747.md,_source/articles/45194892526747.json,_source/articles/45194892526747.body.html,_source/rendered/45194892526747.html,yes,analytics-audience/Getting-started-with-geofences.md,yes,10274,upload_meta_only,地理围栏入门,
18138290642971,Getting started with global holdout groups,https://help.klaviyo.com/hc/en-us/articles/18138290642971-Getting-started-with-global-holdout-groups,analytics-audience,49375724434459,Global experiments,analytics-audience/Getting-started-with-global-holdout-groups-18138290642971.md,_source/articles/18138290642971.json,_source/articles/18138290642971.body.html,_source/rendered/18138290642971.html,yes,analytics-audience/Getting-started-with-global-holdout-groups.md,yes,10513,upload_meta_only,全球抵制团体入门,
115005076787,Getting started with metrics,https://help.klaviyo.com/hc/en-us/articles/115005076787-Getting-started-with-metrics,analytics-audience,49375258862875,Getting started with metrics,analytics-audience/Getting-started-with-metrics-115005076787.md,_source/articles/115005076787.json,_source/articles/115005076787.body.html,_source/rendered/115005076787.html,yes,analytics-audience/Getting-started-with-metrics.md,yes,10821,publish,指标入门,https://dynamicycle.com/docs/articles-getting-started-with-metrics/
360047399472,Getting started with reporting,https://help.klaviyo.com/hc/en-us/articles/360047399472-Getting-started-with-reporting,analytics-audience,49375234472219,Getting started with Klaviyo reporting,analytics-audience/Getting-started-with-reporting-360047399472.md,_source/articles/360047399472.json,_source/articles/360047399472.body.html,_source/rendered/360047399472.html,yes,analytics-audience/Getting-started-with-reporting.md,yes,10667,upload_meta_only,开始报告,
115005237908,Getting started with segments,https://help.klaviyo.com/hc/en-us/articles/115005237908-Getting-started-with-segments,analytics-audience,49375416013339,Build and use segments,analytics-audience/Getting-started-with-segments-115005237908.md,_source/articles/115005237908.json,_source/articles/115005237908.body.html,_source/rendered/115005237908.html,yes,analytics-audience/Getting-started-with-segments.md,yes,10826,publish,分段入门,https://dynamicycle.com/docs/articles-getting-started-with-segments/
25933782934555,Getting started with the SMS dashboard,https://help.klaviyo.com/hc/en-us/articles/25933782934555-Getting-started-with-the-SMS-dashboard,analytics-audience,49375226652315,Getting started with dashboards,analytics-audience/Getting-started-with-the-SMS-dashboard-25933782934555.md,_source/articles/25933782934555.json,_source/articles/25933782934555.body.html,_source/rendered/25933782934555.html,yes,analytics-audience/Getting-started-with-the-SMS-dashboard.md,yes,10442,upload_meta_only,开始使用 SMS 仪表板,
16427152766619,Getting started with the business review dashboard,https://help.klaviyo.com/hc/en-us/articles/16427152766619-Getting-started-with-the-business-review-dashboard,analytics-audience,49375226652315,Getting started with dashboards,analytics-audience/Getting-started-with-the-business-review-dashboard-16427152766619.md,_source/articles/16427152766619.json,_source/articles/16427152766619.body.html,_source/rendered/16427152766619.html,yes,analytics-audience/Getting-started-with-the-business-review-dashboard.md,yes,10532,upload_meta_only,开始使用业务审核仪表板,
16328700952987,Getting started with the segment growth report,https://help.klaviyo.com/hc/en-us/articles/16328700952987-Getting-started-with-the-segment-growth-report,analytics-audience,49375275637531,Analyze lists and segments results,analytics-audience/Getting-started-with-the-segment-growth-report-16328700952987.md,_source/articles/16328700952987.json,_source/articles/16328700952987.body.html,_source/rendered/16328700952987.html,yes,analytics-audience/Getting-started-with-the-segment-growth-report.md,yes,10534,upload_meta_only,开始使用细分市场增长报告,
23933678005403,Getting started with the subscriber growth report,https://help.klaviyo.com/hc/en-us/articles/23933678005403-Getting-started-with-the-subscriber-growth-report,analytics-audience,49375275637531,Analyze lists and segments results,analytics-audience/Getting-started-with-the-subscriber-growth-report-23933678005403.md,_source/articles/23933678005403.json,_source/articles/23933678005403.body.html,_source/rendered/23933678005403.html,yes,analytics-audience/Getting-started-with-the-subscriber-growth-report.md,yes,10464,upload_meta_only,订阅者增长报告入门,
18242251015835,Growth tools tab reference,https://help.klaviyo.com/hc/en-us/articles/18242251015835-Growth-tools-tab-reference,analytics-audience,49375671611547,Use growth tools,analytics-audience/Growth-tools-tab-reference-18242251015835.md,_source/articles/18242251015835.json,_source/articles/18242251015835.body.html,_source/rendered/18242251015835.html,yes,analytics-audience/Growth-tools-tab-reference.md,yes,10510,upload_meta_only,增长工具选项卡参考,
4407853491483,How profiles are added to and removed from lists,https://help.klaviyo.com/hc/en-us/articles/4407853491483-How-profiles-are-added-to-and-removed-from-lists,analytics-audience,49375376184475,Getting started with lists and segments,analytics-audience/How-profiles-are-added-to-and-removed-from-lists-4407853491483.md,_source/articles/4407853491483.json,_source/articles/4407853491483.body.html,_source/rendered/4407853491483.html,yes,analytics-audience/How-profiles-are-added-to-and-removed-from-lists.md,yes,11062,publish,如何在列表中添加和删除配置文件,https://dynamicycle.com/docs/articles-how-profiles-are-added-to-and-removed-from-lists/
360032635171,How to access and use the activity map,https://help.klaviyo.com/hc/en-us/articles/360032635171-How-to-access-and-use-the-activity-map,analytics-audience,49375248876699,Build and use benchmarks,analytics-audience/How-to-access-and-use-the-activity-map-360032635171.md,_source/articles/360032635171.json,_source/articles/360032635171.body.html,_source/rendered/360032635171.html,yes,analytics-audience/How-to-access-and-use-the-activity-map.md,yes,10780,publish,如何访问和使用活动地图,https://dynamicycle.com/docs/articles-how-to-access-and-use-the-activity-map/
360015392131,How to add Klaviyo onsite tracking using Google Tag Manager,https://help.klaviyo.com/hc/en-us/articles/360015392131-How-to-add-Klaviyo-onsite-tracking-using-Google-Tag-Manager,analytics-audience,49375263424027,Build and use metrics,analytics-audience/How-to-add-Klaviyo-onsite-tracking-using-Google-Tag-Manager-360015392131.md,_source/articles/360015392131.json,_source/articles/360015392131.body.html,_source/rendered/360015392131.html,yes,analytics-audience/How-to-add-Klaviyo-onsite-tracking-using-Google-Tag-Manager.md,yes,11010,publish,如何使用 Google 跟踪代码管理器添加 Klaviyo 现场跟踪,https://dynamicycle.com/docs/articles-how-to-add-klaviyo-onsite-tracking-using-google-tag-manager/
5495696206363,"How to allow subscribers to opt out of Mother's Day, Father's Day, and other holiday messages",https://help.klaviyo.com/hc/en-us/articles/5495696206363-How-to-allow-subscribers-to-opt-out-of-Mother-s-Day-Father-s-Day-and-other-holiday-messages,analytics-audience,49375404972699,List and segments best practices,"analytics-audience/How-to-allow-subscribers-to-opt-out-of-Mother's-Day,-Father's-Day,-and-other-holiday-messages-5495696206363.md",_source/articles/5495696206363.json,_source/articles/5495696206363.body.html,_source/rendered/5495696206363.html,yes,"analytics-audience/How-to-allow-subscribers-to-opt-out-of-Mother's-Day,-Father's-Day,-and-other-holiday-messages.md",yes,10980,publish,如何允许订阅者选择退出母亲节、父亲节和其他节日消息,https://dynamicycle.com/docs/articles-how-to-allow-subscribers-to-opt-out-of-mother-s-day-father-s-day-and-other-holiday-messages/
115000713811,How to analyze revenue by source,https://help.klaviyo.com/hc/en-us/articles/115000713811-How-to-analyze-revenue-by-source,analytics-audience,49375245825179,Metrics best practices,analytics-audience/How-to-analyze-revenue-by-source-115000713811.md,_source/articles/115000713811.json,_source/articles/115000713811.body.html,_source/rendered/115000713811.html,yes,analytics-audience/How-to-analyze-revenue-by-source.md,yes,10796,publish,如何按来源分析收入,https://dynamicycle.com/docs/articles-how-to-analyze-revenue-by-source/
16428880806427,How to build a business review dashboard,https://help.klaviyo.com/hc/en-us/articles/16428880806427-How-to-build-a-business-review-dashboard,analytics-audience,49375255588635,Build and use dashboards,analytics-audience/How-to-build-a-business-review-dashboard-16428880806427.md,_source/articles/16428880806427.json,_source/articles/16428880806427.body.html,_source/rendered/16428880806427.html,yes,analytics-audience/How-to-build-a-business-review-dashboard.md,yes,10531,upload_meta_only,如何构建业务审查仪表板,
360047022912,How to build a campaign performance report,https://help.klaviyo.com/hc/en-us/articles/360047022912-How-to-build-a-campaign-performance-report,analytics-audience,49375276131739,Build and use custom reports,analytics-audience/How-to-build-a-campaign-performance-report-360047022912.md,_source/articles/360047022912.json,_source/articles/360047022912.body.html,_source/rendered/360047022912.html,yes,analytics-audience/How-to-build-a-campaign-performance-report.md,yes,11250,publish,如何构建营销活动绩效报告,https://dynamicycle.com/docs/articles-how-to-build-a-campaign-performance-report/
360047044892,How to build a flows performance report,https://help.klaviyo.com/hc/en-us/articles/360047044892-How-to-build-a-flows-performance-report,analytics-audience,49375276131739,Build and use custom reports,analytics-audience/How-to-build-a-flows-performance-report-360047044892.md,_source/articles/360047044892.json,_source/articles/360047044892.body.html,_source/rendered/360047044892.html,yes,analytics-audience/How-to-build-a-flows-performance-report.md,yes,11197,publish,如何构建流程绩效报告,https://dynamicycle.com/docs/articles-how-to-build-a-flows-performance-report/
360046234772,How to build a multi-metric report,https://help.klaviyo.com/hc/en-us/articles/360046234772-How-to-build-a-multi-metric-report,analytics-audience,49375276131739,Build and use custom reports,analytics-audience/How-to-build-a-multi-metric-report-360046234772.md,_source/articles/360046234772.json,_source/articles/360046234772.body.html,_source/rendered/360046234772.html,yes,analytics-audience/How-to-build-a-multi-metric-report.md,yes,11074,publish,如何构建多指标报告,https://dynamicycle.com/docs/articles-how-to-build-a-multi-metric-report/
360047083252,How to build a product performance report,https://help.klaviyo.com/hc/en-us/articles/360047083252-How-to-build-a-product-performance-report,analytics-audience,49375276131739,Build and use custom reports,analytics-audience/How-to-build-a-product-performance-report-360047083252.md,_source/articles/360047083252.json,_source/articles/360047083252.body.html,_source/rendered/360047083252.html,yes,analytics-audience/How-to-build-a-product-performance-report.md,yes,11137,publish,如何建立产品绩效报告,https://dynamicycle.com/docs/articles-how-to-build-a-product-performance-report/
360046242952,How to build a single metric deep dive report,https://help.klaviyo.com/hc/en-us/articles/360046242952-How-to-build-a-single-metric-deep-dive-report,analytics-audience,49375276131739,Build and use custom reports,analytics-audience/How-to-build-a-single-metric-deep-dive-report-360046242952.md,_source/articles/360046242952.json,_source/articles/360046242952.body.html,_source/rendered/360046242952.html,yes,analytics-audience/How-to-build-a-single-metric-deep-dive-report.md,yes,11001,publish,如何构建单一指标深入研究报告,https://dynamicycle.com/docs/articles-how-to-build-a-single-metric-deep-dive-report/
13267004984859,How to build an analytics or overview dashboard,https://help.klaviyo.com/hc/en-us/articles/13267004984859-How-to-build-an-analytics-or-overview-dashboard,analytics-audience,49375255588635,Build and use dashboards,analytics-audience/How-to-build-an-analytics-or-overview-dashboard-13267004984859.md,_source/articles/13267004984859.json,_source/articles/13267004984859.body.html,_source/rendered/13267004984859.html,yes,analytics-audience/How-to-build-an-analytics-or-overview-dashboard.md,yes,10556,upload_meta_only,如何构建分析或概览仪表板,
360000676712,How to calculate average order value (AOV),https://help.klaviyo.com/hc/en-us/articles/360000676712-How-to-calculate-average-order-value-AOV,analytics-audience,49375269321883,Email and flow strategies,analytics-audience/How-to-calculate-average-order-value-(AOV)-360000676712.md,_source/articles/360000676712.json,_source/articles/360000676712.body.html,_source/rendered/360000676712.html,yes,analytics-audience/How-to-calculate-average-order-value-(AOV).md,yes,11301,publish,如何计算平均订单价值 (AOV),https://dynamicycle.com/docs/articles-how-to-calculate-average-order-value-aov/
360042176831,How to calculate retention rate,https://help.klaviyo.com/hc/en-us/articles/360042176831-How-to-calculate-retention-rate,analytics-audience,49375269321883,Email and flow strategies,analytics-audience/How-to-calculate-retention-rate-360042176831.md,_source/articles/360042176831.json,_source/articles/360042176831.body.html,_source/rendered/360042176831.html,yes,analytics-audience/How-to-calculate-retention-rate.md,yes,10675,upload_meta_only,如何计算保留率,
360034724572,How to calculate revenue per recipient ,https://help.klaviyo.com/hc/en-us/articles/360034724572-How-to-calculate-revenue-per-recipient,analytics-audience,49375269321883,Email and flow strategies,analytics-audience/How-to-calculate-revenue-per-recipient-360034724572.md,_source/articles/360034724572.json,_source/articles/360034724572.body.html,_source/rendered/360034724572.html,yes,analytics-audience/How-to-calculate-revenue-per-recipient.md,yes,10776,publish,如何计算每个收件人的收入,https://dynamicycle.com/docs/articles-how-to-calculate-revenue-per-recipient/
115005199947,How to change the conversion metric for flow and campaign reports,https://help.klaviyo.com/hc/en-us/articles/115005199947-How-to-change-the-conversion-metric-for-flow-and-campaign-reports,analytics-audience,49375268765851,Analyze email results,analytics-audience/How-to-change-the-conversion-metric-for-flow-and-campaign-reports-115005199947.md,_source/articles/115005199947.json,_source/articles/115005199947.body.html,_source/rendered/115005199947.html,yes,analytics-audience/How-to-change-the-conversion-metric-for-flow-and-campaign-reports.md,yes,10926,publish,如何更改流量和营销活动报告的转化指标,https://dynamicycle.com/docs/articles-how-to-change-the-conversion-metric-for-flow-and-campaign-reports/
11118357030555,How to change your attribution model,https://help.klaviyo.com/hc/en-us/articles/11118357030555-How-to-change-your-attribution-model,analytics-audience,49375689902619,Attribution,analytics-audience/How-to-change-your-attribution-model-11118357030555.md,_source/articles/11118357030555.json,_source/articles/11118357030555.body.html,_source/rendered/11118357030555.html,yes,analytics-audience/How-to-change-your-attribution-model.md,yes,10565,upload_meta_only,如何改变你的归因模型,
360044054732,How to clean your email list to maintain good deliverability,https://help.klaviyo.com/hc/en-us/articles/360044054732-How-to-clean-your-email-list-to-maintain-good-deliverability,analytics-audience,49375376184475,Getting started with lists and segments,analytics-audience/How-to-clean-your-email-list-to-maintain-good-deliverability-360044054732.md,_source/articles/360044054732.json,_source/articles/360044054732.body.html,_source/rendered/360044054732.html,yes,analytics-audience/How-to-clean-your-email-list-to-maintain-good-deliverability.md,yes,11424,publish,如何清理您的电子邮件列表以保持良好的送达率,https://dynamicycle.com/docs/articles-how-to-clean-your-email-list-to-maintain-good-deliverability/
360059544911,How to collect consent via Instagram,https://help.klaviyo.com/hc/en-us/articles/360059544911-How-to-collect-consent-via-Instagram,analytics-audience,49375671611547,Use growth tools,analytics-audience/How-to-collect-consent-via-Instagram-360059544911.md,_source/articles/360059544911.json,_source/articles/360059544911.body.html,_source/rendered/360059544911.html,yes,analytics-audience/How-to-collect-consent-via-Instagram.md,yes,11435,publish,如何通过 Instagram 收集同意,https://dynamicycle.com/docs/articles-how-to-collect-consent-via-instagram/
115005078887,How to combine 2 or more lists in Klaviyo,https://help.klaviyo.com/hc/en-us/articles/115005078887-How-to-combine-2-or-more-lists-in-Klaviyo,analytics-audience,49375383465243,Build and use lists,analytics-audience/How-to-combine-2-or-more-lists-in-Klaviyo-115005078887.md,_source/articles/115005078887.json,_source/articles/115005078887.body.html,_source/rendered/115005078887.html,yes,analytics-audience/How-to-combine-2-or-more-lists-in-Klaviyo.md,yes,11312,publish,如何在 Klaviyo 中合并 2 个或多个列表,https://dynamicycle.com/docs/articles-how-to-combine-2-or-more-lists-in-klaviyo/
4764571493275,How to configure OneTrust with Klaviyo's cookies,https://help.klaviyo.com/hc/en-us/articles/4764571493275-How-to-configure-OneTrust-with-Klaviyo-s-cookies,analytics-audience,49375243224859,About cookies in Klaviyo,analytics-audience/How-to-configure-OneTrust-with-Klaviyo's-cookies-4764571493275.md,_source/articles/4764571493275.json,_source/articles/4764571493275.body.html,_source/rendered/4764571493275.html,yes,analytics-audience/How-to-configure-OneTrust-with-Klaviyo's-cookies.md,yes,10594,upload_meta_only,如何使用 Klaviyo 的 cookie 配置 OneTrust,
22311085738395,How to configure custom conversion metrics,https://help.klaviyo.com/hc/en-us/articles/22311085738395-How-to-configure-custom-conversion-metrics,analytics-audience,49375263424027,Build and use metrics,analytics-audience/How-to-configure-custom-conversion-metrics-22311085738395.md,_source/articles/22311085738395.json,_source/articles/22311085738395.body.html,_source/rendered/22311085738395.html,yes,analytics-audience/How-to-configure-custom-conversion-metrics.md,yes,10477,upload_meta_only,如何配置自定义转化指标,
4416803987739,How to configure custom reports to track Apple Mail Privacy Protection (MPP) opens,https://help.klaviyo.com/hc/en-us/articles/4416803987739-How-to-configure-custom-reports-to-track-Apple-Mail-Privacy-Protection-MPP-opens,analytics-audience,49375251572891,Custom reports best practices,analytics-audience/How-to-configure-custom-reports-to-track-Apple-Mail-Privacy-Protection-(MPP)-opens-4416803987739.md,_source/articles/4416803987739.json,_source/articles/4416803987739.body.html,_source/rendered/4416803987739.html,yes,analytics-audience/How-to-configure-custom-reports-to-track-Apple-Mail-Privacy-Protection-(MPP)-opens.md,yes,10599,upload_meta_only,如何配置自定义报告以跟踪 Apple Mail Privacy Protection (MPP) 打开,
27497646637979,How to configure custom reports to track bot clicks,https://help.klaviyo.com/hc/en-us/articles/27497646637979-How-to-configure-custom-reports-to-track-bot-clicks,analytics-audience,49375251572891,Custom reports best practices,analytics-audience/How-to-configure-custom-reports-to-track-bot-clicks-27497646637979.md,_source/articles/27497646637979.json,_source/articles/27497646637979.body.html,_source/rendered/27497646637979.html,yes,analytics-audience/How-to-configure-custom-reports-to-track-bot-clicks.md,yes,10426,upload_meta_only,如何配置自定义报告来跟踪机器人点击,
41741460845339,How to convert Instagram followers into subscribers with Social Auto-replies,https://help.klaviyo.com/hc/en-us/articles/41741460845339-How-to-convert-Instagram-followers-into-subscribers-with-Social-Auto-replies,analytics-audience,49375671611547,Use growth tools,analytics-audience/How-to-convert-Instagram-followers-into-subscribers-with-Social-Auto-replies-41741460845339.md,_source/articles/41741460845339.json,_source/articles/41741460845339.body.html,_source/rendered/41741460845339.html,yes,analytics-audience/How-to-convert-Instagram-followers-into-subscribers-with-Social-Auto-replies.md,yes,10307,upload_meta_only,如何通过社交自动回复将 Instagram 关注者转化为订阅者,
115005066027,How to create a cross sell segment,https://help.klaviyo.com/hc/en-us/articles/115005066027-How-to-create-a-cross-sell-segment,analytics-audience,49375416542491,Segment examples and types,analytics-audience/How-to-create-a-cross-sell-segment-115005066027.md,_source/articles/115005066027.json,_source/articles/115005066027.body.html,_source/rendered/115005066027.html,yes,analytics-audience/How-to-create-a-cross-sell-segment.md,yes,11433,publish,如何创建交叉销售细分,https://dynamicycle.com/docs/articles-how-to-create-a-cross-sell-segment/
360059075151,How to create a custom viewed page metric,https://help.klaviyo.com/hc/en-us/articles/360059075151-How-to-create-a-custom-viewed-page-metric,analytics-audience,49375263424027,Build and use metrics,analytics-audience/How-to-create-a-custom-viewed-page-metric-360059075151.md,_source/articles/360059075151.json,_source/articles/360059075151.body.html,_source/rendered/360059075151.html,yes,analytics-audience/How-to-create-a-custom-viewed-page-metric.md,yes,10626,upload_meta_only,如何创建自定义查看页面指标,
115005065887,How to create a location-based segment,https://help.klaviyo.com/hc/en-us/articles/115005065887-How-to-create-a-location-based-segment,analytics-audience,49375416542491,Segment examples and types,analytics-audience/How-to-create-a-location-based-segment-115005065887.md,_source/articles/115005065887.json,_source/articles/115005065887.body.html,_source/rendered/115005065887.html,yes,analytics-audience/How-to-create-a-location-based-segment.md,yes,11453,publish,如何创建基于位置的细分,https://dynamicycle.com/docs/articles-how-to-create-a-location-based-segment/
115005078347,How to create a never engaged segment,https://help.klaviyo.com/hc/en-us/articles/115005078347-How-to-create-a-never-engaged-segment,analytics-audience,49375416542491,Segment examples and types,analytics-audience/How-to-create-a-never-engaged-segment-115005078347.md,_source/articles/115005078347.json,_source/articles/115005078347.body.html,_source/rendered/115005078347.html,yes,analytics-audience/How-to-create-a-never-engaged-segment.md,yes,11163,publish,如何创建从未参与的细分市场,https://dynamicycle.com/docs/articles-how-to-create-a-never-engaged-segment/
360048341511,How to create a non-opener segment,https://help.klaviyo.com/hc/en-us/articles/360048341511-How-to-create-a-non-opener-segment,analytics-audience,49375416542491,Segment examples and types,analytics-audience/How-to-create-a-non-opener-segment-360048341511.md,_source/articles/360048341511.json,_source/articles/360048341511.body.html,_source/rendered/360048341511.html,yes,analytics-audience/How-to-create-a-non-opener-segment.md,yes,11196,publish,如何创建非开场片段,https://dynamicycle.com/docs/articles-how-to-create-a-non-opener-segment/
360024584671,How to create a not-opted-in segment,https://help.klaviyo.com/hc/en-us/articles/360024584671-How-to-create-a-not-opted-in-segment,analytics-audience,49375416542491,Segment examples and types,analytics-audience/How-to-create-a-not-opted-in-segment-360024584671.md,_source/articles/360024584671.json,_source/articles/360024584671.body.html,_source/rendered/360024584671.html,yes,analytics-audience/How-to-create-a-not-opted-in-segment.md,yes,11331,publish,如何创建未选择加入的分段,https://dynamicycle.com/docs/articles-how-to-create-a-not-opted-in-segment/
115005066067,How to create a repeat purchaser segment,https://help.klaviyo.com/hc/en-us/articles/115005066067-How-to-create-a-repeat-purchaser-segment,analytics-audience,49375416542491,Segment examples and types,analytics-audience/How-to-create-a-repeat-purchaser-segment-115005066067.md,_source/articles/115005066067.json,_source/articles/115005066067.body.html,_source/rendered/115005066067.html,yes,analytics-audience/How-to-create-a-repeat-purchaser-segment.md,yes,11407,publish,如何创建重复购买者细分,https://dynamicycle.com/docs/articles-how-to-create-a-repeat-purchaser-segment/
115005065707,How to create a segment of VIP customers,https://help.klaviyo.com/hc/en-us/articles/115005065707-How-to-create-a-segment-of-VIP-customers,analytics-audience,49375416542491,Segment examples and types,analytics-audience/How-to-create-a-segment-of-VIP-customers-115005065707.md,_source/articles/115005065707.json,_source/articles/115005065707.body.html,_source/rendered/115005065707.html,yes,analytics-audience/How-to-create-a-segment-of-VIP-customers.md,yes,11458,publish,如何打造VIP客户群,https://dynamicycle.com/docs/articles-how-to-create-a-segment-of-vip-customers/
115000200072,How to create an engaged segment of email subscribers,https://help.klaviyo.com/hc/en-us/articles/115000200072-How-to-create-an-engaged-segment-of-email-subscribers,analytics-audience,49375416542491,Segment examples and types,analytics-audience/How-to-create-an-engaged-segment-of-email-subscribers-115000200072.md,_source/articles/115000200072.json,_source/articles/115000200072.body.html,_source/rendered/115000200072.html,yes,analytics-audience/How-to-create-an-engaged-segment-of-email-subscribers.md,yes,11455,publish,如何创建活跃的电子邮件订阅者群体,https://dynamicycle.com/docs/articles-how-to-create-an-engaged-segment-of-email-subscribers/
15345735597211,How to create an engaged segment of mobile push subscribers,https://help.klaviyo.com/hc/en-us/articles/15345735597211-How-to-create-an-engaged-segment-of-mobile-push-subscribers,analytics-audience,49375416542491,Segment examples and types,analytics-audience/How-to-create-an-engaged-segment-of-mobile-push-subscribers-15345735597211.md,_source/articles/15345735597211.json,_source/articles/15345735597211.body.html,_source/rendered/15345735597211.html,yes,analytics-audience/How-to-create-an-engaged-segment-of-mobile-push-subscribers.md,yes,10869,publish,如何创建移动推送订户的参与部分,https://dynamicycle.com/docs/articles-how-to-create-an-engaged-segment-of-mobile-push-subscribers/
15032210146715,How to create an engagement report for a list or segment,https://help.klaviyo.com/hc/en-us/articles/15032210146715-How-to-create-an-engagement-report-for-a-list-or-segment,analytics-audience,49375275637531,Analyze lists and segments results,analytics-audience/How-to-create-an-engagement-report-for-a-list-or-segment-15032210146715.md,_source/articles/15032210146715.json,_source/articles/15032210146715.body.html,_source/rendered/15032210146715.html,yes,analytics-audience/How-to-create-an-engagement-report-for-a-list-or-segment.md,yes,10550,upload_meta_only,如何为列表或细分创建参与度报告,
32826141659675,How to create an unengaged segment,https://help.klaviyo.com/hc/en-us/articles/32826141659675-How-to-create-an-unengaged-segment,analytics-audience,49375416542491,Segment examples and types,analytics-audience/How-to-create-an-unengaged-segment-32826141659675.md,_source/articles/32826141659675.json,_source/articles/32826141659675.body.html,_source/rendered/32826141659675.html,yes,analytics-audience/How-to-create-an-unengaged-segment.md,yes,10394,upload_meta_only,如何创建未参与的细分,
360032334511,How to create and target a segment of recent cart abandoners,https://help.klaviyo.com/hc/en-us/articles/360032334511-How-to-create-and-target-a-segment-of-recent-cart-abandoners,analytics-audience,49375416542491,Segment examples and types,analytics-audience/How-to-create-and-target-a-segment-of-recent-cart-abandoners-360032334511.md,_source/articles/360032334511.json,_source/articles/360032334511.body.html,_source/rendered/360032334511.html,yes,analytics-audience/How-to-create-and-target-a-segment-of-recent-cart-abandoners.md,yes,11296,publish,如何创建并定位近期放弃购物车的人群,https://dynamicycle.com/docs/articles-how-to-create-and-target-a-segment-of-recent-cart-abandoners/
360000407272,How to create customer persona segments based on activity,https://help.klaviyo.com/hc/en-us/articles/360000407272-How-to-create-customer-persona-segments-based-on-activity,analytics-audience,49375404972699,List and segments best practices,analytics-audience/How-to-create-customer-persona-segments-based-on-activity-360000407272.md,_source/articles/360000407272.json,_source/articles/360000407272.body.html,_source/rendered/360000407272.html,yes,analytics-audience/How-to-create-customer-persona-segments-based-on-activity.md,yes,10914,publish,如何根据活动创建客户角色细分,https://dynamicycle.com/docs/articles-how-to-create-customer-persona-segments-based-on-activity/
115000769631,How to create email frequency segments,https://help.klaviyo.com/hc/en-us/articles/115000769631-How-to-create-email-frequency-segments,analytics-audience,49375416542491,Segment examples and types,analytics-audience/How-to-create-email-frequency-segments-115000769631.md,_source/articles/115000769631.json,_source/articles/115000769631.body.html,_source/rendered/115000769631.html,yes,analytics-audience/How-to-create-email-frequency-segments.md,yes,11383,publish,如何创建电子邮件频率段,https://dynamicycle.com/docs/articles-how-to-create-email-frequency-segments/
20776984621083,How to create espresso shot segments,https://help.klaviyo.com/hc/en-us/articles/20776984621083-How-to-create-espresso-shot-segments,analytics-audience,49375416542491,Segment examples and types,analytics-audience/How-to-create-espresso-shot-segments-20776984621083.md,_source/articles/20776984621083.json,_source/articles/20776984621083.body.html,_source/rendered/20776984621083.html,yes,analytics-audience/How-to-create-espresso-shot-segments.md,yes,11459,publish,如何创建浓缩咖啡镜头片段,https://dynamicycle.com/docs/articles-how-to-create-espresso-shot-segments/
360054684072,How to create segments based on birthdays,https://help.klaviyo.com/hc/en-us/articles/360054684072-How-to-create-segments-based-on-birthdays,analytics-audience,49375416542491,Segment examples and types,analytics-audience/How-to-create-segments-based-on-birthdays-360054684072.md,_source/articles/360054684072.json,_source/articles/360054684072.body.html,_source/rendered/360054684072.html,yes,analytics-audience/How-to-create-segments-based-on-birthdays.md,yes,11071,publish,如何根据生日创建细分,https://dynamicycle.com/docs/articles-how-to-create-segments-based-on-birthdays/
360051715391,How to customize benchmark pages,https://help.klaviyo.com/hc/en-us/articles/360051715391-How-to-customize-benchmark-pages,analytics-audience,49375248876699,Build and use benchmarks,analytics-audience/How-to-customize-benchmark-pages-360051715391.md,_source/articles/360051715391.json,_source/articles/360051715391.body.html,_source/rendered/360051715391.html,yes,analytics-audience/How-to-customize-benchmark-pages.md,yes,10899,publish,如何自定义基准页面,https://dynamicycle.com/docs/articles-how-to-customize-benchmark-pages/
115005239028,How to customize content based on language,https://help.klaviyo.com/hc/en-us/articles/115005239028-How-to-customize-content-based-on-language,analytics-audience,49375404972699,List and segments best practices,analytics-audience/How-to-customize-content-based-on-language-115005239028.md,_source/articles/115005239028.json,_source/articles/115005239028.body.html,_source/rendered/115005239028.html,yes,analytics-audience/How-to-customize-content-based-on-language.md,yes,11166,publish,如何根据语言定制内容,https://dynamicycle.com/docs/articles-how-to-customize-content-based-on-language/
18986425586715,How to define segments with AI,https://help.klaviyo.com/hc/en-us/articles/18986425586715-How-to-define-segments-with-AI,analytics-audience,49375416013339,Build and use segments,analytics-audience/How-to-define-segments-with-AI-18986425586715.md,_source/articles/18986425586715.json,_source/articles/18986425586715.body.html,_source/rendered/18986425586715.html,yes,analytics-audience/How-to-define-segments-with-AI.md,yes,11040,publish,如何用人工智能定义细分,https://dynamicycle.com/docs/articles-how-to-define-segments-with-ai/
115005073847,"How to delete, merge, and export a profile",https://help.klaviyo.com/hc/en-us/articles/115005073847-How-to-delete-merge-and-export-a-profile,analytics-audience,49375414914715,Profile management,"analytics-audience/How-to-delete,-merge,-and-export-a-profile-115005073847.md",_source/articles/115005073847.json,_source/articles/115005073847.body.html,_source/rendered/115005073847.html,yes,"analytics-audience/How-to-delete,-merge,-and-export-a-profile.md",yes,11391,publish,如何删除、合并和导出配置文件,https://dynamicycle.com/docs/articles-how-to-delete-merge-and-export-a-profile/
360049695831,How to edit the location of your tracking pixel,https://help.klaviyo.com/hc/en-us/articles/360049695831-How-to-edit-the-location-of-your-tracking-pixel,analytics-audience,49375243695771,Data explanations and attribution,analytics-audience/How-to-edit-the-location-of-your-tracking-pixel-360049695831.md,_source/articles/360049695831.json,_source/articles/360049695831.body.html,_source/rendered/360049695831.html,yes,analytics-audience/How-to-edit-the-location-of-your-tracking-pixel.md,yes,10662,upload_meta_only,如何编辑跟踪像素的位置,
1260805819449,How to export a list of queued back in stock subscribers,https://help.klaviyo.com/hc/en-us/articles/1260805819449-How-to-export-a-list-of-queued-back-in-stock-subscribers,analytics-audience,49375268765851,Analyze email results,analytics-audience/How-to-export-a-list-of-queued-back-in-stock-subscribers-1260805819449.md,_source/articles/1260805819449.json,_source/articles/1260805819449.body.html,_source/rendered/1260805819449.html,yes,analytics-audience/How-to-export-a-list-of-queued-back-in-stock-subscribers.md,yes,10621,upload_meta_only,如何导出排队的库存订阅者列表,
115005078687,How to export a list or segment to a CSV file,https://help.klaviyo.com/hc/en-us/articles/115005078687-How-to-export-a-list-or-segment-to-a-CSV-file,analytics-audience,49375376184475,Getting started with lists and segments,analytics-audience/How-to-export-a-list-or-segment-to-a-CSV-file-115005078687.md,_source/articles/115005078687.json,_source/articles/115005078687.body.html,_source/rendered/115005078687.html,yes,analytics-audience/How-to-export-a-list-or-segment-to-a-CSV-file.md,yes,11273,publish,如何将列表或分段导出到 CSV 文件,https://dynamicycle.com/docs/articles-how-to-export-a-list-or-segment-to-a-csv-file/
115005246168,How to export all people in your account,https://help.klaviyo.com/hc/en-us/articles/115005246168-How-to-export-all-people-in-your-account,analytics-audience,49375414914715,Profile management,analytics-audience/How-to-export-all-people-in-your-account-115005246168.md,_source/articles/115005246168.json,_source/articles/115005246168.body.html,_source/rendered/115005246168.html,yes,analytics-audience/How-to-export-all-people-in-your-account.md,yes,11369,publish,如何导出帐户中的所有人员,https://dynamicycle.com/docs/articles-how-to-export-all-people-in-your-account/
360054361092,How to export campaign analytics,https://help.klaviyo.com/hc/en-us/articles/360054361092-How-to-export-campaign-analytics,analytics-audience,49375268765851,Analyze email results,analytics-audience/How-to-export-campaign-analytics-360054361092.md,_source/articles/360054361092.json,_source/articles/360054361092.body.html,_source/rendered/360054361092.html,yes,analytics-audience/How-to-export-campaign-analytics.md,yes,10640,upload_meta_only,如何导出营销活动分析,
360059067852,How to export your benchmarks,https://help.klaviyo.com/hc/en-us/articles/360059067852-How-to-export-your-benchmarks,analytics-audience,49375248876699,Build and use benchmarks,analytics-audience/How-to-export-your-benchmarks-360059067852.md,_source/articles/360059067852.json,_source/articles/360059067852.body.html,_source/rendered/360059067852.html,yes,analytics-audience/How-to-export-your-benchmarks.md,yes,10625,upload_meta_only,如何导出您的基准,
115005078647,How to find a list ID,https://help.klaviyo.com/hc/en-us/articles/115005078647-How-to-find-a-list-ID,analytics-audience,49375383465243,Build and use lists,analytics-audience/How-to-find-a-list-ID-115005078647.md,_source/articles/115005078647.json,_source/articles/115005078647.body.html,_source/rendered/115005078647.html,yes,analytics-audience/How-to-find-a-list-ID.md,yes,11405,publish,如何查找列表 ID,https://dynamicycle.com/docs/articles-how-to-find-a-list-id/
115005078547,How to find the subscribe link for a list,https://help.klaviyo.com/hc/en-us/articles/115005078547-How-to-find-the-subscribe-link-for-a-list,analytics-audience,49375383465243,Build and use lists,analytics-audience/How-to-find-the-subscribe-link-for-a-list-115005078547.md,_source/articles/115005078547.json,_source/articles/115005078547.body.html,_source/rendered/115005078547.html,yes,analytics-audience/How-to-find-the-subscribe-link-for-a-list.md,yes,11426,publish,如何找到列表的订阅链接,https://dynamicycle.com/docs/articles-how-to-find-the-subscribe-link-for-a-list/
115005078847,How to find the unsubscribe link and unsubscribe page for a list,https://help.klaviyo.com/hc/en-us/articles/115005078847-How-to-find-the-unsubscribe-link-and-unsubscribe-page-for-a-list,analytics-audience,49375383465243,Build and use lists,analytics-audience/How-to-find-the-unsubscribe-link-and-unsubscribe-page-for-a-list-115005078847.md,_source/articles/115005078847.json,_source/articles/115005078847.body.html,_source/rendered/115005078847.html,yes,analytics-audience/How-to-find-the-unsubscribe-link-and-unsubscribe-page-for-a-list.md,yes,11420,publish,如何查找列表的取消订阅链接和取消订阅页面,https://dynamicycle.com/docs/articles-how-to-find-the-unsubscribe-link-and-unsubscribe-page-for-a-list/
360015118592,How to identify and reactivate an inactive segment,https://help.klaviyo.com/hc/en-us/articles/360015118592-How-to-identify-and-reactivate-an-inactive-segment,analytics-audience,49375416013339,Build and use segments,analytics-audience/How-to-identify-and-reactivate-an-inactive-segment-360015118592.md,_source/articles/360015118592.json,_source/articles/360015118592.body.html,_source/rendered/360015118592.html,yes,analytics-audience/How-to-identify-and-reactivate-an-inactive-segment.md,yes,11211,publish,如何识别并重新激活不活动的段,https://dynamicycle.com/docs/articles-how-to-identify-and-reactivate-an-inactive-segment/
4416791883163,How to identify iOS15 Mail Privacy Protection opens,https://help.klaviyo.com/hc/en-us/articles/4416791883163-How-to-identify-iOS15-Mail-Privacy-Protection-opens,analytics-audience,49375416542491,Segment examples and types,analytics-audience/How-to-identify-iOS15-Mail-Privacy-Protection-opens-4416791883163.md,_source/articles/4416791883163.json,_source/articles/4416791883163.body.html,_source/rendered/4416791883163.html,yes,analytics-audience/How-to-identify-iOS15-Mail-Privacy-Protection-opens.md,yes,10983,publish,如何识别iOS15邮件隐私保护开启,https://dynamicycle.com/docs/articles-how-to-identify-ios15-mail-privacy-protection-opens/
49977781377563,How to import geofences using a CSV upload,https://help.klaviyo.com/hc/en-us/articles/49977781377563-How-to-import-geofences-using-a-CSV-upload,analytics-audience,45191949659547,Geofences,analytics-audience/How-to-import-geofences-using-a-CSV-upload-49977781377563.md,_source/articles/49977781377563.json,_source/articles/49977781377563.body.html,_source/rendered/49977781377563.html,yes,analytics-audience/How-to-import-geofences-using-a-CSV-upload.md,yes,10204,upload_meta_only,如何使用 CSV 上传导入地理围栏,
1260806293150,How to import profile properties using a CSV upload,https://help.klaviyo.com/hc/en-us/articles/1260806293150-How-to-import-profile-properties-using-a-CSV-upload,analytics-audience,49375414914715,Profile management,analytics-audience/How-to-import-profile-properties-using-a-CSV-upload-1260806293150.md,_source/articles/1260806293150.json,_source/articles/1260806293150.body.html,_source/rendered/1260806293150.html,yes,analytics-audience/How-to-import-profile-properties-using-a-CSV-upload.md,yes,10619,upload_meta_only,如何使用 CSV 上传导入配置文件属性,
115005251128,How to import subscribers to a list,https://help.klaviyo.com/hc/en-us/articles/115005251128-How-to-import-subscribers-to-a-list,analytics-audience,49375383465243,Build and use lists,analytics-audience/How-to-import-subscribers-to-a-list-115005251128.md,_source/articles/115005251128.json,_source/articles/115005251128.body.html,_source/rendered/115005251128.html,yes,analytics-audience/How-to-import-subscribers-to-a-list.md,yes,10937,publish,如何将订阅者导入列表,https://dynamicycle.com/docs/articles-how-to-import-subscribers-to-a-list/
360042454031,How to increase campaign open rates,https://help.klaviyo.com/hc/en-us/articles/360042454031-How-to-increase-campaign-open-rates,analytics-audience,49375269321883,Email and flow strategies,analytics-audience/How-to-increase-campaign-open-rates-360042454031.md,_source/articles/360042454031.json,_source/articles/360042454031.body.html,_source/rendered/360042454031.html,yes,analytics-audience/How-to-increase-campaign-open-rates.md,yes,10674,upload_meta_only,如何提高营销活动打开率,
360057459931,How to increase email click rates,https://help.klaviyo.com/hc/en-us/articles/360057459931-How-to-increase-email-click-rates,analytics-audience,49375269321883,Email and flow strategies,analytics-audience/How-to-increase-email-click-rates-360057459931.md,_source/articles/360057459931.json,_source/articles/360057459931.body.html,_source/rendered/360057459931.html,yes,analytics-audience/How-to-increase-email-click-rates.md,yes,10635,upload_meta_only,如何提高电子邮件点击率,
360058104671,How to increase email conversion rates,https://help.klaviyo.com/hc/en-us/articles/360058104671-How-to-increase-email-conversion-rates,analytics-audience,49375269321883,Email and flow strategies,analytics-audience/How-to-increase-email-conversion-rates-360058104671.md,_source/articles/360058104671.json,_source/articles/360058104671.body.html,_source/rendered/360058104671.html,yes,analytics-audience/How-to-increase-email-conversion-rates.md,yes,10631,upload_meta_only,如何提高电子邮件转化率,
360058346111,How to increase flow open rates,https://help.klaviyo.com/hc/en-us/articles/360058346111-How-to-increase-flow-open-rates,analytics-audience,49375269321883,Email and flow strategies,analytics-audience/How-to-increase-flow-open-rates-360058346111.md,_source/articles/360058346111.json,_source/articles/360058346111.body.html,_source/rendered/360058346111.html,yes,analytics-audience/How-to-increase-flow-open-rates.md,yes,10628,upload_meta_only,如何提高流量开放率,
24312135764251,How to manage email suppressions and delete profiles in bulk,https://help.klaviyo.com/hc/en-us/articles/24312135764251-How-to-manage-email-suppressions-and-delete-profiles-in-bulk,analytics-audience,49375414914715,Profile management,analytics-audience/How-to-manage-email-suppressions-and-delete-profiles-in-bulk-24312135764251.md,_source/articles/24312135764251.json,_source/articles/24312135764251.body.html,_source/rendered/24312135764251.html,yes,analytics-audience/How-to-manage-email-suppressions-and-delete-profiles-in-bulk.md,yes,10458,upload_meta_only,如何管理电子邮件抑制和批量删除配置文件,
115005078487,How to migrate existing email subscribers (and unsubscribes) into Klaviyo,https://help.klaviyo.com/hc/en-us/articles/115005078487-How-to-migrate-existing-email-subscribers-and-unsubscribes-into-Klaviyo,analytics-audience,49375383465243,Build and use lists,analytics-audience/How-to-migrate-existing-email-subscribers-(and-unsubscribes)-into-Klaviyo-115005078487.md,_source/articles/115005078487.json,_source/articles/115005078487.body.html,_source/rendered/115005078487.html,yes,analytics-audience/How-to-migrate-existing-email-subscribers-(and-unsubscribes)-into-Klaviyo.md,yes,11162,publish,如何将现有电子邮件订阅者（和取消订阅）迁移到 Klaviyo,https://dynamicycle.com/docs/articles-how-to-migrate-existing-email-subscribers-and-unsubscribes-into-klaviyo/
23336016762395,How to preview segments,https://help.klaviyo.com/hc/en-us/articles/23336016762395-How-to-preview-segments,analytics-audience,49375376184475,Getting started with lists and segments,analytics-audience/How-to-preview-segments-23336016762395.md,_source/articles/23336016762395.json,_source/articles/23336016762395.body.html,_source/rendered/23336016762395.html,yes,analytics-audience/How-to-preview-segments.md,yes,10467,upload_meta_only,如何预览片段,
115005077307,How to remove suppressed profiles from a list,https://help.klaviyo.com/hc/en-us/articles/115005077307-How-to-remove-suppressed-profiles-from-a-list,analytics-audience,49375383465243,Build and use lists,analytics-audience/How-to-remove-suppressed-profiles-from-a-list-115005077307.md,_source/articles/115005077307.json,_source/articles/115005077307.body.html,_source/rendered/115005077307.html,yes,analytics-audience/How-to-remove-suppressed-profiles-from-a-list.md,yes,11344,publish,如何从列表中删除隐藏的配置文件,https://dynamicycle.com/docs/articles-how-to-remove-suppressed-profiles-from-a-list/
360052794352,How to review your A/B test results for campaigns,https://help.klaviyo.com/hc/en-us/articles/360052794352-How-to-review-your-A-B-test-results-for-campaigns,analytics-audience,49375268765851,Analyze email results,analytics-audience/How-to-review-your-AB-test-results-for-campaigns-360052794352.md,_source/articles/360052794352.json,_source/articles/360052794352.body.html,_source/rendered/360052794352.html,yes,analytics-audience/How-to-review-your-AB-test-results-for-campaigns.md,yes,10646,upload_meta_only,如何查看营销活动的 A/B 测试结果,
4407838420123,How to schedule custom reports,https://help.klaviyo.com/hc/en-us/articles/4407838420123-How-to-schedule-custom-reports,analytics-audience,49375276131739,Build and use custom reports,analytics-audience/How-to-schedule-custom-reports-4407838420123.md,_source/articles/4407838420123.json,_source/articles/4407838420123.body.html,_source/rendered/4407838420123.html,yes,analytics-audience/How-to-schedule-custom-reports.md,yes,10602,upload_meta_only,如何安排自定义报告,
360013201072,How to segment by customer lifetime value (CLV),https://help.klaviyo.com/hc/en-us/articles/360013201072-How-to-segment-by-customer-lifetime-value-CLV,analytics-audience,49375416542491,Segment examples and types,analytics-audience/How-to-segment-by-customer-lifetime-value-(CLV)-360013201072.md,_source/articles/360013201072.json,_source/articles/360013201072.body.html,_source/rendered/360013201072.html,yes,analytics-audience/How-to-segment-by-customer-lifetime-value-(CLV).md,yes,11358,publish,如何按客户终身价值 (CLV) 进行细分,https://dynamicycle.com/docs/articles-how-to-segment-by-customer-lifetime-value-clv/
360040841811,How to segment for form results,https://help.klaviyo.com/hc/en-us/articles/360040841811-How-to-segment-for-form-results,analytics-audience,49375416542491,Segment examples and types,analytics-audience/How-to-segment-for-form-results-360040841811.md,_source/articles/360040841811.json,_source/articles/360040841811.body.html,_source/rendered/360040841811.html,yes,analytics-audience/How-to-segment-for-form-results.md,yes,11253,publish,如何对表单结果进行细分,https://dynamicycle.com/docs/articles-how-to-segment-for-form-results/
19514751281307,How to segment on channel consent,https://help.klaviyo.com/hc/en-us/articles/19514751281307-How-to-segment-on-channel-consent,analytics-audience,49375416542491,Segment examples and types,analytics-audience/How-to-segment-on-channel-consent-19514751281307.md,_source/articles/19514751281307.json,_source/articles/19514751281307.body.html,_source/rendered/19514751281307.html,yes,analytics-audience/How-to-segment-on-channel-consent.md,yes,10496,upload_meta_only,如何细分渠道同意,
22166996219419,How to segment subscribers by assigned coupons,https://help.klaviyo.com/hc/en-us/articles/22166996219419-How-to-segment-subscribers-by-assigned-coupons,analytics-audience,49375416542491,Segment examples and types,analytics-audience/How-to-segment-subscribers-by-assigned-coupons-22166996219419.md,_source/articles/22166996219419.json,_source/articles/22166996219419.body.html,_source/rendered/22166996219419.html,yes,analytics-audience/How-to-segment-subscribers-by-assigned-coupons.md,yes,10480,upload_meta_only,如何通过分配的优惠券对订阅者进行细分,
360054433291,How to segment using average order value (AOV),https://help.klaviyo.com/hc/en-us/articles/360054433291-How-to-segment-using-average-order-value-AOV,analytics-audience,49375416542491,Segment examples and types,analytics-audience/How-to-segment-using-average-order-value-(AOV)-360054433291.md,_source/articles/360054433291.json,_source/articles/360054433291.body.html,_source/rendered/360054433291.html,yes,analytics-audience/How-to-segment-using-average-order-value-(AOV).md,yes,11133,publish,如何使用平均订单价值 (AOV) 进行细分,https://dynamicycle.com/docs/articles-how-to-segment-using-average-order-value-aov/
115005246328,How to send a personal email in Klaviyo,https://help.klaviyo.com/hc/en-us/articles/115005246328-How-to-send-a-personal-email-in-Klaviyo,analytics-audience,49375414914715,Profile management,analytics-audience/How-to-send-a-personal-email-in-Klaviyo-115005246328.md,_source/articles/115005246328.json,_source/articles/115005246328.body.html,_source/rendered/115005246328.html,yes,analytics-audience/How-to-send-a-personal-email-in-Klaviyo.md,yes,11314,publish,如何在 Klaviyo 中发送个人电子邮件,https://dynamicycle.com/docs/articles-how-to-send-a-personal-email-in-klaviyo/
32053410094619,How to set up extended ID cookie tracking,https://help.klaviyo.com/hc/en-us/articles/32053410094619-How-to-set-up-extended-ID-cookie-tracking,analytics-audience,49375243224859,About cookies in Klaviyo,analytics-audience/How-to-set-up-extended-ID-cookie-tracking-32053410094619.md,_source/articles/32053410094619.json,_source/articles/32053410094619.body.html,_source/rendered/32053410094619.html,no,,no,,not_uploaded,,
115001145931,How to take a random sample of a list or segment,https://help.klaviyo.com/hc/en-us/articles/115001145931-How-to-take-a-random-sample-of-a-list-or-segment,analytics-audience,49375404972699,List and segments best practices,analytics-audience/How-to-take-a-random-sample-of-a-list-or-segment-115001145931.md,_source/articles/115001145931.json,_source/articles/115001145931.body.html,_source/rendered/115001145931.html,yes,analytics-audience/How-to-take-a-random-sample-of-a-list-or-segment.md,yes,11090,publish,如何从列表或片段中随机抽取样本,https://dynamicycle.com/docs/articles-how-to-take-a-random-sample-of-a-list-or-segment/
24990565562139,How to unset profile properties,https://help.klaviyo.com/hc/en-us/articles/24990565562139-How-to-unset-profile-properties,analytics-audience,49375414914715,Profile management,analytics-audience/How-to-unset-profile-properties-24990565562139.md,_source/articles/24990565562139.json,_source/articles/24990565562139.body.html,_source/rendered/24990565562139.html,yes,analytics-audience/How-to-unset-profile-properties.md,yes,10453,upload_meta_only,如何取消设置配置文件属性,
25829057055899,How to use account-level mapped metrics,https://help.klaviyo.com/hc/en-us/articles/25829057055899-How-to-use-account-level-mapped-metrics,analytics-audience,49375263424027,Build and use metrics,analytics-audience/How-to-use-account-level-mapped-metrics-25829057055899.md,_source/articles/25829057055899.json,_source/articles/25829057055899.body.html,_source/rendered/25829057055899.html,yes,analytics-audience/How-to-use-account-level-mapped-metrics.md,yes,10444,upload_meta_only,如何使用账户级映射指标,
42691974773147,How to use event funnels in segmentation,https://help.klaviyo.com/hc/en-us/articles/42691974773147-How-to-use-event-funnels-in-segmentation,analytics-audience,49375416013339,Build and use segments,analytics-audience/How-to-use-event-funnels-in-segmentation-42691974773147.md,_source/articles/42691974773147.json,_source/articles/42691974773147.body.html,_source/rendered/42691974773147.html,yes,analytics-audience/How-to-use-event-funnels-in-segmentation.md,yes,11107,publish,如何在细分中使用事件漏斗,https://dynamicycle.com/docs/articles-how-to-use-event-funnels-in-segmentation/
1260806521330,How to use the reports library,https://help.klaviyo.com/hc/en-us/articles/1260806521330-How-to-use-the-reports-library,analytics-audience,49375266127259,Getting started with custom reports,analytics-audience/How-to-use-the-reports-library-1260806521330.md,_source/articles/1260806521330.json,_source/articles/1260806521330.body.html,_source/rendered/1260806521330.html,yes,analytics-audience/How-to-use-the-reports-library.md,yes,10618,upload_meta_only,如何使用报告库,
115005537388,How to verify that new contacts are being added to a list,https://help.klaviyo.com/hc/en-us/articles/115005537388-How-to-verify-that-new-contacts-are-being-added-to-a-list,analytics-audience,49375383465243,Build and use lists,analytics-audience/How-to-verify-that-new-contacts-are-being-added-to-a-list-115005537388.md,_source/articles/115005537388.json,_source/articles/115005537388.body.html,_source/rendered/115005537388.html,yes,analytics-audience/How-to-verify-that-new-contacts-are-being-added-to-a-list.md,yes,11362,publish,如何验证新联系人是否已添加到列表中,https://dynamicycle.com/docs/articles-how-to-verify-that-new-contacts-are-being-added-to-a-list/
34571019518107,How to view historical attribution changes,https://help.klaviyo.com/hc/en-us/articles/34571019518107-How-to-view-historical-attribution-changes,analytics-audience,49375689902619,Attribution,analytics-audience/How-to-view-historical-attribution-changes-34571019518107.md,_source/articles/34571019518107.json,_source/articles/34571019518107.body.html,,yes,analytics-audience/How-to-view-historical-attribution-changes.md,yes,10377,upload_meta_only,如何查看历史归因变化,
115005076747,How to view raw metric or profile activity data in Klaviyo,https://help.klaviyo.com/hc/en-us/articles/115005076747-How-to-view-raw-metric-or-profile-activity-data-in-Klaviyo,analytics-audience,49375263424027,Build and use metrics,analytics-audience/How-to-view-raw-metric-or-profile-activity-data-in-Klaviyo-115005076747.md,_source/articles/115005076747.json,_source/articles/115005076747.body.html,_source/rendered/115005076747.html,yes,analytics-audience/How-to-view-raw-metric-or-profile-activity-data-in-Klaviyo.md,yes,11100,publish,如何在 Klaviyo 中查看原始指标或配置文件活动数据,https://dynamicycle.com/docs/articles-how-to-view-raw-metric-or-profile-activity-data-in-klaviyo/
360024538231,Klaviyo's default lists and segments reference,https://help.klaviyo.com/hc/en-us/articles/360024538231-Klaviyo-s-default-lists-and-segments-reference,analytics-audience,49375376184475,Getting started with lists and segments,analytics-audience/Klaviyo's-default-lists-and-segments-reference-360024538231.md,_source/articles/360024538231.json,_source/articles/360024538231.body.html,_source/rendered/360024538231.html,yes,analytics-audience/Klaviyo's-default-lists-and-segments-reference.md,yes,11208,publish,Klaviyo 的默认列表和段参考,https://dynamicycle.com/docs/articles-klaviyo-s-default-lists-and-segments-reference/
48218796985883,List and segment limits in Klaviyo,https://help.klaviyo.com/hc/en-us/articles/48218796985883-List-and-segment-limits-in-Klaviyo,analytics-audience,49375404972699,List and segments best practices,analytics-audience/List-and-segment-limits-in-Klaviyo-48218796985883.md,_source/articles/48218796985883.json,_source/articles/48218796985883.body.html,_source/rendered/48218796985883.html,yes,analytics-audience/List-and-segment-limits-in-Klaviyo.md,yes,10233,upload_meta_only,Klaviyo 中的列表和段限制,
115005078407,List growth reporting reference,https://help.klaviyo.com/hc/en-us/articles/115005078407-List-growth-reporting-reference,analytics-audience,49375383465243,Build and use lists,analytics-audience/List-growth-reporting-reference-115005078407.md,_source/articles/115005078407.json,_source/articles/115005078407.body.html,_source/rendered/115005078407.html,yes,analytics-audience/List-growth-reporting-reference.md,yes,11226,publish,列出增长报告参考,https://dynamicycle.com/docs/articles-list-growth-reporting-reference/
48274807144475,Multi Email Profiles,https://help.klaviyo.com/hc/en-us/articles/48274807144475-Multi-Email-Profiles,analytics-audience,14508656438555,Profiles,analytics-audience/Multi-Email-Profiles-48274807144475.md,_source/articles/48274807144475.json,_source/articles/48274807144475.body.html,_source/rendered/48274807144475.html,yes,analytics-audience/Multi-Email-Profiles.md,yes,10232,upload_meta_only,多电子邮件配置文件,
360049718852,Percentiles in Klaviyo reference,https://help.klaviyo.com/hc/en-us/articles/360049718852-Percentiles-in-Klaviyo-reference,analytics-audience,49375261048347,Getting started with benchmarks,analytics-audience/Percentiles-in-Klaviyo-reference-360049718852.md,_source/articles/360049718852.json,_source/articles/360049718852.body.html,_source/rendered/360049718852.html,yes,analytics-audience/Percentiles-in-Klaviyo-reference.md,yes,11073,publish,Klaviyo 参考中的百分位数,https://dynamicycle.com/docs/articles-percentiles-in-klaviyo-reference/
360033669492,Performance benchmarks for email campaigns reference,https://help.klaviyo.com/hc/en-us/articles/360033669492-Performance-benchmarks-for-email-campaigns-reference,analytics-audience,49375268765851,Analyze email results,analytics-audience/Performance-benchmarks-for-email-campaigns-reference-360033669492.md,_source/articles/360033669492.json,_source/articles/360033669492.body.html,_source/rendered/360033669492.html,yes,analytics-audience/Performance-benchmarks-for-email-campaigns-reference.md,yes,10778,publish,电子邮件活动参考的绩效基准,https://dynamicycle.com/docs/articles-performance-benchmarks-for-email-campaigns-reference/
115005074627,Profile properties reference,https://help.klaviyo.com/hc/en-us/articles/115005074627-Profile-properties-reference,analytics-audience,49375387362331,Getting started with profiles,analytics-audience/Profile-properties-reference-115005074627.md,_source/articles/115005074627.json,_source/articles/115005074627.body.html,_source/rendered/115005074627.html,yes,analytics-audience/Profile-properties-reference.md,yes,11229,publish,配置文件属性参考,https://dynamicycle.com/docs/articles-profile-properties-reference/
360053679071,Profiles and properties glossary,https://help.klaviyo.com/hc/en-us/articles/360053679071-Profiles-and-properties-glossary,analytics-audience,49375387362331,Getting started with profiles,analytics-audience/Profiles-and-properties-glossary-360053679071.md,_source/articles/360053679071.json,_source/articles/360053679071.body.html,_source/rendered/360053679071.html,yes,analytics-audience/Profiles-and-properties-glossary.md,yes,10645,upload_meta_only,型材和特性术语表,
15307358769051,Push notification metrics reference,https://help.klaviyo.com/hc/en-us/articles/15307358769051-Push-notification-metrics-reference,analytics-audience,49375258862875,Getting started with metrics,analytics-audience/Push-notification-metrics-reference-15307358769051.md,_source/articles/15307358769051.json,_source/articles/15307358769051.body.html,_source/rendered/15307358769051.html,yes,analytics-audience/Push-notification-metrics-reference.md,yes,10546,upload_meta_only,推送通知指标参考,
115005062847,Segment conditions reference,https://help.klaviyo.com/hc/en-us/articles/115005062847-Segment-conditions-reference,analytics-audience,49375416013339,Build and use segments,analytics-audience/Segment-conditions-reference-115005062847.md,_source/articles/115005062847.json,_source/articles/115005062847.body.html,_source/rendered/115005062847.html,yes,analytics-audience/Segment-conditions-reference.md,yes,11276,publish,段条件参考,https://dynamicycle.com/docs/articles-segment-conditions-reference/
4403222359451,Segmenting with dates reference,https://help.klaviyo.com/hc/en-us/articles/4403222359451-Segmenting-with-dates-reference,analytics-audience,49375416013339,Build and use segments,analytics-audience/Segmenting-with-dates-reference-4403222359451.md,_source/articles/4403222359451.json,_source/articles/4403222359451.body.html,_source/rendered/4403222359451.html,yes,analytics-audience/Segmenting-with-dates-reference.md,yes,11289,publish,使用日期参考进行分段,https://dynamicycle.com/docs/articles-segmenting-with-dates-reference/
1260804673530,Source value reference,https://help.klaviyo.com/hc/en-us/articles/1260804673530-Source-value-reference,analytics-audience,49375387362331,Getting started with profiles,analytics-audience/Source-value-reference-1260804673530.md,_source/articles/1260804673530.json,_source/articles/1260804673530.body.html,_source/rendered/1260804673530.html,yes,analytics-audience/Source-value-reference.md,yes,10622,upload_meta_only,来源价值参考,
6985692431259,Troubleshooting added to cart tracking,https://help.klaviyo.com/hc/en-us/articles/6985692431259-Troubleshooting-added-to-cart-tracking,analytics-audience,49375247843227,Metrics troubleshooting,analytics-audience/Troubleshooting-added-to-cart-tracking-6985692431259.md,_source/articles/6985692431259.json,_source/articles/6985692431259.body.html,_source/rendered/6985692431259.html,yes,analytics-audience/Troubleshooting-added-to-cart-tracking.md,yes,10587,upload_meta_only,添加到购物车跟踪的故障排除,
8557734278683,Troubleshooting duplicate or missing identifier error messages,https://help.klaviyo.com/hc/en-us/articles/8557734278683-Troubleshooting-duplicate-or-missing-identifier-error-messages,analytics-audience,49375440090395,List and segments troubleshooting,analytics-audience/Troubleshooting-duplicate-or-missing-identifier-error-messages-8557734278683.md,_source/articles/8557734278683.json,_source/articles/8557734278683.body.html,_source/rendered/8557734278683.html,yes,analytics-audience/Troubleshooting-duplicate-or-missing-identifier-error-messages.md,yes,10973,publish,排除重复或丢失标识符错误消息,https://dynamicycle.com/docs/articles-troubleshooting-duplicate-or-missing-identifier-error-messages/
13466594378523,Troubleshooting empty cards on analytics or overview dashboards,https://help.klaviyo.com/hc/en-us/articles/13466594378523-Troubleshooting-empty-cards-on-analytics-or-overview-dashboards,analytics-audience,49375228749595,Dashboard reports troubleshooting,analytics-audience/Troubleshooting-empty-cards-on-analytics-or-overview-dashboards-13466594378523.md,_source/articles/13466594378523.json,_source/articles/13466594378523.body.html,_source/rendered/13466594378523.html,yes,analytics-audience/Troubleshooting-empty-cards-on-analytics-or-overview-dashboards.md,yes,10555,upload_meta_only,对分析或概览仪表板上的空卡进行故障排除,
8557592023451,Troubleshooting invalid format error messages,https://help.klaviyo.com/hc/en-us/articles/8557592023451-Troubleshooting-invalid-format-error-messages,analytics-audience,49375440090395,List and segments troubleshooting,analytics-audience/Troubleshooting-invalid-format-error-messages-8557592023451.md,_source/articles/8557592023451.json,_source/articles/8557592023451.body.html,_source/rendered/8557592023451.html,yes,analytics-audience/Troubleshooting-invalid-format-error-messages.md,yes,10880,publish,解决无效格式错误消息,https://dynamicycle.com/docs/articles-troubleshooting-invalid-format-error-messages/
115005078807,Troubleshooting list imports,https://help.klaviyo.com/hc/en-us/articles/115005078807-Troubleshooting-list-imports,analytics-audience,49375440090395,List and segments troubleshooting,analytics-audience/Troubleshooting-list-imports-115005078807.md,_source/articles/115005078807.json,_source/articles/115005078807.body.html,_source/rendered/115005078807.html,yes,analytics-audience/Troubleshooting-list-imports.md,yes,10818,publish,列表导入疑难解答,https://dynamicycle.com/docs/articles-troubleshooting-list-imports/
7000906101019,Troubleshooting placed order tracking,https://help.klaviyo.com/hc/en-us/articles/7000906101019-Troubleshooting-placed-order-tracking,analytics-audience,49375247843227,Metrics troubleshooting,analytics-audience/Troubleshooting-placed-order-tracking-7000906101019.md,_source/articles/7000906101019.json,_source/articles/7000906101019.body.html,_source/rendered/7000906101019.html,yes,analytics-audience/Troubleshooting-placed-order-tracking.md,yes,10585,upload_meta_only,已下订单跟踪故障排除,
6998274713371,Troubleshooting started checkout tracking,https://help.klaviyo.com/hc/en-us/articles/6998274713371-Troubleshooting-started-checkout-tracking,analytics-audience,49375247843227,Metrics troubleshooting,analytics-audience/Troubleshooting-started-checkout-tracking-6998274713371.md,_source/articles/6998274713371.json,_source/articles/6998274713371.body.html,_source/rendered/6998274713371.html,yes,analytics-audience/Troubleshooting-started-checkout-tracking.md,yes,10586,upload_meta_only,疑难解答开始结帐跟踪,
4416172774939,Troubleshooting viewed product tracking,https://help.klaviyo.com/hc/en-us/articles/4416172774939-Troubleshooting-viewed-product-tracking,analytics-audience,49375247843227,Metrics troubleshooting,analytics-audience/Troubleshooting-viewed-product-tracking-4416172774939.md,_source/articles/4416172774939.json,_source/articles/4416172774939.body.html,_source/rendered/4416172774939.html,yes,analytics-audience/Troubleshooting-viewed-product-tracking.md,yes,10600,upload_meta_only,已查看商品跟踪问题排查,
17928628922395,Understand Klaviyo's anonymous visitor activity backfill,https://help.klaviyo.com/hc/en-us/articles/17928628922395-Understand-Klaviyo-s-anonymous-visitor-activity-backfill,analytics-audience,49375415469339,Understand profiles,analytics-audience/Understand-Klaviyo's-anonymous-visitor-activity-backfill-17928628922395.md,_source/articles/17928628922395.json,_source/articles/17928628922395.body.html,_source/rendered/17928628922395.html,yes,analytics-audience/Understand-Klaviyo's-anonymous-visitor-activity-backfill.md,yes,10516,upload_meta_only,了解 Klaviyo 的匿名访客活动回填,
1260804504250,Understanding Klaviyo message attribution,https://help.klaviyo.com/hc/en-us/articles/1260804504250-Understanding-Klaviyo-message-attribution,analytics-audience,49375689902619,Attribution,analytics-audience/Understanding-Klaviyo-message-attribution-1260804504250.md,_source/articles/1260804504250.json,_source/articles/1260804504250.body.html,_source/rendered/1260804504250.html,yes,analytics-audience/Understanding-Klaviyo-message-attribution.md,yes,10624,upload_meta_only,了解 Klaviyo 消息归属,
360020919731,Understanding Klaviyo's predictive analytics,https://help.klaviyo.com/hc/en-us/articles/360020919731-Understanding-Klaviyo-s-predictive-analytics,analytics-audience,49375415469339,Understand profiles,analytics-audience/Understanding-Klaviyo's-predictive-analytics-360020919731.md,_source/articles/360020919731.json,_source/articles/360020919731.body.html,_source/rendered/360020919731.html,yes,analytics-audience/Understanding-Klaviyo's-predictive-analytics.md,yes,11009,publish,了解 Klaviyo 的预测分析,https://dynamicycle.com/docs/articles-understanding-klaviyo-s-predictive-analytics/
360041411132,Understanding Smart Send Time results,https://help.klaviyo.com/hc/en-us/articles/360041411132-Understanding-Smart-Send-Time-results,analytics-audience,49375268765851,Analyze email results,analytics-audience/Understanding-Smart-Send-Time-results-360041411132.md,_source/articles/360041411132.json,_source/articles/360041411132.body.html,_source/rendered/360041411132.html,yes,analytics-audience/Understanding-Smart-Send-Time-results.md,yes,10676,upload_meta_only,了解智能发送时间结果,
115005246968,Understanding active email profiles in Klaviyo,https://help.klaviyo.com/hc/en-us/articles/115005246968-Understanding-active-email-profiles-in-Klaviyo,analytics-audience,49375387362331,Getting started with profiles,analytics-audience/Understanding-active-email-profiles-in-Klaviyo-115005246968.md,_source/articles/115005246968.json,_source/articles/115005246968.body.html,_source/rendered/115005246968.html,yes,analytics-audience/Understanding-active-email-profiles-in-Klaviyo.md,yes,11165,publish,了解 Klaviyo 中的活动电子邮件配置文件,https://dynamicycle.com/docs/articles-understanding-active-email-profiles-in-klaviyo/
24263920096027,Understanding active profile management in Klaviyo,https://help.klaviyo.com/hc/en-us/articles/24263920096027-Understanding-active-profile-management-in-Klaviyo,analytics-audience,49375414914715,Profile management,analytics-audience/Understanding-active-profile-management-in-Klaviyo-24263920096027.md,_source/articles/24263920096027.json,_source/articles/24263920096027.body.html,_source/rendered/24263920096027.html,yes,analytics-audience/Understanding-active-profile-management-in-Klaviyo.md,yes,10460,upload_meta_only,了解 Klaviyo 中的主动配置文件管理,
31141239059611,Understanding auto-monitors in Klaviyo,https://help.klaviyo.com/hc/en-us/articles/31141239059611-Understanding-auto-monitors-in-Klaviyo,analytics-audience,49375234472219,Getting started with Klaviyo reporting,analytics-audience/Understanding-auto-monitors-in-Klaviyo-31141239059611.md,_source/articles/31141239059611.json,_source/articles/31141239059611.body.html,_source/rendered/31141239059611.html,yes,analytics-audience/Understanding-auto-monitors-in-Klaviyo.md,yes,10407,upload_meta_only,了解 Klaviyo 中的自动监视器,
115005258568,Understanding available campaign analytics,https://help.klaviyo.com/hc/en-us/articles/115005258568-Understanding-available-campaign-analytics,analytics-audience,49375268765851,Analyze email results,analytics-audience/Understanding-available-campaign-analytics-115005258568.md,_source/articles/115005258568.json,_source/articles/115005258568.body.html,_source/rendered/115005258568.html,yes,analytics-audience/Understanding-available-campaign-analytics.md,yes,10802,publish,了解可用的活动分析,https://dynamicycle.com/docs/articles-understanding-available-campaign-analytics/
36211794270107,Understanding channel affinity in Klaviyo,https://help.klaviyo.com/hc/en-us/articles/36211794270107-Understanding-channel-affinity-in-Klaviyo,analytics-audience,49375415469339,Understand profiles,analytics-audience/Understanding-channel-affinity-in-Klaviyo-36211794270107.md,_source/articles/36211794270107.json,_source/articles/36211794270107.body.html,_source/rendered/36211794270107.html,yes,analytics-audience/Understanding-channel-affinity-in-Klaviyo.md,yes,10359,upload_meta_only,了解 Klaviyo 中的通道关联性,
33865795499163,Understanding cohort analysis in the metrics tab,https://help.klaviyo.com/hc/en-us/articles/33865795499163-Understanding-cohort-analysis-in-the-metrics-tab,analytics-audience,49375234472219,Getting started with Klaviyo reporting,analytics-audience/Understanding-cohort-analysis-in-the-metrics-tab-33865795499163.md,_source/articles/33865795499163.json,_source/articles/33865795499163.body.html,_source/rendered/33865795499163.html,yes,analytics-audience/Understanding-cohort-analysis-in-the-metrics-tab.md,yes,10383,upload_meta_only,了解“指标”选项卡中的群组分析,
360037101072,Understanding consent in profiles,https://help.klaviyo.com/hc/en-us/articles/360037101072-Understanding-consent-in-profiles,analytics-audience,49375415469339,Understand profiles,analytics-audience/Understanding-consent-in-profiles-360037101072.md,_source/articles/360037101072.json,_source/articles/360037101072.body.html,_source/rendered/360037101072.html,yes,analytics-audience/Understanding-consent-in-profiles.md,yes,10683,upload_meta_only,了解个人资料中的同意,
360034666712,Understanding cookies in Klaviyo,https://help.klaviyo.com/hc/en-us/articles/360034666712-Understanding-cookies-in-Klaviyo,analytics-audience,49375243224859,About cookies in Klaviyo,analytics-audience/Understanding-cookies-in-Klaviyo-360034666712.md,_source/articles/360034666712.json,_source/articles/360034666712.body.html,_source/rendered/360034666712.html,yes,analytics-audience/Understanding-cookies-in-Klaviyo.md,yes,10777,publish,了解 Klaviyo 中的 cookie,https://dynamicycle.com/docs/articles-understanding-cookies-in-klaviyo/
115000250912,Understanding custom profile properties,https://help.klaviyo.com/hc/en-us/articles/115000250912-Understanding-custom-profile-properties,analytics-audience,49375415469339,Understand profiles,analytics-audience/Understanding-custom-profile-properties-115000250912.md,_source/articles/115000250912.json,_source/articles/115000250912.body.html,_source/rendered/115000250912.html,yes,analytics-audience/Understanding-custom-profile-properties.md,yes,10924,publish,了解自定义配置文件属性,https://dynamicycle.com/docs/articles-understanding-custom-profile-properties/
115005237648,Understanding data types,https://help.klaviyo.com/hc/en-us/articles/115005237648-Understanding-data-types,analytics-audience,49375415469339,Understand profiles,analytics-audience/Understanding-data-types-115005237648.md,_source/articles/115005237648.json,_source/articles/115005237648.body.html,_source/rendered/115005237648.html,yes,analytics-audience/Understanding-data-types.md,yes,11345,publish,了解数据类型,https://dynamicycle.com/docs/articles-understanding-data-types/
115005906848,Understanding engagement reports for lists and segments,https://help.klaviyo.com/hc/en-us/articles/115005906848-Understanding-engagement-reports-for-lists-and-segments,analytics-audience,49375275637531,Analyze lists and segments results,analytics-audience/Understanding-engagement-reports-for-lists-and-segments-115005906848.md,_source/articles/115005906848.json,_source/articles/115005906848.body.html,_source/rendered/115005906848.html,yes,analytics-audience/Understanding-engagement-reports-for-lists-and-segments.md,yes,10801,publish,了解列表和细分的参与度报告,https://dynamicycle.com/docs/articles-understanding-engagement-reports-for-lists-and-segments/
360051797112,Understanding how Klaviyo converts currency in Benchmarks,https://help.klaviyo.com/hc/en-us/articles/360051797112-Understanding-how-Klaviyo-converts-currency-in-Benchmarks,analytics-audience,49375248876699,Build and use benchmarks,analytics-audience/Understanding-how-Klaviyo-converts-currency-in-Benchmarks-360051797112.md,_source/articles/360051797112.json,_source/articles/360051797112.body.html,_source/rendered/360051797112.html,yes,analytics-audience/Understanding-how-Klaviyo-converts-currency-in-Benchmarks.md,yes,11195,publish,了解 Klaviyo 如何在 Benchmarks 中转换货币,https://dynamicycle.com/docs/articles-understanding-how-klaviyo-converts-currency-in-benchmarks/
14837232353691,Understanding how segment conditions evaluate null or empty values,https://help.klaviyo.com/hc/en-us/articles/14837232353691-Understanding-how-segment-conditions-evaluate-null-or-empty-values,analytics-audience,49375416013339,Build and use segments,analytics-audience/Understanding-how-segment-conditions-evaluate-null-or-empty-values-14837232353691.md,_source/articles/14837232353691.json,_source/articles/14837232353691.body.html,_source/rendered/14837232353691.html,yes,analytics-audience/Understanding-how-segment-conditions-evaluate-null-or-empty-values.md,yes,11319,publish,了解段条件如何评估 null 或空值,https://dynamicycle.com/docs/articles-understanding-how-segment-conditions-evaluate-null-or-empty-values/
360034785292,Understanding how segment engagement reports can help you judge lead quality,https://help.klaviyo.com/hc/en-us/articles/360034785292-Understanding-how-segment-engagement-reports-can-help-you-judge-lead-quality,analytics-audience,49375275637531,Analyze lists and segments results,analytics-audience/Understanding-how-segment-engagement-reports-can-help-you-judge-lead-quality-360034785292.md,_source/articles/360034785292.json,_source/articles/360034785292.body.html,_source/rendered/360034785292.html,yes,analytics-audience/Understanding-how-segment-engagement-reports-can-help-you-judge-lead-quality.md,yes,10775,publish,了解细分受众群参与度报告如何帮助您判断潜在客户质量,https://dynamicycle.com/docs/articles-understanding-how-segment-engagement-reports-can-help-you-judge-lead-quality/
115005233488,Understanding how segments update,https://help.klaviyo.com/hc/en-us/articles/115005233488-Understanding-how-segments-update,analytics-audience,49375416013339,Build and use segments,analytics-audience/Understanding-how-segments-update-115005233488.md,_source/articles/115005233488.json,_source/articles/115005233488.body.html,_source/rendered/115005233488.html,yes,analytics-audience/Understanding-how-segments-update.md,yes,11370,publish,了解段如何更新,https://dynamicycle.com/docs/articles-understanding-how-segments-update/
48460612827163,Understanding how to create a list using converted profiles,https://help.klaviyo.com/hc/en-us/articles/48460612827163-Understanding-how-to-create-a-list-using-converted-profiles,analytics-audience,49375383465243,Build and use lists,analytics-audience/Understanding-how-to-create-a-list-using-converted-profiles-48460612827163.md,_source/articles/48460612827163.json,_source/articles/48460612827163.body.html,_source/rendered/48460612827163.html,yes,analytics-audience/Understanding-how-to-create-a-list-using-converted-profiles.md,yes,10229,upload_meta_only,了解如何使用转换后的配置文件创建列表,
12902308138011,Understanding identity resolution in Klaviyo,https://help.klaviyo.com/hc/en-us/articles/12902308138011-Understanding-identity-resolution-in-Klaviyo,analytics-audience,49375415469339,Understand profiles,analytics-audience/Understanding-identity-resolution-in-Klaviyo-12902308138011.md,_source/articles/12902308138011.json,_source/articles/12902308138011.body.html,_source/rendered/12902308138011.html,yes,analytics-audience/Understanding-identity-resolution-in-Klaviyo.md,yes,10559,upload_meta_only,了解 Klaviyo 中的身份解析,
115005075187,Understanding initial source tracking with JavaScript,https://help.klaviyo.com/hc/en-us/articles/115005075187-Understanding-initial-source-tracking-with-JavaScript,analytics-audience,49375243695771,Data explanations and attribution,analytics-audience/Understanding-initial-source-tracking-with-JavaScript-115005075187.md,_source/articles/115005075187.json,_source/articles/115005075187.body.html,_source/rendered/115005075187.html,yes,analytics-audience/Understanding-initial-source-tracking-with-JavaScript.md,yes,11101,publish,了解使用 JavaScript 进行初始源跟踪,https://dynamicycle.com/docs/articles-understanding-initial-source-tracking-with-javascript/
115005248128,Understanding message conversion tracking,https://help.klaviyo.com/hc/en-us/articles/115005248128-Understanding-message-conversion-tracking,analytics-audience,49375243695771,Data explanations and attribution,analytics-audience/Understanding-message-conversion-tracking-115005248128.md,_source/articles/115005248128.json,_source/articles/115005248128.body.html,_source/rendered/115005248128.html,yes,analytics-audience/Understanding-message-conversion-tracking.md,yes,10822,publish,了解消息转化跟踪,https://dynamicycle.com/docs/articles-understanding-message-conversion-tracking/
360050180151,"Understanding peer groups, benchmarks, and how Klaviyo uses your data",https://help.klaviyo.com/hc/en-us/articles/360050180151-Understanding-peer-groups-benchmarks-and-how-Klaviyo-uses-your-data,analytics-audience,49375261048347,Getting started with benchmarks,"analytics-audience/Understanding-peer-groups,-benchmarks,-and-how-Klaviyo-uses-your-data-360050180151.md",_source/articles/360050180151.json,_source/articles/360050180151.body.html,_source/rendered/360050180151.html,yes,"analytics-audience/Understanding-peer-groups,-benchmarks,-and-how-Klaviyo-uses-your-data.md",yes,10996,publish,了解同行群体、基准以及 Klaviyo 如何使用您的数据,https://dynamicycle.com/docs/articles-understanding-peer-groups-benchmarks-and-how-klaviyo-uses-your-data/
115005247088,Understanding profiles in Klaviyo,https://help.klaviyo.com/hc/en-us/articles/115005247088-Understanding-profiles-in-Klaviyo,analytics-audience,49375387362331,Getting started with profiles,analytics-audience/Understanding-profiles-in-Klaviyo-115005247088.md,_source/articles/115005247088.json,_source/articles/115005247088.body.html,_source/rendered/115005247088.html,yes,analytics-audience/Understanding-profiles-in-Klaviyo.md,yes,10824,publish,了解 Klaviyo 中的配置文件,https://dynamicycle.com/docs/articles-understanding-profiles-in-klaviyo/
115005246108,Understanding suppressed email profiles,https://help.klaviyo.com/hc/en-us/articles/115005246108-Understanding-suppressed-email-profiles,analytics-audience,49375415469339,Understand profiles,analytics-audience/Understanding-suppressed-email-profiles-115005246108.md,_source/articles/115005246108.json,_source/articles/115005246108.body.html,_source/rendered/115005246108.html,yes,analytics-audience/Understanding-suppressed-email-profiles.md,yes,11406,publish,了解受抑制的电子邮件配置文件,https://dynamicycle.com/docs/articles-understanding-suppressed-email-profiles/
115005076707,Understanding the Klaviyo dashboard,https://help.klaviyo.com/hc/en-us/articles/115005076707-Understanding-the-Klaviyo-dashboard,analytics-audience,49375234472219,Getting started with Klaviyo reporting,analytics-audience/Understanding-the-Klaviyo-dashboard-115005076707.md,_source/articles/115005076707.json,_source/articles/115005076707.body.html,_source/rendered/115005076707.html,yes,analytics-audience/Understanding-the-Klaviyo-dashboard.md,yes,11164,publish,了解 Klaviyo 仪表板,https://dynamicycle.com/docs/articles-understanding-the-klaviyo-dashboard/
9974064152347,Understanding the Klaviyo home dashboard,https://help.klaviyo.com/hc/en-us/articles/9974064152347-Understanding-the-Klaviyo-home-dashboard,analytics-audience,49375234472219,Getting started with Klaviyo reporting,analytics-audience/Understanding-the-Klaviyo-home-dashboard-9974064152347.md,_source/articles/9974064152347.json,_source/articles/9974064152347.body.html,_source/rendered/9974064152347.html,yes,analytics-audience/Understanding-the-Klaviyo-home-dashboard.md,yes,10571,upload_meta_only,了解 Klaviyo 主页仪表板,
360043947571,Understanding the benefits of having a main list for each marketing channel,https://help.klaviyo.com/hc/en-us/articles/360043947571-Understanding-the-benefits-of-having-a-main-list-for-each-marketing-channel,analytics-audience,49375376184475,Getting started with lists and segments,analytics-audience/Understanding-the-benefits-of-having-a-main-list-for-each-marketing-channel-360043947571.md,_source/articles/360043947571.json,_source/articles/360043947571.body.html,_source/rendered/360043947571.html,yes,analytics-audience/Understanding-the-benefits-of-having-a-main-list-for-each-marketing-channel.md,yes,10671,upload_meta_only,了解为每个营销渠道提供主列表的好处,
115005061447,Understanding the difference between segments and lists,https://help.klaviyo.com/hc/en-us/articles/115005061447-Understanding-the-difference-between-segments-and-lists,analytics-audience,49375376184475,Getting started with lists and segments,analytics-audience/Understanding-the-difference-between-segments-and-lists-115005061447.md,_source/articles/115005061447.json,_source/articles/115005061447.body.html,_source/rendered/115005061447.html,yes,analytics-audience/Understanding-the-difference-between-segments-and-lists.md,yes,10940,publish,了解段和列表之间的区别,https://dynamicycle.com/docs/articles-understanding-the-difference-between-segments-and-lists/
115005251108,Understanding the double opt-in process,https://help.klaviyo.com/hc/en-us/articles/115005251108-Understanding-the-double-opt-in-process,analytics-audience,49375383465243,Build and use lists,analytics-audience/Understanding-the-double-opt-in-process-115005251108.md,_source/articles/115005251108.json,_source/articles/115005251108.body.html,_source/rendered/115005251108.html,yes,analytics-audience/Understanding-the-double-opt-in-process.md,yes,11390,publish,了解双重选择加入流程,https://dynamicycle.com/docs/articles-understanding-the-double-opt-in-process/
18378819907995,Understanding the email deliverability hub in Klaviyo,https://help.klaviyo.com/hc/en-us/articles/18378819907995-Understanding-the-email-deliverability-hub-in-Klaviyo,analytics-audience,49375672351515,Deliverability,analytics-audience/Understanding-the-email-deliverability-hub-in-Klaviyo-18378819907995.md,_source/articles/18378819907995.json,_source/articles/18378819907995.body.html,_source/rendered/18378819907995.html,yes,analytics-audience/Understanding-the-email-deliverability-hub-in-Klaviyo.md,yes,10508,upload_meta_only,了解 Klaviyo 中的电子邮件送达中心,
18631098703515,Understanding the experiments section,https://help.klaviyo.com/hc/en-us/articles/18631098703515-Understanding-the-experiments-section,analytics-audience,49375656806939,A/B tests,analytics-audience/Understanding-the-experiments-section-18631098703515.md,_source/articles/18631098703515.json,_source/articles/18631098703515.body.html,_source/rendered/18631098703515.html,yes,analytics-audience/Understanding-the-experiments-section.md,yes,10504,upload_meta_only,了解实验部分,
115005247028,Understanding the information section of a profile,https://help.klaviyo.com/hc/en-us/articles/115005247028-Understanding-the-information-section-of-a-profile,analytics-audience,49375415469339,Understand profiles,analytics-audience/Understanding-the-information-section-of-a-profile-115005247028.md,_source/articles/115005247028.json,_source/articles/115005247028.body.html,_source/rendered/115005247028.html,yes,analytics-audience/Understanding-the-information-section-of-a-profile.md,yes,11102,publish,了解个人资料的信息部分,https://dynamicycle.com/docs/articles-understanding-the-information-section-of-a-profile/
115005076387,Understanding the performance dashboard,https://help.klaviyo.com/hc/en-us/articles/115005076387-Understanding-the-performance-dashboard,analytics-audience,49375234472219,Getting started with Klaviyo reporting,analytics-audience/Understanding-the-performance-dashboard-115005076387.md,_source/articles/115005076387.json,_source/articles/115005076387.body.html,_source/rendered/115005076387.html,yes,analytics-audience/Understanding-the-performance-dashboard.md,yes,11031,publish,了解绩效仪表板,https://dynamicycle.com/docs/articles-understanding-the-performance-dashboard/
360039666832,Understanding the subscribed to list metric,https://help.klaviyo.com/hc/en-us/articles/360039666832-Understanding-the-subscribed-to-list-metric,analytics-audience,49375245825179,Metrics best practices,analytics-audience/Understanding-the-subscribed-to-list-metric-360039666832.md,_source/articles/360039666832.json,_source/articles/360039666832.body.html,_source/rendered/360039666832.html,yes,analytics-audience/Understanding-the-subscribed-to-list-metric.md,yes,10677,upload_meta_only,了解订阅列表指标,
115005085427,Understanding unique vs. total opens and clicks,https://help.klaviyo.com/hc/en-us/articles/115005085427-Understanding-unique-vs-total-opens-and-clicks,analytics-audience,49375268765851,Analyze email results,analytics-audience/Understanding-unique-vs.-total-opens-and-clicks-115005085427.md,_source/articles/115005085427.json,_source/articles/115005085427.body.html,_source/rendered/115005085427.html,yes,analytics-audience/Understanding-unique-vs.-total-opens-and-clicks.md,yes,11475,publish,了解独立打开次数与总打开次数和点击次数,https://dynamicycle.com/docs/articles-understanding-unique-vs-total-opens-and-clicks/
115005078267,Understanding unsubscribes and resubscribes,https://help.klaviyo.com/hc/en-us/articles/115005078267-Understanding-unsubscribes-and-resubscribes,analytics-audience,49375383465243,Build and use lists,analytics-audience/Understanding-unsubscribes-and-resubscribes-115005078267.md,_source/articles/115005078267.json,_source/articles/115005078267.body.html,_source/rendered/115005078267.html,yes,analytics-audience/Understanding-unsubscribes-and-resubscribes.md,yes,11274,publish,了解取消订阅和重新订阅,https://dynamicycle.com/docs/articles-understanding-unsubscribes-and-resubscribes/
115005073907,Understanding when and how Klaviyo sets a profile's location,https://help.klaviyo.com/hc/en-us/articles/115005073907-Understanding-when-and-how-Klaviyo-sets-a-profile-s-location,analytics-audience,49375415469339,Understand profiles,analytics-audience/Understanding-when-and-how-Klaviyo-sets-a-profile's-location-115005073907.md,_source/articles/115005073907.json,_source/articles/115005073907.body.html,_source/rendered/115005073907.html,yes,analytics-audience/Understanding-when-and-how-Klaviyo-sets-a-profile's-location.md,yes,11275,publish,了解 Klaviyo 何时以及如何设置配置文件的位置,https://dynamicycle.com/docs/articles-understanding-when-and-how-klaviyo-sets-a-profile-s-location/
22311212640027,Understanding when and how to use custom conversion metrics,https://help.klaviyo.com/hc/en-us/articles/22311212640027-Understanding-when-and-how-to-use-custom-conversion-metrics,analytics-audience,49375245825179,Metrics best practices,analytics-audience/Understanding-when-and-how-to-use-custom-conversion-metrics-22311212640027.md,_source/articles/22311212640027.json,_source/articles/22311212640027.body.html,_source/rendered/22311212640027.html,yes,analytics-audience/Understanding-when-and-how-to-use-custom-conversion-metrics.md,yes,10476,upload_meta_only,了解何时以及如何使用自定义转化指标,
45673762457243,Using RegEx matching in Segmentation,https://help.klaviyo.com/hc/en-us/articles/45673762457243-Using-RegEx-matching-in-Segmentation,analytics-audience,49375416013339,Build and use segments,analytics-audience/Using-RegEx-matching-in-Segmentation-45673762457243.md,_source/articles/45673762457243.json,_source/articles/45673762457243.body.html,_source/rendered/45673762457243.html,yes,analytics-audience/Using-RegEx-matching-in-Segmentation.md,yes,11371,publish,在分段中使用正则表达式匹配,https://dynamicycle.com/docs/articles-using-regex-matching-in-segmentation/
12887265114907,Using revenue per recipient to inform your marketing strategies ,https://help.klaviyo.com/hc/en-us/articles/12887265114907-Using-revenue-per-recipient-to-inform-your-marketing-strategies,analytics-audience,49375269321883,Email and flow strategies,analytics-audience/Using-revenue-per-recipient-to-inform-your-marketing-strategies-12887265114907.md,_source/articles/12887265114907.json,_source/articles/12887265114907.body.html,_source/rendered/12887265114907.html,yes,analytics-audience/Using-revenue-per-recipient-to-inform-your-marketing-strategies.md,yes,10560,upload_meta_only,使用每位收件人的收入来制定您的营销策略,
43671905324187,Automatically prevent over-messaging with omnichannel campaigns exit criteria,https://help.klaviyo.com/hc/en-us/articles/43671905324187-Automatically-prevent-over-messaging-with-omnichannel-campaigns-exit-criteria,campaigns,49375700794011,Getting started with campaigns,campaigns/Automatically-prevent-over-messaging-with-omnichannel-campaigns-exit-criteria-43671905324187.md,_source/articles/43671905324187.json,_source/articles/43671905324187.body.html,_source/rendered/43671905324187.html,yes,campaigns/Automatically-prevent-over-messaging-with-omnichannel-campaigns-exit-criteria.md,yes,10291,upload_meta_only,通过全渠道营销活动退出标准自动防止过度消息传递,
16853367294747,Basics: push notification best practices,https://help.klaviyo.com/hc/en-us/articles/16853367294747-Basics-push-notification-best-practices,campaigns,49375884050075,Push notification campaigns,campaigns/Basics-push-notification-best-practices-16853367294747.md,_source/articles/16853367294747.json,_source/articles/16853367294747.body.html,_source/rendered/16853367294747.html,yes,campaigns/Basics-push-notification-best-practices.md,yes,11238,publish,基础知识：推送通知最佳实践,https://dynamicycle.com/docs/articles-basics-push-notification-best-practices/
360045012632,Best practices for A/B testing reference,https://help.klaviyo.com/hc/en-us/articles/360045012632-Best-practices-for-A-B-testing-reference,campaigns,49375700794011,Getting started with campaigns,campaigns/Best-practices-for-AB-testing-reference-360045012632.md,_source/articles/360045012632.json,_source/articles/360045012632.body.html,_source/rendered/360045012632.html,yes,campaigns/Best-practices-for-AB-testing-reference.md,yes,11356,publish,A/B 测试参考最佳实践,https://dynamicycle.com/docs/articles-best-practices-for-a-b-testing-reference/
41401317013147,Difference between single message and omnichannel campaigns,https://help.klaviyo.com/hc/en-us/articles/41401317013147-Difference-between-single-message-and-omnichannel-campaigns,campaigns,49375700794011,Getting started with campaigns,campaigns/Difference-between-single-message-and-omnichannel-campaigns-41401317013147.md,_source/articles/41401317013147.json,_source/articles/41401317013147.body.html,_source/rendered/41401317013147.html,yes,campaigns/Difference-between-single-message-and-omnichannel-campaigns.md,yes,10312,upload_meta_only,单消息营销活动和全渠道营销活动之间的区别,
20445195483035,Frequently asked questions about push notification delivery,https://help.klaviyo.com/hc/en-us/articles/20445195483035-Frequently-asked-questions-about-push-notification-delivery,campaigns,49375884050075,Push notification campaigns,campaigns/Frequently-asked-questions-about-push-notification-delivery-20445195483035.md,_source/articles/20445195483035.json,_source/articles/20445195483035.body.html,_source/rendered/20445195483035.html,yes,campaigns/Frequently-asked-questions-about-push-notification-delivery.md,yes,11460,publish,有关推送通知传送的常见问题,https://dynamicycle.com/docs/articles-frequently-asked-questions-about-push-notification-delivery/
20582984332059,Frequently asked questions about push profiles and tokens,https://help.klaviyo.com/hc/en-us/articles/20582984332059-Frequently-asked-questions-about-push-profiles-and-tokens,campaigns,49375884050075,Push notification campaigns,campaigns/Frequently-asked-questions-about-push-profiles-and-tokens-20582984332059.md,_source/articles/20582984332059.json,_source/articles/20582984332059.body.html,_source/rendered/20582984332059.html,yes,campaigns/Frequently-asked-questions-about-push-profiles-and-tokens.md,yes,11462,publish,有关推送配置文件和令牌的常见问题,https://dynamicycle.com/docs/articles-frequently-asked-questions-about-push-profiles-and-tokens/
40939669530011,Getting started with omnichannel campaigns,https://help.klaviyo.com/hc/en-us/articles/40939669530011-Getting-started-with-omnichannel-campaigns,campaigns,49375700794011,Getting started with campaigns,campaigns/Getting-started-with-omnichannel-campaigns-40939669530011.md,_source/articles/40939669530011.json,_source/articles/40939669530011.body.html,_source/rendered/40939669530011.html,yes,campaigns/Getting-started-with-omnichannel-campaigns.md,yes,10318,upload_meta_only,全渠道营销活动入门,
115005228148,How to A/B test an email campaign,https://help.klaviyo.com/hc/en-us/articles/115005228148-How-to-A-B-test-an-email-campaign,campaigns,49375434864411,Getting started with email campaigns,campaigns/How-to-AB-test-an-email-campaign-115005228148.md,_source/articles/115005228148.json,_source/articles/115005228148.body.html,_source/rendered/115005228148.html,yes,campaigns/How-to-AB-test-an-email-campaign.md,yes,11104,publish,如何对电子邮件营销活动进行 A/B 测试,https://dynamicycle.com/docs/articles-how-to-a-b-test-an-email-campaign/
18596283143707,How to add a dynamic image to a push notification,https://help.klaviyo.com/hc/en-us/articles/18596283143707-How-to-add-a-dynamic-image-to-a-push-notification,campaigns,49375884050075,Push notification campaigns,campaigns/How-to-add-a-dynamic-image-to-a-push-notification-18596283143707.md,_source/articles/18596283143707.json,_source/articles/18596283143707.body.html,_source/rendered/18596283143707.html,yes,campaigns/How-to-add-a-dynamic-image-to-a-push-notification.md,yes,11409,publish,如何将动态图像添加到推送通知,https://dynamicycle.com/docs/articles-how-to-add-a-dynamic-image-to-a-push-notification/
115005085067,How to cancel a scheduled or sending campaign,https://help.klaviyo.com/hc/en-us/articles/115005085067-How-to-cancel-a-scheduled-or-sending-campaign,campaigns,49375700794011,Getting started with campaigns,campaigns/How-to-cancel-a-scheduled-or-sending-campaign-115005085067.md,_source/articles/115005085067.json,_source/articles/115005085067.body.html,_source/rendered/115005085067.html,yes,campaigns/How-to-cancel-a-scheduled-or-sending-campaign.md,yes,11218,publish,如何取消预定或发送的营销活动,https://dynamicycle.com/docs/articles-how-to-cancel-a-scheduled-or-sending-campaign/
22501501263899,How to change when a campaign's recipients are determined,https://help.klaviyo.com/hc/en-us/articles/22501501263899-How-to-change-when-a-campaign-s-recipients-are-determined,campaigns,49375700794011,Getting started with campaigns,campaigns/How-to-change-when-a-campaign's-recipients-are-determined-22501501263899.md,_source/articles/22501501263899.json,_source/articles/22501501263899.body.html,_source/rendered/22501501263899.html,yes,campaigns/How-to-change-when-a-campaign's-recipients-are-determined.md,yes,10474,upload_meta_only,如何更改营销活动收件人的确定时间,
19893982562203,How to create Google service account to enable push notifications,https://help.klaviyo.com/hc/en-us/articles/19893982562203-How-to-create-Google-service-account-to-enable-push-notifications,campaigns,49375884050075,Push notification campaigns,campaigns/How-to-create-Google-service-account-to-enable-push-notifications-19893982562203.md,_source/articles/19893982562203.json,_source/articles/19893982562203.body.html,_source/rendered/19893982562203.html,yes,campaigns/How-to-create-Google-service-account-to-enable-push-notifications.md,yes,11176,publish,如何创建 Google 服务帐户以启用推送通知,https://dynamicycle.com/docs/articles-how-to-create-google-service-account-to-enable-push-notifications/
38069585109787,How to create a multilingual email campaign using Smart Translations,https://help.klaviyo.com/hc/en-us/articles/38069585109787-How-to-create-a-multilingual-email-campaign-using-Smart-Translations,campaigns,49375435350811,Build and send email campaigns,campaigns/How-to-create-a-multilingual-email-campaign-using-Smart-Translations-38069585109787.md,_source/articles/38069585109787.json,_source/articles/38069585109787.body.html,_source/rendered/38069585109787.html,yes,campaigns/How-to-create-a-multilingual-email-campaign-using-Smart-Translations.md,yes,10349,upload_meta_only,如何使用智能翻译创建多语言电子邮件营销活动,
45609327372571,How to create a multilingual push notification campaign using Smart Translations,https://help.klaviyo.com/hc/en-us/articles/45609327372571-How-to-create-a-multilingual-push-notification-campaign-using-Smart-Translations,campaigns,49375884050075,Push notification campaigns,campaigns/How-to-create-a-multilingual-push-notification-campaign-using-Smart-Translations-45609327372571.md,_source/articles/45609327372571.json,_source/articles/45609327372571.body.html,_source/rendered/45609327372571.html,yes,campaigns/How-to-create-a-multilingual-push-notification-campaign-using-Smart-Translations.md,yes,10268,upload_meta_only,如何使用智能翻译创建多语言推送通知活动,
36126687448475,How to create a personalized campaign plan,https://help.klaviyo.com/hc/en-us/articles/36126687448475-How-to-create-a-personalized-campaign-plan,campaigns,49375700794011,Getting started with campaigns,campaigns/How-to-create-a-personalized-campaign-plan-36126687448475.md,_source/articles/36126687448475.json,_source/articles/36126687448475.body.html,_source/rendered/36126687448475.html,yes,campaigns/How-to-create-a-personalized-campaign-plan.md,yes,10360,upload_meta_only,如何制定个性化的营销活动计划,
35873493204251,How to create a segment in the campaign wizard,https://help.klaviyo.com/hc/en-us/articles/35873493204251-How-to-create-a-segment-in-the-campaign-wizard,campaigns,49375700794011,Getting started with campaigns,campaigns/How-to-create-a-segment-in-the-campaign-wizard-35873493204251.md,_source/articles/35873493204251.json,_source/articles/35873493204251.body.html,_source/rendered/35873493204251.html,yes,campaigns/How-to-create-a-segment-in-the-campaign-wizard.md,yes,10362,upload_meta_only,如何在营销活动向导中创建细分,
34567685177883,How to create an in-app form,https://help.klaviyo.com/hc/en-us/articles/34567685177883-How-to-create-an-in-app-form,campaigns,49375884050075,Push notification campaigns,campaigns/How-to-create-an-in-app-form-34567685177883.md,_source/articles/34567685177883.json,_source/articles/34567685177883.body.html,_source/rendered/34567685177883.html,yes,campaigns/How-to-create-an-in-app-form.md,yes,10378,upload_meta_only,如何创建应用内表单,
115005054847,How to create and send an email campaign,https://help.klaviyo.com/hc/en-us/articles/115005054847-How-to-create-and-send-an-email-campaign,campaigns,49375434864411,Getting started with email campaigns,campaigns/How-to-create-and-send-an-email-campaign-115005054847.md,_source/articles/115005054847.json,_source/articles/115005054847.body.html,_source/rendered/115005054847.html,yes,campaigns/How-to-create-and-send-an-email-campaign.md,yes,10828,publish,如何创建和发送电子邮件营销活动,https://dynamicycle.com/docs/articles-how-to-create-and-send-an-email-campaign/
46770313016987,How to create follow-up messages in omnichannel campaigns,https://help.klaviyo.com/hc/en-us/articles/46770313016987-How-to-create-follow-up-messages-in-omnichannel-campaigns,campaigns,49375435350811,Build and send email campaigns,campaigns/How-to-create-follow-up-messages-in-omnichannel-campaigns-46770313016987.md,_source/articles/46770313016987.json,_source/articles/46770313016987.body.html,_source/rendered/46770313016987.html,yes,campaigns/How-to-create-follow-up-messages-in-omnichannel-campaigns.md,yes,10249,upload_meta_only,如何在全渠道营销活动中创建后续消息,
115006199048,"How to delete, edit, view, or archive a campaign",https://help.klaviyo.com/hc/en-us/articles/115006199048-How-to-delete-edit-view-or-archive-a-campaign,campaigns,49375700794011,Getting started with campaigns,"campaigns/How-to-delete,-edit,-view,-or-archive-a-campaign-115006199048.md",_source/articles/115006199048.json,_source/articles/115006199048.body.html,_source/rendered/115006199048.html,yes,"campaigns/How-to-delete,-edit,-view,-or-archive-a-campaign.md",yes,11267,publish,如何删除、编辑、查看或存档营销活动,https://dynamicycle.com/docs/articles-how-to-delete-edit-view-or-archive-a-campaign/
4411545074203,How to edit or reschedule a campaign,https://help.klaviyo.com/hc/en-us/articles/4411545074203-How-to-edit-or-reschedule-a-campaign,campaigns,49375700794011,Getting started with campaigns,campaigns/How-to-edit-or-reschedule-a-campaign-4411545074203.md,_source/articles/4411545074203.json,_source/articles/4411545074203.body.html,_source/rendered/4411545074203.html,yes,campaigns/How-to-edit-or-reschedule-a-campaign.md,yes,11130,publish,如何编辑或重新安排营销活动,https://dynamicycle.com/docs/articles-how-to-edit-or-reschedule-a-campaign/
360007016571,How to exclude lists or segments from a campaign send,https://help.klaviyo.com/hc/en-us/articles/360007016571-How-to-exclude-lists-or-segments-from-a-campaign-send,campaigns,49375700794011,Getting started with campaigns,campaigns/How-to-exclude-lists-or-segments-from-a-campaign-send-360007016571.md,_source/articles/360007016571.json,_source/articles/360007016571.body.html,_source/rendered/360007016571.html,yes,campaigns/How-to-exclude-lists-or-segments-from-a-campaign-send.md,yes,11400,publish,如何从营销活动发送中排除列表或分段,https://dynamicycle.com/docs/articles-how-to-exclude-lists-or-segments-from-a-campaign-send/
9231956403611,How to exclude recent purchasers from a campaign,https://help.klaviyo.com/hc/en-us/articles/9231956403611-How-to-exclude-recent-purchasers-from-a-campaign,campaigns,49375700794011,Getting started with campaigns,campaigns/How-to-exclude-recent-purchasers-from-a-campaign-9231956403611.md,_source/articles/9231956403611.json,_source/articles/9231956403611.body.html,_source/rendered/9231956403611.html,yes,campaigns/How-to-exclude-recent-purchasers-from-a-campaign.md,yes,11373,publish,如何从活动中排除最近的购买者,https://dynamicycle.com/docs/articles-how-to-exclude-recent-purchasers-from-a-campaign/
115005257928,"How to include a follow-up email to resend a campaign to ""non-openers""",https://help.klaviyo.com/hc/en-us/articles/115005257928-How-to-include-a-follow-up-email-to-resend-a-campaign-to-non-openers,campaigns,49375435350811,Build and send email campaigns,campaigns/How-to-include-a-follow-up-email-to-resend-a-campaign-to-non-openers-115005257928.md,_source/articles/115005257928.json,_source/articles/115005257928.body.html,_source/rendered/115005257928.html,yes,campaigns/How-to-include-a-follow-up-email-to-resend-a-campaign-to-non-openers.md,yes,11305,publish,如何添加后续电子邮件以将营销活动重新发送给“未开启者”,https://dynamicycle.com/docs/articles-how-to-include-a-follow-up-email-to-resend-a-campaign-to-non-openers/
13769219837083,How to increase push notifications opens,https://help.klaviyo.com/hc/en-us/articles/13769219837083-How-to-increase-push-notifications-opens,campaigns,49375884050075,Push notification campaigns,campaigns/How-to-increase-push-notifications-opens-13769219837083.md,_source/articles/13769219837083.json,_source/articles/13769219837083.body.html,_source/rendered/13769219837083.html,yes,campaigns/How-to-increase-push-notifications-opens.md,yes,11434,publish,如何增加推送通知打开,https://dynamicycle.com/docs/articles-how-to-increase-push-notifications-opens/
360049073691,How to perform and analyze Smart Send Time tests,https://help.klaviyo.com/hc/en-us/articles/360049073691-How-to-perform-and-analyze-Smart-Send-Time-tests,campaigns,49375413332763,Test and analyze campaigns,campaigns/How-to-perform-and-analyze-Smart-Send-Time-tests-360049073691.md,_source/articles/360049073691.json,_source/articles/360049073691.body.html,_source/rendered/360049073691.html,yes,campaigns/How-to-perform-and-analyze-Smart-Send-Time-tests.md,yes,10663,upload_meta_only,如何执行和分析智能发送时间测试,
18011985278875,How to preview push notifications,https://help.klaviyo.com/hc/en-us/articles/18011985278875-How-to-preview-push-notifications,campaigns,49375884050075,Push notification campaigns,campaigns/How-to-preview-push-notifications-18011985278875.md,_source/articles/18011985278875.json,_source/articles/18011985278875.body.html,_source/rendered/18011985278875.html,yes,campaigns/How-to-preview-push-notifications.md,yes,11454,publish,如何预览推送通知,https://dynamicycle.com/docs/articles-how-to-preview-push-notifications/
10730779545883,How to resend a campaign that exceeded account sending limits,https://help.klaviyo.com/hc/en-us/articles/10730779545883-How-to-resend-a-campaign-that-exceeded-account-sending-limits,campaigns,49375421251483,Email campaign troubleshooting,campaigns/How-to-resend-a-campaign-that-exceeded-account-sending-limits-10730779545883.md,_source/articles/10730779545883.json,_source/articles/10730779545883.body.html,_source/rendered/10730779545883.html,yes,campaigns/How-to-resend-a-campaign-that-exceeded-account-sending-limits.md,yes,10878,publish,如何重新发送超出帐户发送限制的营销活动,https://dynamicycle.com/docs/articles-how-to-resend-a-campaign-that-exceeded-account-sending-limits/
115000931551,How to run a re-engagement email campaign,https://help.klaviyo.com/hc/en-us/articles/115000931551-How-to-run-a-re-engagement-email-campaign,campaigns,49375435350811,Build and send email campaigns,campaigns/How-to-run-a-re-engagement-email-campaign-115000931551.md,_source/articles/115000931551.json,_source/articles/115000931551.body.html,_source/rendered/115000931551.html,yes,campaigns/How-to-run-a-re-engagement-email-campaign.md,yes,11265,publish,如何开展重新参与电子邮件活动,https://dynamicycle.com/docs/articles-how-to-run-a-re-engagement-email-campaign/
115005227808,How to send a campaign to multiple lists or segments,https://help.klaviyo.com/hc/en-us/articles/115005227808-How-to-send-a-campaign-to-multiple-lists-or-segments,campaigns,49375700794011,Getting started with campaigns,campaigns/How-to-send-a-campaign-to-multiple-lists-or-segments-115005227808.md,_source/articles/115005227808.json,_source/articles/115005227808.body.html,_source/rendered/115005227808.html,yes,campaigns/How-to-send-a-campaign-to-multiple-lists-or-segments.md,yes,11105,publish,如何将营销活动发送到多个列表或细分,https://dynamicycle.com/docs/articles-how-to-send-a-campaign-to-multiple-lists-or-segments/
360006653972,How to send a push notification campaign,https://help.klaviyo.com/hc/en-us/articles/360006653972-How-to-send-a-push-notification-campaign,campaigns,49375884050075,Push notification campaigns,campaigns/How-to-send-a-push-notification-campaign-360006653972.md,_source/articles/360006653972.json,_source/articles/360006653972.body.html,_source/rendered/360006653972.html,yes,campaigns/How-to-send-a-push-notification-campaign.md,yes,11334,publish,如何发送推送通知活动,https://dynamicycle.com/docs/articles-how-to-send-a-push-notification-campaign/
14750928993307,How to set up Android push notifications,https://help.klaviyo.com/hc/en-us/articles/14750928993307-How-to-set-up-Android-push-notifications,campaigns,49375884050075,Push notification campaigns,campaigns/How-to-set-up-Android-push-notifications-14750928993307.md,_source/articles/14750928993307.json,_source/articles/14750928993307.body.html,_source/rendered/14750928993307.html,yes,campaigns/How-to-set-up-Android-push-notifications.md,yes,11050,publish,如何设置 Android 推送通知,https://dynamicycle.com/docs/articles-how-to-set-up-android-push-notifications/
360023213971,How to set up iOS push notifications,https://help.klaviyo.com/hc/en-us/articles/360023213971-How-to-set-up-iOS-push-notifications,campaigns,49375884050075,Push notification campaigns,campaigns/How-to-set-up-iOS-push-notifications-360023213971.md,_source/articles/360023213971.json,_source/articles/360023213971.body.html,_source/rendered/360023213971.html,yes,campaigns/How-to-set-up-iOS-push-notifications.md,yes,11008,publish,如何设置 iOS 推送通知,https://dynamicycle.com/docs/articles-how-to-set-up-ios-push-notifications/
41701832186523,How to set up iOS universal links and Android App Links,https://help.klaviyo.com/hc/en-us/articles/41701832186523-How-to-set-up-iOS-universal-links-and-Android-App-Links,campaigns,49375884050075,Push notification campaigns,campaigns/How-to-set-up-iOS-universal-links-and-Android-App-Links-41701832186523.md,_source/articles/41701832186523.json,_source/articles/41701832186523.body.html,_source/rendered/41701832186523.html,yes,campaigns/How-to-set-up-iOS-universal-links-and-Android-App-Links.md,yes,10308,upload_meta_only,如何设置iOS通用链接和Android应用程序链接,
22344173696539,How to set up push notifications for a React Native app,https://help.klaviyo.com/hc/en-us/articles/22344173696539-How-to-set-up-push-notifications-for-a-React-Native-app,campaigns,49375884050075,Push notification campaigns,campaigns/How-to-set-up-push-notifications-for-a-React-Native-app-22344173696539.md,_source/articles/22344173696539.json,_source/articles/22344173696539.body.html,_source/rendered/22344173696539.html,yes,campaigns/How-to-set-up-push-notifications-for-a-React-Native-app.md,yes,11117,publish,如何为 React Native 应用程序设置推送通知,https://dynamicycle.com/docs/articles-how-to-set-up-push-notifications-for-a-react-native-app/
28242227715227,How to use Email AI to draft an email campaign,https://help.klaviyo.com/hc/en-us/articles/28242227715227-How-to-use-Email-AI-to-draft-an-email-campaign,campaigns,49375434864411,Getting started with email campaigns,campaigns/How-to-use-Email-AI-to-draft-an-email-campaign-28242227715227.md,_source/articles/28242227715227.json,_source/articles/28242227715227.body.html,_source/rendered/28242227715227.html,yes,campaigns/How-to-use-Email-AI-to-draft-an-email-campaign.md,yes,10421,upload_meta_only,如何使用 Email AI 起草电子邮件营销活动,
5051278887835,How to use Klaviyo’s subject line assistant,https://help.klaviyo.com/hc/en-us/articles/5051278887835-How-to-use-Klaviyo-s-subject-line-assistant,campaigns,49375435350811,Build and send email campaigns,campaigns/How-to-use-Klaviyo’s-subject-line-assistant-5051278887835.md,_source/articles/5051278887835.json,_source/articles/5051278887835.body.html,_source/rendered/5051278887835.html,yes,campaigns/How-to-use-Klaviyo’s-subject-line-assistant.md,yes,11321,publish,如何使用 Klaviyo 的主题行助手,https://dynamicycle.com/docs/articles-how-to-use-klaviyo-s-subject-line-assistant/
14750403974043,How to use deep links in push notifications,https://help.klaviyo.com/hc/en-us/articles/14750403974043-How-to-use-deep-links-in-push-notifications,campaigns,49375884050075,Push notification campaigns,campaigns/How-to-use-deep-links-in-push-notifications-14750403974043.md,_source/articles/14750403974043.json,_source/articles/14750403974043.body.html,_source/rendered/14750403974043.html,no,,no,,not_uploaded,,
18681129051803,"How to use email, SMS, and push together",https://help.klaviyo.com/hc/en-us/articles/18681129051803-How-to-use-email-SMS-and-push-together,campaigns,49375884050075,Push notification campaigns,"campaigns/How-to-use-email,-SMS,-and-push-together-18681129051803.md",_source/articles/18681129051803.json,_source/articles/18681129051803.body.html,_source/rendered/18681129051803.html,yes,"campaigns/How-to-use-email,-SMS,-and-push-together.md",yes,11456,publish,如何同时使用电子邮件、短信和推送,https://dynamicycle.com/docs/articles-how-to-use-email-sms-and-push-together/
115005257828,How to use tags to organize campaigns,https://help.klaviyo.com/hc/en-us/articles/115005257828-How-to-use-tags-to-organize-campaigns,campaigns,49375700794011,Getting started with campaigns,campaigns/How-to-use-tags-to-organize-campaigns-115005257828.md,_source/articles/115005257828.json,_source/articles/115005257828.body.html,_source/rendered/115005257828.html,yes,campaigns/How-to-use-tags-to-organize-campaigns.md,yes,11419,publish,如何使用标签来组织营销活动,https://dynamicycle.com/docs/articles-how-to-use-tags-to-organize-campaigns/
14508495654427,How to use the campaign calendar,https://help.klaviyo.com/hc/en-us/articles/14508495654427-How-to-use-the-campaign-calendar,campaigns,49375700794011,Getting started with campaigns,campaigns/How-to-use-the-campaign-calendar-14508495654427.md,_source/articles/14508495654427.json,_source/articles/14508495654427.body.html,_source/rendered/14508495654427.html,yes,campaigns/How-to-use-the-campaign-calendar.md,yes,10872,publish,如何使用活动日历,https://dynamicycle.com/docs/articles-how-to-use-the-campaign-calendar/
30892315134747,How to use the campaigns library,https://help.klaviyo.com/hc/en-us/articles/30892315134747-How-to-use-the-campaigns-library,campaigns,49375700794011,Getting started with campaigns,campaigns/How-to-use-the-campaigns-library-30892315134747.md,_source/articles/30892315134747.json,_source/articles/30892315134747.body.html,_source/rendered/30892315134747.html,yes,campaigns/How-to-use-the-campaigns-library.md,yes,10408,upload_meta_only,如何使用营销活动库,
115005089467,How to use the email campaigns trend report,https://help.klaviyo.com/hc/en-us/articles/115005089467-How-to-use-the-email-campaigns-trend-report,campaigns,49375413332763,Test and analyze campaigns,campaigns/How-to-use-the-email-campaigns-trend-report-115005089467.md,_source/articles/115005089467.json,_source/articles/115005089467.body.html,_source/rendered/115005089467.html,yes,campaigns/How-to-use-the-email-campaigns-trend-report.md,yes,11019,publish,如何使用电子邮件营销活动趋势报告,https://dynamicycle.com/docs/articles-how-to-use-the-email-campaigns-trend-report/
360040327431,"How to view, filter, and sort your campaigns",https://help.klaviyo.com/hc/en-us/articles/360040327431-How-to-view-filter-and-sort-your-campaigns,campaigns,49375700794011,Getting started with campaigns,"campaigns/How-to-view,-filter,-and-sort-your-campaigns-360040327431.md",_source/articles/360040327431.json,_source/articles/360040327431.body.html,_source/rendered/360040327431.html,yes,"campaigns/How-to-view,-filter,-and-sort-your-campaigns.md",yes,11003,publish,如何查看、过滤和排序您的营销活动,https://dynamicycle.com/docs/articles-how-to-view-filter-and-sort-your-campaigns/
22334048422683,Introduction to mobile push notifications,https://help.klaviyo.com/hc/en-us/articles/22334048422683-Introduction-to-mobile-push-notifications,campaigns,49375884050075,Push notification campaigns,campaigns/Introduction-to-mobile-push-notifications-22334048422683.md,_source/articles/22334048422683.json,_source/articles/22334048422683.body.html,_source/rendered/22334048422683.html,yes,campaigns/Introduction-to-mobile-push-notifications.md,yes,10856,publish,移动推送通知简介,https://dynamicycle.com/docs/articles-introduction-to-mobile-push-notifications/
21997060301979,Push notification glossary,https://help.klaviyo.com/hc/en-us/articles/21997060301979-Push-notification-glossary,campaigns,49375884050075,Push notification campaigns,campaigns/Push-notification-glossary-21997060301979.md,_source/articles/21997060301979.json,_source/articles/21997060301979.body.html,_source/rendered/21997060301979.html,yes,campaigns/Push-notification-glossary.md,yes,10481,upload_meta_only,推送通知术语表,
115005258268,Troubleshooting skipped profiles in email campaigns,https://help.klaviyo.com/hc/en-us/articles/115005258268-Troubleshooting-skipped-profiles-in-email-campaigns,campaigns,49375421251483,Email campaign troubleshooting,campaigns/Troubleshooting-skipped-profiles-in-email-campaigns-115005258268.md,_source/articles/115005258268.json,_source/articles/115005258268.body.html,_source/rendered/115005258268.html,yes,campaigns/Troubleshooting-skipped-profiles-in-email-campaigns.md,yes,10803,publish,对电子邮件营销活动中跳过的配置文件进行故障排除,https://dynamicycle.com/docs/articles-troubleshooting-skipped-profiles-in-email-campaigns/
15594685536539,Understand push notification delivery,https://help.klaviyo.com/hc/en-us/articles/15594685536539-Understand-push-notification-delivery,campaigns,49375884050075,Push notification campaigns,campaigns/Understand-push-notification-delivery-15594685536539.md,_source/articles/15594685536539.json,_source/articles/15594685536539.body.html,_source/rendered/15594685536539.html,yes,campaigns/Understand-push-notification-delivery.md,yes,11427,publish,了解推送通知传递,https://dynamicycle.com/docs/articles-understand-push-notification-delivery/
44273596909595,Understanding Audience Filters in Omnichannel Campaigns,https://help.klaviyo.com/hc/en-us/articles/44273596909595-Understanding-Audience-Filters-in-Omnichannel-Campaigns,campaigns,49375435350811,Build and send email campaigns,campaigns/Understanding-Audience-Filters-in-Omnichannel-Campaigns-44273596909595.md,_source/articles/44273596909595.json,_source/articles/44273596909595.body.html,_source/rendered/44273596909595.html,yes,campaigns/Understanding-Audience-Filters-in-Omnichannel-Campaigns.md,yes,10288,upload_meta_only,了解全渠道营销活动中的受众过滤器,
360029794371,Understanding Smart Send Time in Klaviyo,https://help.klaviyo.com/hc/en-us/articles/360029794371-Understanding-Smart-Send-Time-in-Klaviyo,campaigns,49375413332763,Test and analyze campaigns,campaigns/Understanding-Smart-Send-Time-in-Klaviyo-360029794371.md,_source/articles/360029794371.json,_source/articles/360029794371.body.html,_source/rendered/360029794371.html,yes,campaigns/Understanding-Smart-Send-Time-in-Klaviyo.md,yes,11205,publish,了解 Klaviyo 中的智能发送时间,https://dynamicycle.com/docs/articles-understanding-smart-send-time-in-klaviyo/
14719736311067,Understanding campaign calendar options,https://help.klaviyo.com/hc/en-us/articles/14719736311067-Understanding-campaign-calendar-options,campaigns,49375700794011,Getting started with campaigns,campaigns/Understanding-campaign-calendar-options-14719736311067.md,_source/articles/14719736311067.json,_source/articles/14719736311067.body.html,_source/rendered/14719736311067.html,yes,campaigns/Understanding-campaign-calendar-options.md,yes,11282,publish,了解营销活动日历选项,https://dynamicycle.com/docs/articles-understanding-campaign-calendar-options/
360050216012,Understanding campaign schedule and send options,https://help.klaviyo.com/hc/en-us/articles/360050216012-Understanding-campaign-schedule-and-send-options,campaigns,49375700794011,Getting started with campaigns,campaigns/Understanding-campaign-schedule-and-send-options-360050216012.md,_source/articles/360050216012.json,_source/articles/360050216012.body.html,_source/rendered/360050216012.html,yes,campaigns/Understanding-campaign-schedule-and-send-options.md,yes,10653,upload_meta_only,了解活动时间表和发送选项,
9755086953371,Understanding email throttling,https://help.klaviyo.com/hc/en-us/articles/9755086953371-Understanding-email-throttling,campaigns,49375421251483,Email campaign troubleshooting,campaigns/Understanding-email-throttling-9755086953371.md,_source/articles/9755086953371.json,_source/articles/9755086953371.body.html,_source/rendered/9755086953371.html,yes,campaigns/Understanding-email-throttling.md,yes,10971,publish,了解电子邮件限制,https://dynamicycle.com/docs/articles-understanding-email-throttling/
34603509978907,Understanding in-app forms,https://help.klaviyo.com/hc/en-us/articles/34603509978907-Understanding-in-app-forms,campaigns,49375884050075,Push notification campaigns,campaigns/Understanding-in-app-forms-34603509978907.md,_source/articles/34603509978907.json,_source/articles/34603509978907.body.html,_source/rendered/34603509978907.html,yes,campaigns/Understanding-in-app-forms.md,yes,10376,upload_meta_only,了解应用内表单,
34331971195675,Understanding key-value pairs,https://help.klaviyo.com/hc/en-us/articles/34331971195675-Understanding-key-value-pairs,campaigns,49375884050075,Push notification campaigns,campaigns/Understanding-key-value-pairs-34331971195675.md,_source/articles/34331971195675.json,_source/articles/34331971195675.body.html,_source/rendered/34331971195675.html,yes,campaigns/Understanding-key-value-pairs.md,yes,11441,publish,了解键值对,https://dynamicycle.com/docs/articles-understanding-key-value-pairs/
28753430257435,Understanding mobile push notification performance,https://help.klaviyo.com/hc/en-us/articles/28753430257435-Understanding-mobile-push-notification-performance,campaigns,49375884050075,Push notification campaigns,campaigns/Understanding-mobile-push-notification-performance-28753430257435.md,_source/articles/28753430257435.json,_source/articles/28753430257435.body.html,_source/rendered/28753430257435.html,yes,campaigns/Understanding-mobile-push-notification-performance.md,yes,11448,publish,了解移动推送通知性能,https://dynamicycle.com/docs/articles-understanding-mobile-push-notification-performance/
14781686592283,Understanding push notification consent,https://help.klaviyo.com/hc/en-us/articles/14781686592283-Understanding-push-notification-consent,campaigns,49375884050075,Push notification campaigns,campaigns/Understanding-push-notification-consent-14781686592283.md,_source/articles/14781686592283.json,_source/articles/14781686592283.body.html,_source/rendered/14781686592283.html,no,,no,,not_uploaded,,
16917302437275,Understanding rich push notifications,https://help.klaviyo.com/hc/en-us/articles/16917302437275-Understanding-rich-push-notifications,campaigns,49375884050075,Push notification campaigns,campaigns/Understanding-rich-push-notifications-16917302437275.md,_source/articles/16917302437275.json,_source/articles/16917302437275.body.html,_source/rendered/16917302437275.html,yes,campaigns/Understanding-rich-push-notifications.md,yes,11393,publish,了解丰富的推送通知,https://dynamicycle.com/docs/articles-understanding-rich-push-notifications/
34331926591003,Understanding silent push notifications,https://help.klaviyo.com/hc/en-us/articles/34331926591003-Understanding-silent-push-notifications,campaigns,49375884050075,Push notification campaigns,campaigns/Understanding-silent-push-notifications-34331926591003.md,_source/articles/34331926591003.json,_source/articles/34331926591003.body.html,_source/rendered/34331926591003.html,yes,campaigns/Understanding-silent-push-notifications.md,yes,11347,publish,了解静默推送通知,https://dynamicycle.com/docs/articles-understanding-silent-push-notifications/
360052793012,Understanding statistical significance in Klaviyo campaigns,https://help.klaviyo.com/hc/en-us/articles/360052793012-Understanding-statistical-significance-in-Klaviyo-campaigns,campaigns,49375700794011,Getting started with campaigns,campaigns/Understanding-statistical-significance-in-Klaviyo-campaigns-360052793012.md,_source/articles/360052793012.json,_source/articles/360052793012.body.html,_source/rendered/360052793012.html,yes,campaigns/Understanding-statistical-significance-in-Klaviyo-campaigns.md,yes,11328,publish,了解 Klaviyo 活动中的统计显着性,https://dynamicycle.com/docs/articles-understanding-statistical-significance-in-klaviyo-campaigns/
12932500186907,Understanding your push notification settings,https://help.klaviyo.com/hc/en-us/articles/12932500186907-Understanding-your-push-notification-settings,campaigns,49375884050075,Push notification campaigns,campaigns/Understanding-your-push-notification-settings-12932500186907.md,_source/articles/12932500186907.json,_source/articles/12932500186907.body.html,_source/rendered/12932500186907.html,yes,campaigns/Understanding-your-push-notification-settings.md,yes,11283,publish,了解您的推送通知设置,https://dynamicycle.com/docs/articles-understanding-your-push-notification-settings/
44513639011099,Use mobile optimization in Klaviyo Sign-up Forms,https://help.klaviyo.com/hc/en-us/articles/44513639011099-Use-mobile-optimization-in-Klaviyo-Sign-up-Forms,campaigns,49375421843483,Email campaigns,campaigns/Use-mobile-optimization-in-Klaviyo-Sign-up-Forms-44513639011099.md,_source/articles/44513639011099.json,_source/articles/44513639011099.body.html,_source/rendered/44513639011099.html,yes,campaigns/Use-mobile-optimization-in-Klaviyo-Sign-up-Forms.md,yes,10280,upload_meta_only,在 Klaviyo 注册表单中使用移动优化,
4406592127515,About BIMI,https://help.klaviyo.com/hc/en-us/articles/4406592127515-About-BIMI,content,49375572515355,Design best practices,content/About-BIMI-4406592127515.md,_source/articles/4406592127515.json,_source/articles/4406592127515.body.html,_source/rendered/4406592127515.html,yes,content/About-BIMI.md,yes,11189,publish,关于BIMI,https://dynamicycle.com/docs/articles-about-bimi/
115005253688,About email images best practices,https://help.klaviyo.com/hc/en-us/articles/115005253688-About-email-images-best-practices,content,49375572515355,Design best practices,content/About-email-images-best-practices-115005253688.md,_source/articles/115005253688.json,_source/articles/115005253688.body.html,_source/rendered/115005253688.html,yes,content/About-email-images-best-practices.md,yes,11367,publish,关于电子邮件图像最佳实践,https://dynamicycle.com/docs/articles-about-email-images-best-practices/
48461666134939,About the upgrade to Klaviyo's text only editor,https://help.klaviyo.com/hc/en-us/articles/48461666134939-About-the-upgrade-to-Klaviyo-s-text-only-editor,content,49375559270427,Build and use templates,content/About-the-upgrade-to-Klaviyo's-text-only-editor-48461666134939.md,_source/articles/48461666134939.json,_source/articles/48461666134939.body.html,_source/rendered/48461666134939.html,yes,content/About-the-upgrade-to-Klaviyo's-text-only-editor.md,yes,10228,upload_meta_only,关于升级到 Klaviyo 的纯文本编辑器,
49469198235419,About the upgrade to text editing in Klaviyo's Drag and Drop editor,https://help.klaviyo.com/hc/en-us/articles/49469198235419-About-the-upgrade-to-text-editing-in-Klaviyo-s-Drag-and-Drop-editor,content,14543554717467,Templates,content/About-the-upgrade-to-text-editing-in-Klaviyo's-Drag-and-Drop-editor-49469198235419.md,_source/articles/49469198235419.json,_source/articles/49469198235419.body.html,_source/rendered/49469198235419.html,yes,content/About-the-upgrade-to-text-editing-in-Klaviyo's-Drag-and-Drop-editor.md,yes,10221,upload_meta_only,关于 Klaviyo 拖放编辑器中文本编辑的升级,
49460040208539,About the upgrade to text editing in Klaviyo's Drag and Drop editor,https://help.klaviyo.com/hc/en-us/articles/49460040208539-About-the-upgrade-to-text-editing-in-Klaviyo-s-Drag-and-Drop-editor,content,14543554717467,Templates,content/About-the-upgrade-to-text-editing-in-Klaviyo's-Drag-and-Drop-editor-49460040208539.md,_source/articles/49460040208539.json,_source/articles/49460040208539.body.html,,yes,content/About-the-upgrade-to-text-editing-in-Klaviyo's-Drag-and-Drop-editor.md,yes,10222,upload_meta_only,关于 Klaviyo 拖放编辑器中文本编辑的升级,
360034711931,Accessibility in emails and forms best practice reference,https://help.klaviyo.com/hc/en-us/articles/360034711931-Accessibility-in-emails-and-forms-best-practice-reference,content,49375572515355,Design best practices,content/Accessibility-in-emails-and-forms-best-practice-reference-360034711931.md,_source/articles/360034711931.json,_source/articles/360034711931.body.html,_source/rendered/360034711931.html,yes,content/Accessibility-in-emails-and-forms-best-practice-reference.md,yes,11295,publish,电子邮件和表单中的可访问性最佳实践参考,https://dynamicycle.com/docs/articles-accessibility-in-emails-and-forms-best-practice-reference/
50223235904411,Add Custom Questions to your Social Auto-reply,https://help.klaviyo.com/hc/en-us/articles/50223235904411-Add-Custom-Questions-to-your-Social-Auto-reply,content,50168641809051,Social Auto-replies,content/Add-Custom-Questions-to-your-Social-Auto-reply-50223235904411.md,_source/articles/50223235904411.json,_source/articles/50223235904411.body.html,_source/rendered/50223235904411.html,yes,content/Add-Custom-Questions-to-your-Social-Auto-reply.md,yes,10199,upload_meta_only,将自定义问题添加到您的社交自动回复中,
360020651191,Brand design reference,https://help.klaviyo.com/hc/en-us/articles/360020651191-Brand-design-reference,content,49375572515355,Design best practices,content/Brand-design-reference-360020651191.md,_source/articles/360020651191.json,_source/articles/360020651191.body.html,_source/rendered/360020651191.html,yes,content/Brand-design-reference.md,yes,11415,publish,品牌设计参考,https://dynamicycle.com/docs/articles-brand-design-reference/
360004785571,Catalog lookup tag reference,https://help.klaviyo.com/hc/en-us/articles/360004785571-Catalog-lookup-tag-reference,content,49375624479003,Getting started with products,content/Catalog-lookup-tag-reference-360004785571.md,_source/articles/360004785571.json,_source/articles/360004785571.body.html,_source/rendered/360004785571.html,yes,content/Catalog-lookup-tag-reference.md,yes,10909,publish,目录查找标签参考,https://dynamicycle.com/docs/articles-catalog-lookup-tag-reference/
50674179087259,Comment on emails in the drag-and-drop editor,https://help.klaviyo.com/hc/en-us/articles/50674179087259-Comment-on-emails-in-the-drag-and-drop-editor,content,49375507646363,Getting started with templates,content/Comment-on-emails-in-the-drag-and-drop-editor-50674179087259.md,_source/articles/50674179087259.json,_source/articles/50674179087259.body.html,_source/rendered/50674179087259.html,yes,content/Comment-on-emails-in-the-drag-and-drop-editor.md,yes,10188,upload_meta_only,在拖放编辑器中对电子邮件发表评论,
7655926841499,Conditional logic reference for templates,https://help.klaviyo.com/hc/en-us/articles/7655926841499-Conditional-logic-reference-for-templates,content,49375545220123,Use variable syntax and tags,content/Conditional-logic-reference-for-templates-7655926841499.md,_source/articles/7655926841499.json,_source/articles/7655926841499.body.html,_source/rendered/7655926841499.html,yes,content/Conditional-logic-reference-for-templates.md,yes,10976,publish,模板的条件逻辑参考,https://dynamicycle.com/docs/articles-conditional-logic-reference-for-templates/
50223235019675,Connect Instagram to Klaviyo,https://help.klaviyo.com/hc/en-us/articles/50223235019675-Connect-Instagram-to-Klaviyo,content,50131245341723,Getting started with Social Marketing,content/Connect-Instagram-to-Klaviyo-50223235019675.md,_source/articles/50223235019675.json,_source/articles/50223235019675.body.html,_source/rendered/50223235019675.html,yes,content/Connect-Instagram-to-Klaviyo.md,yes,10200,upload_meta_only,将 Instagram 连接至 Klaviyo,
360049181631,Dark mode email design best practices,https://help.klaviyo.com/hc/en-us/articles/360049181631-Dark-mode-email-design-best-practices,content,49375572515355,Design best practices,content/Dark-mode-email-design-best-practices-360049181631.md,_source/articles/360049181631.json,_source/articles/360049181631.body.html,_source/rendered/360049181631.html,yes,content/Dark-mode-email-design-best-practices.md,yes,10999,publish,深色模式电子邮件设计最佳实践,https://dynamicycle.com/docs/articles-dark-mode-email-design-best-practices/
115005257788,Date personalization in templates reference,https://help.klaviyo.com/hc/en-us/articles/115005257788-Date-personalization-in-templates-reference,content,49375545220123,Use variable syntax and tags,content/Date-personalization-in-templates-reference-115005257788.md,_source/articles/115005257788.json,_source/articles/115005257788.body.html,_source/rendered/115005257788.html,yes,content/Date-personalization-in-templates-reference.md,yes,11307,publish,模板参考中的日期个性化,https://dynamicycle.com/docs/articles-date-personalization-in-templates-reference/
37711720137755,Frequently asked questions about custom objects,https://help.klaviyo.com/hc/en-us/articles/37711720137755-Frequently-asked-questions-about-custom-objects,content,49375872847131,Getting started with objects,content/Frequently-asked-questions-about-custom-objects-37711720137755.md,_source/articles/37711720137755.json,_source/articles/37711720137755.body.html,_source/rendered/37711720137755.html,yes,content/Frequently-asked-questions-about-custom-objects.md,yes,10835,publish,有关自定义对象的常见问题,https://dynamicycle.com/docs/articles-frequently-asked-questions-about-custom-objects/
48509573327515,Getting started with Canva for email,https://help.klaviyo.com/hc/en-us/articles/48509573327515-Getting-started-with-Canva-for-email,content,49375559270427,Build and use templates,content/Getting-started-with-Canva-for-email-48509573327515.md,_source/articles/48509573327515.json,_source/articles/48509573327515.body.html,_source/rendered/48509573327515.html,yes,content/Getting-started-with-Canva-for-email.md,yes,10227,upload_meta_only,开始使用 Canva 发送电子邮件,
115005084727,Getting started with coupon codes in Klaviyo,https://help.klaviyo.com/hc/en-us/articles/115005084727-Getting-started-with-coupon-codes-in-Klaviyo,content,49375550228763,Getting started with coupons,content/Getting-started-with-coupon-codes-in-Klaviyo-115005084727.md,_source/articles/115005084727.json,_source/articles/115005084727.body.html,_source/rendered/115005084727.html,yes,content/Getting-started-with-coupon-codes-in-Klaviyo.md,yes,11219,publish,Klaviyo 优惠券代码入门,https://dynamicycle.com/docs/articles-getting-started-with-coupon-codes-in-klaviyo/
35105337172123,Getting started with custom objects,https://help.klaviyo.com/hc/en-us/articles/35105337172123-Getting-started-with-custom-objects,content,49375872847131,Getting started with objects,content/Getting-started-with-custom-objects-35105337172123.md,_source/articles/35105337172123.json,_source/articles/35105337172123.body.html,_source/rendered/35105337172123.html,yes,content/Getting-started-with-custom-objects.md,yes,10371,upload_meta_only,自定义对象入门,
4407911841435,Guide to the email template editor,https://help.klaviyo.com/hc/en-us/articles/4407911841435-Guide-to-the-email-template-editor,content,49375559270427,Build and use templates,content/Guide-to-the-email-template-editor-4407911841435.md,_source/articles/4407911841435.json,_source/articles/4407911841435.body.html,_source/rendered/4407911841435.html,yes,content/Guide-to-the-email-template-editor.md,yes,10886,publish,电子邮件模板编辑器指南,https://dynamicycle.com/docs/articles-guide-to-the-email-template-editor/
115005255968,How to add a background image to an email template or section,https://help.klaviyo.com/hc/en-us/articles/115005255968-How-to-add-a-background-image-to-an-email-template-or-section,content,49375507646363,Getting started with templates,content/How-to-add-a-background-image-to-an-email-template-or-section-115005255968.md,_source/articles/115005255968.json,_source/articles/115005255968.body.html,_source/rendered/115005255968.html,yes,content/How-to-add-a-background-image-to-an-email-template-or-section.md,yes,11308,publish,如何将背景图像添加到电子邮件模板或部分,https://dynamicycle.com/docs/articles-how-to-add-a-background-image-to-an-email-template-or-section/
115000780232,How to add a countdown timer to an email,https://help.klaviyo.com/hc/en-us/articles/115000780232-How-to-add-a-countdown-timer-to-an-email,content,49375572515355,Design best practices,content/How-to-add-a-countdown-timer-to-an-email-115000780232.md,_source/articles/115000780232.json,_source/articles/115000780232.body.html,_source/rendered/115000780232.html,yes,content/How-to-add-a-countdown-timer-to-an-email.md,yes,11338,publish,如何在电子邮件中添加倒计时器,https://dynamicycle.com/docs/articles-how-to-add-a-countdown-timer-to-an-email/
115005258768,How to add a custom web feed in an email,https://help.klaviyo.com/hc/en-us/articles/115005258768-How-to-add-a-custom-web-feed-in-an-email,content,49375625008283,Build and use products ,content/How-to-add-a-custom-web-feed-in-an-email-115005258768.md,_source/articles/115005258768.json,_source/articles/115005258768.body.html,_source/rendered/115005258768.html,yes,content/How-to-add-a-custom-web-feed-in-an-email.md,yes,11340,publish,如何在电子邮件中添加自定义网络源,https://dynamicycle.com/docs/articles-how-to-add-a-custom-web-feed-in-an-email/
11613154130843,"How to add a first name to an email, SMS, or push message",https://help.klaviyo.com/hc/en-us/articles/11613154130843-How-to-add-a-first-name-to-an-email-SMS-or-push-message,content,49375545220123,Use variable syntax and tags,"content/How-to-add-a-first-name-to-an-email,-SMS,-or-push-message-11613154130843.md",_source/articles/11613154130843.json,_source/articles/11613154130843.body.html,_source/rendered/11613154130843.html,yes,"content/How-to-add-a-first-name-to-an-email,-SMS,-or-push-message.md",yes,10563,upload_meta_only,如何将名字添加到电子邮件、短信或推送消息中,
115005253088,How to add a link that applies a coupon code to a Shopify cart,https://help.klaviyo.com/hc/en-us/articles/115005253088-How-to-add-a-link-that-applies-a-coupon-code-to-a-Shopify-cart,content,49375551401115,Coupons and ecommerce integrations,content/How-to-add-a-link-that-applies-a-coupon-code-to-a-Shopify-cart-115005253088.md,_source/articles/115005253088.json,_source/articles/115005253088.body.html,_source/rendered/115005253088.html,yes,content/How-to-add-a-link-that-applies-a-coupon-code-to-a-Shopify-cart.md,yes,10932,publish,如何添加将优惠券代码应用到 Shopify 购物车的链接,https://dynamicycle.com/docs/articles-how-to-add-a-link-that-applies-a-coupon-code-to-a-shopify-cart/
115005085147,How to add a link to an email address or phone number,https://help.klaviyo.com/hc/en-us/articles/115005085147-How-to-add-a-link-to-an-email-address-or-phone-number,content,49375559270427,Build and use templates,content/How-to-add-a-link-to-an-email-address-or-phone-number-115005085147.md,_source/articles/115005085147.json,_source/articles/115005085147.body.html,_source/rendered/115005085147.html,yes,content/How-to-add-a-link-to-an-email-address-or-phone-number.md,yes,11418,publish,如何添加电子邮件地址或电话号码的链接,https://dynamicycle.com/docs/articles-how-to-add-a-link-to-an-email-address-or-phone-number/
115000219092,How to add a product block to an email,https://help.klaviyo.com/hc/en-us/articles/115000219092-How-to-add-a-product-block-to-an-email,content,49375625008283,Build and use products ,content/How-to-add-a-product-block-to-an-email-115000219092.md,_source/articles/115000219092.json,_source/articles/115000219092.body.html,_source/rendered/115000219092.html,yes,content/How-to-add-a-product-block-to-an-email.md,yes,11439,publish,如何将产品块添加到电子邮件中,https://dynamicycle.com/docs/articles-how-to-add-a-product-block-to-an-email/
115006054267,How to add an unsubscribe link to Klaviyo emails,https://help.klaviyo.com/hc/en-us/articles/115006054267-How-to-add-an-unsubscribe-link-to-Klaviyo-emails,content,49375545220123,Use variable syntax and tags,content/How-to-add-an-unsubscribe-link-to-Klaviyo-emails-115006054267.md,_source/articles/115006054267.json,_source/articles/115006054267.body.html,_source/rendered/115006054267.html,yes,content/How-to-add-an-unsubscribe-link-to-Klaviyo-emails.md,yes,11155,publish,如何向 Klaviyo 电子邮件添加取消订阅链接,https://dynamicycle.com/docs/articles-how-to-add-an-unsubscribe-link-to-klaviyo-emails/
27066187499291,How to add and edit text blocks in emails,https://help.klaviyo.com/hc/en-us/articles/27066187499291-How-to-add-and-edit-text-blocks-in-emails,content,49375507646363,Getting started with templates,content/How-to-add-and-edit-text-blocks-in-emails-27066187499291.md,_source/articles/27066187499291.json,_source/articles/27066187499291.body.html,_source/rendered/27066187499291.html,yes,content/How-to-add-and-edit-text-blocks-in-emails.md,yes,10429,upload_meta_only,如何在电子邮件中添加和编辑文本块,
48971655463067,How to add barcodes to your messages,https://help.klaviyo.com/hc/en-us/articles/48971655463067-How-to-add-barcodes-to-your-messages,content,49375545220123,Use variable syntax and tags,content/How-to-add-barcodes-to-your-messages-48971655463067.md,_source/articles/48971655463067.json,_source/articles/48971655463067.body.html,_source/rendered/48971655463067.html,yes,content/How-to-add-barcodes-to-your-messages.md,yes,10223,upload_meta_only,如何将条形码添加到您的消息中,
39106892802331,How to add branding from your website to your emails,https://help.klaviyo.com/hc/en-us/articles/39106892802331-How-to-add-branding-from-your-website-to-your-emails,content,49375507646363,Getting started with templates,content/How-to-add-branding-from-your-website-to-your-emails-39106892802331.md,_source/articles/39106892802331.json,_source/articles/39106892802331.body.html,_source/rendered/39106892802331.html,yes,content/How-to-add-branding-from-your-website-to-your-emails.md,yes,10344,upload_meta_only,如何将网站上的品牌添加到电子邮件中,
115000807711,How to add columns to an email,https://help.klaviyo.com/hc/en-us/articles/115000807711-How-to-add-columns-to-an-email,content,49375559270427,Build and use templates,content/How-to-add-columns-to-an-email-115000807711.md,_source/articles/115000807711.json,_source/articles/115000807711.body.html,_source/rendered/115000807711.html,yes,content/How-to-add-columns-to-an-email.md,yes,11153,publish,如何向电子邮件添加栏,https://dynamicycle.com/docs/articles-how-to-add-columns-to-an-email/
6038674938523,How to add coupon codes to sign-up forms,https://help.klaviyo.com/hc/en-us/articles/6038674938523-How-to-add-coupon-codes-to-sign-up-forms,content,49375550228763,Getting started with coupons,content/How-to-add-coupon-codes-to-sign-up-forms-6038674938523.md,_source/articles/6038674938523.json,_source/articles/6038674938523.body.html,_source/rendered/6038674938523.html,yes,content/How-to-add-coupon-codes-to-sign-up-forms.md,yes,10592,upload_meta_only,如何将优惠券代码添加到注册表单,
4412748537627,How to add custom fonts in email templates,https://help.klaviyo.com/hc/en-us/articles/4412748537627-How-to-add-custom-fonts-in-email-templates,content,49375507646363,Getting started with templates,content/How-to-add-custom-fonts-in-email-templates-4412748537627.md,_source/articles/4412748537627.json,_source/articles/4412748537627.body.html,_source/rendered/4412748537627.html,yes,content/How-to-add-custom-fonts-in-email-templates.md,yes,10985,publish,如何在电子邮件模板中添加自定义字体,https://dynamicycle.com/docs/articles-how-to-add-custom-fonts-in-email-templates/
18986347580827,How to add personalization to your messages,https://help.klaviyo.com/hc/en-us/articles/18986347580827-How-to-add-personalization-to-your-messages,content,49375507646363,Getting started with templates,content/How-to-add-personalization-to-your-messages-18986347580827.md,_source/articles/18986347580827.json,_source/articles/18986347580827.body.html,_source/rendered/18986347580827.html,yes,content/How-to-add-personalization-to-your-messages.md,yes,10503,upload_meta_only,如何为您的消息添加个性化设置,
35873068949147,How to apply brand voice guidelines to AI-generated email content,https://help.klaviyo.com/hc/en-us/articles/35873068949147-How-to-apply-brand-voice-guidelines-to-AI-generated-email-content,content,49375572515355,Design best practices,content/How-to-apply-brand-voice-guidelines-to-AI-generated-email-content-35873068949147.md,_source/articles/35873068949147.json,_source/articles/35873068949147.body.html,_source/rendered/35873068949147.html,yes,content/How-to-apply-brand-voice-guidelines-to-AI-generated-email-content.md,yes,10363,upload_meta_only,如何将品牌声音指南应用于人工智能生成的电子邮件内容,
4408802597659,How to build dynamic blocks in a flow email,https://help.klaviyo.com/hc/en-us/articles/4408802597659-How-to-build-dynamic-blocks-in-a-flow-email,content,49375545220123,Use variable syntax and tags,content/How-to-build-dynamic-blocks-in-a-flow-email-4408802597659.md,_source/articles/4408802597659.json,_source/articles/4408802597659.body.html,_source/rendered/4408802597659.html,yes,content/How-to-build-dynamic-blocks-in-a-flow-email.md,yes,11244,publish,如何在流电子邮件中构建动态块,https://dynamicycle.com/docs/articles-how-to-build-dynamic-blocks-in-a-flow-email/
115001201231,How to change the currency for a specific template,https://help.klaviyo.com/hc/en-us/articles/115001201231-How-to-change-the-currency-for-a-specific-template,content,49375545220123,Use variable syntax and tags,content/How-to-change-the-currency-for-a-specific-template-115001201231.md,_source/articles/115001201231.json,_source/articles/115001201231.body.html,_source/rendered/115001201231.html,yes,content/How-to-change-the-currency-for-a-specific-template.md,yes,11360,publish,如何更改特定模板的货币,https://dynamicycle.com/docs/articles-how-to-change-the-currency-for-a-specific-template/
115005083887,How to create a base template,https://help.klaviyo.com/hc/en-us/articles/115005083887-How-to-create-a-base-template,content,49375507646363,Getting started with templates,content/How-to-create-a-base-template-115005083887.md,_source/articles/115005083887.json,_source/articles/115005083887.body.html,_source/rendered/115005083887.html,yes,content/How-to-create-a-base-template.md,yes,11156,publish,如何创建基本模板,https://dynamicycle.com/docs/articles-how-to-create-a-base-template/
115005254188,How to create a hybrid email template,https://help.klaviyo.com/hc/en-us/articles/115005254188-How-to-create-a-hybrid-email-template,content,49375573073947,Advanced template design,content/How-to-create-a-hybrid-email-template-115005254188.md,_source/articles/115005254188.json,_source/articles/115005254188.body.html,_source/rendered/115005254188.html,yes,content/How-to-create-a-hybrid-email-template.md,yes,11270,publish,如何创建混合电子邮件模板,https://dynamicycle.com/docs/articles-how-to-create-a-hybrid-email-template/
12415384810651,How to create a text-only email,https://help.klaviyo.com/hc/en-us/articles/12415384810651-How-to-create-a-text-only-email,content,49375572515355,Design best practices,content/How-to-create-a-text-only-email-12415384810651.md,_source/articles/12415384810651.json,_source/articles/12415384810651.body.html,_source/rendered/12415384810651.html,yes,content/How-to-create-a-text-only-email.md,yes,10875,publish,如何创建纯文本电子邮件,https://dynamicycle.com/docs/articles-how-to-create-a-text-only-email/
115001735052,How to create and manage header blocks,https://help.klaviyo.com/hc/en-us/articles/115001735052-How-to-create-and-manage-header-blocks,content,49375559270427,Build and use templates,content/How-to-create-and-manage-header-blocks-115001735052.md,_source/articles/115001735052.json,_source/articles/115001735052.body.html,_source/rendered/115001735052.html,yes,content/How-to-create-and-manage-header-blocks.md,yes,11089,publish,如何创建和管理标题块,https://dynamicycle.com/docs/articles-how-to-create-and-manage-header-blocks/
115005413888,How to create and manage universal and saved content,https://help.klaviyo.com/hc/en-us/articles/115005413888-How-to-create-and-manage-universal-and-saved-content,content,49375507646363,Getting started with templates,content/How-to-create-and-manage-universal-and-saved-content-115005413888.md,_source/articles/115005413888.json,_source/articles/115005413888.body.html,_source/rendered/115005413888.html,yes,content/How-to-create-and-manage-universal-and-saved-content.md,yes,10925,publish,如何创建和管理通用和保存的内容,https://dynamicycle.com/docs/articles-how-to-create-and-manage-universal-and-saved-content/
19655157461403,How to create static coupons for PrestaShop,https://help.klaviyo.com/hc/en-us/articles/19655157461403-How-to-create-static-coupons-for-PrestaShop,content,49375551401115,Coupons and ecommerce integrations,content/How-to-create-static-coupons-for-PrestaShop-19655157461403.md,_source/articles/19655157461403.json,_source/articles/19655157461403.body.html,_source/rendered/19655157461403.html,yes,content/How-to-create-static-coupons-for-PrestaShop.md,yes,10495,upload_meta_only,如何为 PrestaShop 创建静态优惠券,
115006155388,How to create unique coupon codes for Shopify,https://help.klaviyo.com/hc/en-us/articles/115006155388-How-to-create-unique-coupon-codes-for-Shopify,content,49375551401115,Coupons and ecommerce integrations,content/How-to-create-unique-coupon-codes-for-Shopify-115006155388.md,_source/articles/115006155388.json,_source/articles/115006155388.body.html,_source/rendered/115006155388.html,yes,content/How-to-create-unique-coupon-codes-for-Shopify.md,yes,10800,publish,如何为 Shopify 创建独特的优惠券代码,https://dynamicycle.com/docs/articles-how-to-create-unique-coupon-codes-for-shopify/
25151598311195,How to create unique coupons for PrestaShop,https://help.klaviyo.com/hc/en-us/articles/25151598311195-How-to-create-unique-coupons-for-PrestaShop,content,49375551401115,Coupons and ecommerce integrations,content/How-to-create-unique-coupons-for-PrestaShop-25151598311195.md,_source/articles/25151598311195.json,_source/articles/25151598311195.body.html,_source/rendered/25151598311195.html,yes,content/How-to-create-unique-coupons-for-PrestaShop.md,yes,10452,upload_meta_only,如何为 PrestaShop 创建独特的优惠券,
22168739689627,How to create unique coupons for Woocommerce,https://help.klaviyo.com/hc/en-us/articles/22168739689627-How-to-create-unique-coupons-for-Woocommerce,content,49375551401115,Coupons and ecommerce integrations,content/How-to-create-unique-coupons-for-Woocommerce-22168739689627.md,_source/articles/22168739689627.json,_source/articles/22168739689627.body.html,_source/rendered/22168739689627.html,yes,content/How-to-create-unique-coupons-for-Woocommerce.md,yes,10479,upload_meta_only,如何为 Woocommerce 创建独特的优惠券,
115000102752,"How to create, edit, delete, and manage templates",https://help.klaviyo.com/hc/en-us/articles/115000102752-How-to-create-edit-delete-and-manage-templates,content,49375507646363,Getting started with templates,"content/How-to-create,-edit,-delete,-and-manage-templates-115000102752.md",_source/articles/115000102752.json,_source/articles/115000102752.body.html,_source/rendered/115000102752.html,yes,"content/How-to-create,-edit,-delete,-and-manage-templates.md",yes,10799,publish,如何创建、编辑、删除和管理模板,https://dynamicycle.com/docs/articles-how-to-create-edit-delete-and-manage-templates/
19462923466651,How to display products vertically in emails,https://help.klaviyo.com/hc/en-us/articles/19462923466651-How-to-display-products-vertically-in-emails,content,49375573073947,Advanced template design,content/How-to-display-products-vertically-in-emails-19462923466651.md,_source/articles/19462923466651.json,_source/articles/19462923466651.body.html,_source/rendered/19462923466651.html,yes,content/How-to-display-products-vertically-in-emails.md,yes,10498,upload_meta_only,如何在电子邮件中垂直显示产品,
360019921772,How to display recently viewed items in an email,https://help.klaviyo.com/hc/en-us/articles/360019921772-How-to-display-recently-viewed-items-in-an-email,content,49375625008283,Build and use products ,content/How-to-display-recently-viewed-items-in-an-email-360019921772.md,_source/articles/360019921772.json,_source/articles/360019921772.body.html,_source/rendered/360019921772.html,yes,content/How-to-display-recently-viewed-items-in-an-email.md,yes,11210,publish,如何在电子邮件中显示最近查看的项目,https://dynamicycle.com/docs/articles-how-to-display-recently-viewed-items-in-an-email/
360048067932,How to edit coupons in Klaviyo,https://help.klaviyo.com/hc/en-us/articles/360048067932-How-to-edit-coupons-in-Klaviyo,content,49375550228763,Getting started with coupons,content/How-to-edit-coupons-in-Klaviyo-360048067932.md,_source/articles/360048067932.json,_source/articles/360048067932.body.html,_source/rendered/360048067932.html,yes,content/How-to-edit-coupons-in-Klaviyo.md,yes,10666,upload_meta_only,如何在 Klaviyo 中编辑优惠券,
360037894891,How to edit the plain text version of an HTML email,https://help.klaviyo.com/hc/en-us/articles/360037894891-How-to-edit-the-plain-text-version-of-an-HTML-email,content,49375507646363,Getting started with templates,content/How-to-edit-the-plain-text-version-of-an-HTML-email-360037894891.md,_source/articles/360037894891.json,_source/articles/360037894891.body.html,_source/rendered/360037894891.html,yes,content/How-to-edit-the-plain-text-version-of-an-HTML-email.md,yes,11254,publish,如何编辑 HTML 电子邮件的纯文本版本,https://dynamicycle.com/docs/articles-how-to-edit-the-plain-text-version-of-an-html-email/
115005256968,How to embed videos and attach files to emails,https://help.klaviyo.com/hc/en-us/articles/115005256968-How-to-embed-videos-and-attach-files-to-emails,content,49375507646363,Getting started with templates,content/How-to-embed-videos-and-attach-files-to-emails-115005256968.md,_source/articles/115005256968.json,_source/articles/115005256968.body.html,_source/rendered/115005256968.html,yes,content/How-to-embed-videos-and-attach-files-to-emails.md,yes,11385,publish,如何嵌入视频并将文件附加到电子邮件,https://dynamicycle.com/docs/articles-how-to-embed-videos-and-attach-files-to-emails/
38068161225243,How to enable Smart Translations,https://help.klaviyo.com/hc/en-us/articles/38068161225243-How-to-enable-Smart-Translations,content,49375559270427,Build and use templates,content/How-to-enable-Smart-Translations-38068161225243.md,_source/articles/38068161225243.json,_source/articles/38068161225243.body.html,_source/rendered/38068161225243.html,yes,content/How-to-enable-Smart-Translations.md,yes,10350,upload_meta_only,如何启用智能翻译,
23145809959707,How to enable and use email annotations for Gmail,https://help.klaviyo.com/hc/en-us/articles/23145809959707-How-to-enable-and-use-email-annotations-for-Gmail,content,49375573073947,Advanced template design,content/How-to-enable-and-use-email-annotations-for-Gmail-23145809959707.md,_source/articles/23145809959707.json,_source/articles/23145809959707.body.html,_source/rendered/23145809959707.html,yes,content/How-to-enable-and-use-email-annotations-for-Gmail.md,yes,10468,upload_meta_only,如何启用和使用 Gmail 电子邮件注释,
360048071212,How to export coupon information,https://help.klaviyo.com/hc/en-us/articles/360048071212-How-to-export-coupon-information,content,49375550228763,Getting started with coupons,content/How-to-export-coupon-information-360048071212.md,_source/articles/360048071212.json,_source/articles/360048071212.body.html,_source/rendered/360048071212.html,yes,content/How-to-export-coupon-information.md,yes,10664,upload_meta_only,如何导出优惠券信息,
115005085167,How to export the HTML for an email template,https://help.klaviyo.com/hc/en-us/articles/115005085167-How-to-export-the-HTML-for-an-email-template,content,49375573073947,Advanced template design,content/How-to-export-the-HTML-for-an-email-template-115005085167.md,_source/articles/115005085167.json,_source/articles/115005085167.body.html,_source/rendered/115005085167.html,yes,content/How-to-export-the-HTML-for-an-email-template.md,yes,11306,publish,如何导出电子邮件模板的 HTML,https://dynamicycle.com/docs/articles-how-to-export-the-html-for-an-email-template/
115005254068,How to import a custom HTML template,https://help.klaviyo.com/hc/en-us/articles/115005254068-How-to-import-a-custom-HTML-template,content,49375573073947,Advanced template design,content/How-to-import-a-custom-HTML-template-115005254068.md,_source/articles/115005254068.json,_source/articles/115005254068.body.html,_source/rendered/115005254068.html,yes,content/How-to-import-a-custom-HTML-template.md,yes,11222,publish,如何导入自定义 HTML 模板,https://dynamicycle.com/docs/articles-how-to-import-a-custom-html-template/
50266901162011,How to import glossary terms in bulk with CSV,https://help.klaviyo.com/hc/en-us/articles/50266901162011-How-to-import-glossary-terms-in-bulk-with-CSV,content,49375559270427,Build and use templates,content/How-to-import-glossary-terms-in-bulk-with-CSV-50266901162011.md,_source/articles/50266901162011.json,_source/articles/50266901162011.body.html,_source/rendered/50266901162011.html,yes,content/How-to-import-glossary-terms-in-bulk-with-CSV.md,yes,10197,upload_meta_only,如何使用 CSV 批量导入术语表,
115005084627,How to include ratings links or NPS surveys in an email,https://help.klaviyo.com/hc/en-us/articles/115005084627-How-to-include-ratings-links-or-NPS-surveys-in-an-email,content,49375545220123,Use variable syntax and tags,content/How-to-include-ratings-links-or-NPS-surveys-in-an-email-115005084627.md,_source/articles/115005084627.json,_source/articles/115005084627.body.html,_source/rendered/115005084627.html,yes,content/How-to-include-ratings-links-or-NPS-surveys-in-an-email.md,yes,11440,publish,如何在电子邮件中包含评级链接或 NPS 调查,https://dynamicycle.com/docs/articles-how-to-include-ratings-links-or-nps-surveys-in-an-email/
4408810769307,How to insert a dynamic image in an email,https://help.klaviyo.com/hc/en-us/articles/4408810769307-How-to-insert-a-dynamic-image-in-an-email,content,49375545220123,Use variable syntax and tags,content/How-to-insert-a-dynamic-image-in-an-email-4408810769307.md,_source/articles/4408810769307.json,_source/articles/4408810769307.body.html,_source/rendered/4408810769307.html,yes,content/How-to-insert-a-dynamic-image-in-an-email.md,yes,11324,publish,如何在电子邮件中插入动态图像,https://dynamicycle.com/docs/articles-how-to-insert-a-dynamic-image-in-an-email/
115000108632,How to insert an image into a text block,https://help.klaviyo.com/hc/en-us/articles/115000108632-How-to-insert-an-image-into-a-text-block,content,49375559270427,Build and use templates,content/How-to-insert-an-image-into-a-text-block-115000108632.md,_source/articles/115000108632.json,_source/articles/115000108632.body.html,_source/rendered/115000108632.html,yes,content/How-to-insert-an-image-into-a-text-block.md,yes,11217,publish,如何将图像插入文本块,https://dynamicycle.com/docs/articles-how-to-insert-an-image-into-a-text-block/
4408810654235,How to insert personalization into text blocks,https://help.klaviyo.com/hc/en-us/articles/4408810654235-How-to-insert-personalization-into-text-blocks,content,49375545220123,Use variable syntax and tags,content/How-to-insert-personalization-into-text-blocks-4408810654235.md,_source/articles/4408810654235.json,_source/articles/4408810654235.body.html,_source/rendered/4408810654235.html,yes,content/How-to-insert-personalization-into-text-blocks.md,yes,11396,publish,如何将个性化内容插入文本块,https://dynamicycle.com/docs/articles-how-to-insert-personalization-into-text-blocks/
115005082687,How to insert preview text into an email,https://help.klaviyo.com/hc/en-us/articles/115005082687-How-to-insert-preview-text-into-an-email,content,49375507646363,Getting started with templates,content/How-to-insert-preview-text-into-an-email-115005082687.md,_source/articles/115005082687.json,_source/articles/115005082687.body.html,_source/rendered/115005082687.html,yes,content/How-to-insert-preview-text-into-an-email.md,yes,11365,publish,如何将预览文本插入电子邮件中,https://dynamicycle.com/docs/articles-how-to-insert-preview-text-into-an-email/
115005258248,How to insert your company name and address to an email footer,https://help.klaviyo.com/hc/en-us/articles/115005258248-How-to-insert-your-company-name-and-address-to-an-email-footer,content,49375545220123,Use variable syntax and tags,content/How-to-insert-your-company-name-and-address-to-an-email-footer-115005258248.md,_source/articles/115005258248.json,_source/articles/115005258248.body.html,_source/rendered/115005258248.html,yes,content/How-to-insert-your-company-name-and-address-to-an-email-footer.md,yes,11384,publish,如何将公司名称和地址插入电子邮件页脚,https://dynamicycle.com/docs/articles-how-to-insert-your-company-name-and-address-to-an-email-footer/
360043932991,"How to make an add to calendar event in a button, link, or image",https://help.klaviyo.com/hc/en-us/articles/360043932991-How-to-make-an-add-to-calendar-event-in-a-button-link-or-image,content,49375559270427,Build and use templates,"content/How-to-make-an-add-to-calendar-event-in-a-button,-link,-or-image-360043932991.md",_source/articles/360043932991.json,_source/articles/360043932991.body.html,_source/rendered/360043932991.html,yes,"content/How-to-make-an-add-to-calendar-event-in-a-button,-link,-or-image.md",yes,11291,publish,如何在按钮、链接或图像中添加到日历事件,https://dynamicycle.com/docs/articles-how-to-make-an-add-to-calendar-event-in-a-button-link-or-image/
45085617755931,How to manage translations in bulk with CSV,https://help.klaviyo.com/hc/en-us/articles/45085617755931-How-to-manage-translations-in-bulk-with-CSV,content,49375559270427,Build and use templates,content/How-to-manage-translations-in-bulk-with-CSV-45085617755931.md,_source/articles/45085617755931.json,_source/articles/45085617755931.body.html,_source/rendered/45085617755931.html,yes,content/How-to-manage-translations-in-bulk-with-CSV.md,yes,10275,upload_meta_only,如何使用 CSV 批量管理翻译,
115005081907,How to preview and send test emails in Klaviyo,https://help.klaviyo.com/hc/en-us/articles/115005081907-How-to-preview-and-send-test-emails-in-Klaviyo,content,49375507646363,Getting started with templates,content/How-to-preview-and-send-test-emails-in-Klaviyo-115005081907.md,_source/articles/115005081907.json,_source/articles/115005081907.body.html,_source/rendered/115005081907.html,yes,content/How-to-preview-and-send-test-emails-in-Klaviyo.md,yes,11096,publish,如何在 Klaviyo 中预览和发送测试电子邮件,https://dynamicycle.com/docs/articles-how-to-preview-and-send-test-emails-in-klaviyo/
115005253868,How to save an email template,https://help.klaviyo.com/hc/en-us/articles/115005253868-How-to-save-an-email-template,content,49375507646363,Getting started with templates,content/How-to-save-an-email-template-115005253868.md,_source/articles/115005253868.json,_source/articles/115005253868.body.html,_source/rendered/115005253868.html,yes,content/How-to-save-an-email-template.md,yes,11223,publish,如何保存电子邮件模板,https://dynamicycle.com/docs/articles-how-to-save-an-email-template/
115005246547,How to set up coupons (for Magento 1.x),https://help.klaviyo.com/hc/en-us/articles/115005246547-How-to-set-up-coupons-for-Magento-1-x,content,49375551401115,Coupons and ecommerce integrations,content/How-to-set-up-coupons-(for-Magento-1.x)-115005246547.md,_source/articles/115005246547.json,_source/articles/115005246547.body.html,_source/rendered/115005246547.html,yes,content/How-to-set-up-coupons-(for-Magento-1.x).md,yes,11018,publish,如何设置优惠券（适用于 Magento 1.x）,https://dynamicycle.com/docs/articles-how-to-set-up-coupons-for-magento-1-x/
360022884472,How to set up coupons for BigCommerce,https://help.klaviyo.com/hc/en-us/articles/360022884472-How-to-set-up-coupons-for-BigCommerce,content,49375551401115,Coupons and ecommerce integrations,content/How-to-set-up-coupons-for-BigCommerce-360022884472.md,_source/articles/360022884472.json,_source/articles/360022884472.body.html,_source/rendered/360022884472.html,yes,content/How-to-set-up-coupons-for-BigCommerce.md,yes,11209,publish,如何为 BigCommerce 设置优惠券,https://dynamicycle.com/docs/articles-how-to-set-up-coupons-for-bigcommerce/
360041971851,How to set up coupons for Magento 2,https://help.klaviyo.com/hc/en-us/articles/360041971851-How-to-set-up-coupons-for-Magento-2,content,49375551401115,Coupons and ecommerce integrations,content/How-to-set-up-coupons-for-Magento-2-360041971851.md,_source/articles/360041971851.json,_source/articles/360041971851.body.html,_source/rendered/360041971851.html,yes,content/How-to-set-up-coupons-for-Magento-2.md,yes,11077,publish,如何为 Magento 2 设置优惠券,https://dynamicycle.com/docs/articles-how-to-set-up-coupons-for-magento-2/
18229362143899,How to set up coupons for Square,https://help.klaviyo.com/hc/en-us/articles/18229362143899-How-to-set-up-coupons-for-Square,content,49375551401115,Coupons and ecommerce integrations,content/How-to-set-up-coupons-for-Square-18229362143899.md,_source/articles/18229362143899.json,_source/articles/18229362143899.body.html,_source/rendered/18229362143899.html,yes,content/How-to-set-up-coupons-for-Square.md,yes,10511,upload_meta_only,Square如何设置优惠券,
360031279471,How to set up static coupons for WooCommerce,https://help.klaviyo.com/hc/en-us/articles/360031279471-How-to-set-up-static-coupons-for-WooCommerce,content,49375551401115,Coupons and ecommerce integrations,content/How-to-set-up-static-coupons-for-WooCommerce-360031279471.md,_source/articles/360031279471.json,_source/articles/360031279471.body.html,_source/rendered/360031279471.html,yes,content/How-to-set-up-static-coupons-for-WooCommerce.md,yes,11141,publish,如何为 WooCommerce 设置静态优惠券,https://dynamicycle.com/docs/articles-how-to-set-up-static-coupons-for-woocommerce/
7655965301531,How to show or hide template blocks and sections based on dynamic variables,https://help.klaviyo.com/hc/en-us/articles/7655965301531-How-to-show-or-hide-template-blocks-and-sections-based-on-dynamic-variables,content,49375559270427,Build and use templates,content/How-to-show-or-hide-template-blocks-and-sections-based-on-dynamic-variables-7655965301531.md,_source/articles/7655965301531.json,_source/articles/7655965301531.body.html,_source/rendered/7655965301531.html,yes,content/How-to-show-or-hide-template-blocks-and-sections-based-on-dynamic-variables.md,yes,11242,publish,如何根据动态变量显示或隐藏模板块和部分,https://dynamicycle.com/docs/articles-how-to-show-or-hide-template-blocks-and-sections-based-on-dynamic-variables/
25825620314651,How to skip lines in a dynamic table block,https://help.klaviyo.com/hc/en-us/articles/25825620314651-How-to-skip-lines-in-a-dynamic-table-block,content,49375545220123,Use variable syntax and tags,content/How-to-skip-lines-in-a-dynamic-table-block-25825620314651.md,_source/articles/25825620314651.json,_source/articles/25825620314651.body.html,_source/rendered/25825620314651.html,yes,content/How-to-skip-lines-in-a-dynamic-table-block.md,yes,10445,upload_meta_only,如何在动态表块中跳过行,
115005255248,How to update a profile property when someone clicks a link,https://help.klaviyo.com/hc/en-us/articles/115005255248-How-to-update-a-profile-property-when-someone-clicks-a-link,content,49375545220123,Use variable syntax and tags,content/How-to-update-a-profile-property-when-someone-clicks-a-link-115005255248.md,_source/articles/115005255248.json,_source/articles/115005255248.body.html,_source/rendered/115005255248.html,yes,content/How-to-update-a-profile-property-when-someone-clicks-a-link.md,yes,11452,publish,当有人单击链接时如何更新个人资料属性,https://dynamicycle.com/docs/articles-how-to-update-a-profile-property-when-someone-clicks-a-link/
4403537778331,How to update your brand styles in Klaviyo,https://help.klaviyo.com/hc/en-us/articles/4403537778331-How-to-update-your-brand-styles-in-Klaviyo,content,49375572515355,Design best practices,content/How-to-update-your-brand-styles-in-Klaviyo-4403537778331.md,_source/articles/4403537778331.json,_source/articles/4403537778331.body.html,_source/rendered/4403537778331.html,yes,content/How-to-update-your-brand-styles-in-Klaviyo.md,yes,10611,upload_meta_only,如何在 Klaviyo 中更新您的品牌风格,
21977834205723,How to use Email AI to create email content,https://help.klaviyo.com/hc/en-us/articles/21977834205723-How-to-use-Email-AI-to-create-email-content,content,49375559270427,Build and use templates,content/How-to-use-Email-AI-to-create-email-content-21977834205723.md,_source/articles/21977834205723.json,_source/articles/21977834205723.body.html,_source/rendered/21977834205723.html,yes,content/How-to-use-Email-AI-to-create-email-content.md,yes,10482,upload_meta_only,如何使用 Email AI 创建电子邮件内容,
34411474977947,How to use Email AI to revise text,https://help.klaviyo.com/hc/en-us/articles/34411474977947-How-to-use-Email-AI-to-revise-text,content,49375559270427,Build and use templates,content/How-to-use-Email-AI-to-revise-text-34411474977947.md,_source/articles/34411474977947.json,_source/articles/34411474977947.body.html,_source/rendered/34411474977947.html,yes,content/How-to-use-Email-AI-to-revise-text.md,yes,10380,upload_meta_only,如何使用Email AI修改文本,
360004384031,How to use Instagram content in emails,https://help.klaviyo.com/hc/en-us/articles/360004384031-How-to-use-Instagram-content-in-emails,content,49375559270427,Build and use templates,content/How-to-use-Instagram-content-in-emails-360004384031.md,_source/articles/360004384031.json,_source/articles/360004384031.body.html,_source/rendered/360004384031.html,yes,content/How-to-use-Instagram-content-in-emails.md,yes,11446,publish,如何在电子邮件中使用 Instagram 内容,https://dynamicycle.com/docs/articles-how-to-use-instagram-content-in-emails/
4408036400155,How to use Klaviyo Showcase,https://help.klaviyo.com/hc/en-us/articles/4408036400155-How-to-use-Klaviyo-Showcase,content,49375507646363,Getting started with templates,content/How-to-use-Klaviyo-Showcase-4408036400155.md,_source/articles/4408036400155.json,_source/articles/4408036400155.body.html,_source/rendered/4408036400155.html,yes,content/How-to-use-Klaviyo-Showcase.md,yes,11397,publish,如何使用 Klaviyo 展示柜,https://dynamicycle.com/docs/articles-how-to-use-klaviyo-showcase/
47691927326107,How to use a coupon block in an email,https://help.klaviyo.com/hc/en-us/articles/47691927326107-How-to-use-a-coupon-block-in-an-email,content,49375550228763,Getting started with coupons,content/How-to-use-a-coupon-block-in-an-email-47691927326107.md,_source/articles/47691927326107.json,_source/articles/47691927326107.body.html,_source/rendered/47691927326107.html,yes,content/How-to-use-a-coupon-block-in-an-email.md,yes,10238,upload_meta_only,如何在电子邮件中使用优惠券块,
32201419926939,How to use a header bar block in an email,https://help.klaviyo.com/hc/en-us/articles/32201419926939-How-to-use-a-header-bar-block-in-an-email,content,49375559270427,Build and use templates,content/How-to-use-a-header-bar-block-in-an-email-32201419926939.md,_source/articles/32201419926939.json,_source/articles/32201419926939.body.html,_source/rendered/32201419926939.html,yes,content/How-to-use-a-header-bar-block-in-an-email.md,yes,10402,upload_meta_only,如何在电子邮件中使用标题栏块,
32281152537755,How to use a social links block in an email,https://help.klaviyo.com/hc/en-us/articles/32281152537755-How-to-use-a-social-links-block-in-an-email,content,49375559270427,Build and use templates,content/How-to-use-a-social-links-block-in-an-email-32281152537755.md,_source/articles/32281152537755.json,_source/articles/32281152537755.body.html,_source/rendered/32281152537755.html,yes,content/How-to-use-a-social-links-block-in-an-email.md,yes,10400,upload_meta_only,如何在电子邮件中使用社交链接块,
32254258938139,How to use a split block in an email,https://help.klaviyo.com/hc/en-us/articles/32254258938139-How-to-use-a-split-block-in-an-email,content,49375559270427,Build and use templates,content/How-to-use-a-split-block-in-an-email-32254258938139.md,_source/articles/32254258938139.json,_source/articles/32254258938139.body.html,_source/rendered/32254258938139.html,yes,content/How-to-use-a-split-block-in-an-email.md,yes,10401,upload_meta_only,如何在电子邮件中使用分割块,
32908976218779,How to use a table block in an email,https://help.klaviyo.com/hc/en-us/articles/32908976218779-How-to-use-a-table-block-in-an-email,content,49375559270427,Build and use templates,content/How-to-use-a-table-block-in-an-email-32908976218779.md,_source/articles/32908976218779.json,_source/articles/32908976218779.body.html,_source/rendered/32908976218779.html,yes,content/How-to-use-a-table-block-in-an-email.md,yes,10393,upload_meta_only,如何在电子邮件中使用表格块,
32200923751195,How to use a text block in an email,https://help.klaviyo.com/hc/en-us/articles/32200923751195-How-to-use-a-text-block-in-an-email,content,49375559270427,Build and use templates,content/How-to-use-a-text-block-in-an-email-32200923751195.md,_source/articles/32200923751195.json,_source/articles/32200923751195.body.html,_source/rendered/32200923751195.html,yes,content/How-to-use-a-text-block-in-an-email.md,yes,10403,upload_meta_only,如何在电子邮件中使用文本块,
360043506852,How to use anchor links in your messages and forms,https://help.klaviyo.com/hc/en-us/articles/360043506852-How-to-use-anchor-links-in-your-messages-and-forms,content,49375572515355,Design best practices,content/How-to-use-anchor-links-in-your-messages-and-forms-360043506852.md,_source/articles/360043506852.json,_source/articles/360043506852.body.html,_source/rendered/360043506852.html,yes,content/How-to-use-anchor-links-in-your-messages-and-forms.md,yes,11251,publish,如何在消息和表单中使用锚链接,https://dynamicycle.com/docs/articles-how-to-use-anchor-links-in-your-messages-and-forms/
35146374047515,How to use custom objects in flows,https://help.klaviyo.com/hc/en-us/articles/35146374047515-How-to-use-custom-objects-in-flows,content,49375857053851,Use objects in Klaviyo,content/How-to-use-custom-objects-in-flows-35146374047515.md,_source/articles/35146374047515.json,_source/articles/35146374047515.body.html,_source/rendered/35146374047515.html,yes,content/How-to-use-custom-objects-in-flows.md,yes,10368,upload_meta_only,如何在流程中使用自定义对象,
35146339009691,How to use custom objects in segments,https://help.klaviyo.com/hc/en-us/articles/35146339009691-How-to-use-custom-objects-in-segments,content,49375857053851,Use objects in Klaviyo,content/How-to-use-custom-objects-in-segments-35146339009691.md,_source/articles/35146339009691.json,_source/articles/35146339009691.body.html,_source/rendered/35146339009691.html,yes,content/How-to-use-custom-objects-in-segments.md,yes,10370,upload_meta_only,如何在段中使用自定义对象,
35146367972763,How to use custom objects in templates,https://help.klaviyo.com/hc/en-us/articles/35146367972763-How-to-use-custom-objects-in-templates,content,49375857053851,Use objects in Klaviyo,content/How-to-use-custom-objects-in-templates-35146367972763.md,_source/articles/35146367972763.json,_source/articles/35146367972763.body.html,_source/rendered/35146367972763.html,yes,content/How-to-use-custom-objects-in-templates.md,yes,10369,upload_meta_only,如何在模板中使用自定义对象,
115005257048,How to use emojis in subject lines and email templates,https://help.klaviyo.com/hc/en-us/articles/115005257048-How-to-use-emojis-in-subject-lines-and-email-templates,content,49375572515355,Design best practices,content/How-to-use-emojis-in-subject-lines-and-email-templates-115005257048.md,_source/articles/115005257048.json,_source/articles/115005257048.body.html,_source/rendered/115005257048.html,yes,content/How-to-use-emojis-in-subject-lines-and-email-templates.md,yes,11403,publish,如何在主题行和电子邮件模板中使用表情符号,https://dynamicycle.com/docs/articles-how-to-use-emojis-in-subject-lines-and-email-templates/
360058907911,How to use filters to customize variables,https://help.klaviyo.com/hc/en-us/articles/360058907911-How-to-use-filters-to-customize-variables,content,49375545220123,Use variable syntax and tags,content/How-to-use-filters-to-customize-variables-360058907911.md,_source/articles/360058907911.json,_source/articles/360058907911.body.html,_source/rendered/360058907911.html,yes,content/How-to-use-filters-to-customize-variables.md,yes,11069,publish,如何使用过滤器自定义变量,https://dynamicycle.com/docs/articles-how-to-use-filters-to-customize-variables/
37463094051611,How to use inbox testing,https://help.klaviyo.com/hc/en-us/articles/37463094051611-How-to-use-inbox-testing,content,49375507646363,Getting started with templates,content/How-to-use-inbox-testing-37463094051611.md,_source/articles/37463094051611.json,_source/articles/37463094051611.body.html,_source/rendered/37463094051611.html,yes,content/How-to-use-inbox-testing.md,yes,10353,upload_meta_only,如何使用收件箱测试,
36557890762011,How to use pre-built email content,https://help.klaviyo.com/hc/en-us/articles/36557890762011-How-to-use-pre-built-email-content,content,49375559270427,Build and use templates,content/How-to-use-pre-built-email-content-36557890762011.md,_source/articles/36557890762011.json,_source/articles/36557890762011.body.html,_source/rendered/36557890762011.html,yes,content/How-to-use-pre-built-email-content.md,yes,10356,upload_meta_only,如何使用预建的电子邮件内容,
115005082787,How to use product feeds and recommendations,https://help.klaviyo.com/hc/en-us/articles/115005082787-How-to-use-product-feeds-and-recommendations,content,49375624479003,Getting started with products,content/How-to-use-product-feeds-and-recommendations-115005082787.md,_source/articles/115005082787.json,_source/articles/115005082787.body.html,_source/rendered/115005082787.html,yes,content/How-to-use-product-feeds-and-recommendations.md,yes,10806,publish,如何使用产品源和推荐,https://dynamicycle.com/docs/articles-how-to-use-product-feeds-and-recommendations/
4408802293019,How to use sections in email templates,https://help.klaviyo.com/hc/en-us/articles/4408802293019-How-to-use-sections-in-email-templates,content,49375559270427,Build and use templates,content/How-to-use-sections-in-email-templates-4408802293019.md,_source/articles/4408802293019.json,_source/articles/4408802293019.body.html,_source/rendered/4408802293019.html,yes,content/How-to-use-sections-in-email-templates.md,yes,11374,publish,如何使用电子邮件模板中的部分,https://dynamicycle.com/docs/articles-how-to-use-sections-in-email-templates/
4408802445339,How to use the content repeat feature,https://help.klaviyo.com/hc/en-us/articles/4408802445339-How-to-use-the-content-repeat-feature,content,49375559270427,Build and use templates,content/How-to-use-the-content-repeat-feature-4408802445339.md,_source/articles/4408802445339.json,_source/articles/4408802445339.body.html,_source/rendered/4408802445339.html,yes,content/How-to-use-the-content-repeat-feature.md,yes,11325,publish,如何使用内容重复功能,https://dynamicycle.com/docs/articles-how-to-use-the-content-repeat-feature/
27843522951707,How to use the preview panel for message personalization,https://help.klaviyo.com/hc/en-us/articles/27843522951707-How-to-use-the-preview-panel-for-message-personalization,content,49375545220123,Use variable syntax and tags,content/How-to-use-the-preview-panel-for-message-personalization-27843522951707.md,_source/articles/27843522951707.json,_source/articles/27843522951707.body.html,_source/rendered/27843522951707.html,yes,content/How-to-use-the-preview-panel-for-message-personalization.md,yes,10423,upload_meta_only,如何使用预览面板进行消息个性化,
360048069712,How to view coupon history,https://help.klaviyo.com/hc/en-us/articles/360048069712-How-to-view-coupon-history,content,49375550228763,Getting started with coupons,content/How-to-view-coupon-history-360048069712.md,_source/articles/360048069712.json,_source/articles/360048069712.body.html,_source/rendered/360048069712.html,yes,content/How-to-view-coupon-history.md,yes,10665,upload_meta_only,如何查看优惠券历史记录,
4408802648731,Message personalization reference,https://help.klaviyo.com/hc/en-us/articles/4408802648731-Message-personalization-reference,content,49375545220123,Use variable syntax and tags,content/Message-personalization-reference-4408802648731.md,_source/articles/4408802648731.json,_source/articles/4408802648731.body.html,_source/rendered/4408802648731.html,yes,content/Message-personalization-reference.md,yes,10885,publish,消息个性化参考,https://dynamicycle.com/docs/articles-message-personalization-reference/
115005085387,My email looks different when viewed in Microsoft Outlook,https://help.klaviyo.com/hc/en-us/articles/115005085387-My-email-looks-different-when-viewed-in-Microsoft-Outlook,content,49375607281819,Template troubleshooting ,content/My-email-looks-different-when-viewed-in-Microsoft-Outlook-115005085387.md,_source/articles/115005085387.json,_source/articles/115005085387.body.html,_source/rendered/115005085387.html,yes,content/My-email-looks-different-when-viewed-in-Microsoft-Outlook.md,yes,10927,publish,在 Microsoft Outlook 中查看我的电子邮件时看起来有所不同,https://dynamicycle.com/docs/articles-my-email-looks-different-when-viewed-in-microsoft-outlook/
115001435352,Optimal email template width reference,https://help.klaviyo.com/hc/en-us/articles/115001435352-Optimal-email-template-width-reference,content,49375572515355,Design best practices,content/Optimal-email-template-width-reference-115001435352.md,_source/articles/115001435352.json,_source/articles/115001435352.body.html,_source/rendered/115001435352.html,yes,content/Optimal-email-template-width-reference.md,yes,11152,publish,最佳电子邮件模板宽度参考,https://dynamicycle.com/docs/articles-optimal-email-template-width-reference/
50674778768539,Organize templates with folders,https://help.klaviyo.com/hc/en-us/articles/50674778768539-Organize-templates-with-folders,content,49375507646363,Getting started with templates,content/Organize-templates-with-folders-50674778768539.md,_source/articles/50674778768539.json,_source/articles/50674778768539.body.html,_source/rendered/50674778768539.html,yes,content/Organize-templates-with-folders.md,yes,10187,upload_meta_only,使用文件夹组织模板,
40650805147931,Remix an image in the email editor,https://help.klaviyo.com/hc/en-us/articles/40650805147931-Remix-an-image-in-the-email-editor,content,49375559270427,Build and use templates,content/Remix-an-image-in-the-email-editor-40650805147931.md,_source/articles/40650805147931.json,_source/articles/40650805147931.body.html,_source/rendered/40650805147931.html,yes,content/Remix-an-image-in-the-email-editor.md,yes,10325,upload_meta_only,在电子邮件编辑器中重新混合图像,
14904583929755,Templates and design glossary,https://help.klaviyo.com/hc/en-us/articles/14904583929755-Templates-and-design-glossary,content,49375507646363,Getting started with templates,content/Templates-and-design-glossary-14904583929755.md,_source/articles/14904583929755.json,_source/articles/14904583929755.body.html,_source/rendered/14904583929755.html,yes,content/Templates-and-design-glossary.md,yes,10552,upload_meta_only,模板和设计术语表,
115005254488,"Troubleshooting custom CSS, JavaScript, and HTML in Klaviyo",https://help.klaviyo.com/hc/en-us/articles/115005254488-Troubleshooting-custom-CSS-JavaScript-and-HTML-in-Klaviyo,content,49375607281819,Template troubleshooting ,"content/Troubleshooting-custom-CSS,-JavaScript,-and-HTML-in-Klaviyo-115005254488.md",_source/articles/115005254488.json,_source/articles/115005254488.body.html,_source/rendered/115005254488.html,yes,"content/Troubleshooting-custom-CSS,-JavaScript,-and-HTML-in-Klaviyo.md",yes,11386,publish,对 Klaviyo 中的自定义 CSS、JavaScript 和 HTML 进行故障排除,https://dynamicycle.com/docs/articles-troubleshooting-custom-css-javascript-and-html-in-klaviyo/
4402386684187,Troubleshooting email template error messages,https://help.klaviyo.com/hc/en-us/articles/4402386684187-Troubleshooting-email-template-error-messages,content,49375607281819,Template troubleshooting ,content/Troubleshooting-email-template-error-messages-4402386684187.md,_source/articles/4402386684187.json,_source/articles/4402386684187.body.html,_source/rendered/4402386684187.html,yes,content/Troubleshooting-email-template-error-messages.md,yes,10615,upload_meta_only,电子邮件模板错误消息疑难解答,
4408802299547,Understanding display options,https://help.klaviyo.com/hc/en-us/articles/4408802299547-Understanding-display-options,content,49375559270427,Build and use templates,content/Understanding-display-options-4408802299547.md,_source/articles/4408802299547.json,_source/articles/4408802299547.body.html,_source/rendered/4408802299547.html,yes,content/Understanding-display-options.md,yes,11353,publish,了解显示选项,https://dynamicycle.com/docs/articles-understanding-display-options/
4405396468379,Understanding fonts in email,https://help.klaviyo.com/hc/en-us/articles/4405396468379-Understanding-fonts-in-email,content,49375572515355,Design best practices,content/Understanding-fonts-in-email-4405396468379.md,_source/articles/4405396468379.json,_source/articles/4405396468379.body.html,_source/rendered/4405396468379.html,yes,content/Understanding-fonts-in-email.md,yes,11063,publish,了解电子邮件中的字体,https://dynamicycle.com/docs/articles-understanding-fonts-in-email/
115005254428,Understanding mobile email optimization,https://help.klaviyo.com/hc/en-us/articles/115005254428-Understanding-mobile-email-optimization,content,49375572515355,Design best practices,content/Understanding-mobile-email-optimization-115005254428.md,_source/articles/115005254428.json,_source/articles/115005254428.body.html,_source/rendered/115005254428.html,yes,content/Understanding-mobile-email-optimization.md,yes,11387,publish,了解移动电子邮件优化,https://dynamicycle.com/docs/articles-understanding-mobile-email-optimization/
30664434733211,Understanding partner-created templates,https://help.klaviyo.com/hc/en-us/articles/30664434733211-Understanding-partner-created-templates,content,49375559270427,Build and use templates,content/Understanding-partner-created-templates-30664434733211.md,_source/articles/30664434733211.json,_source/articles/30664434733211.body.html,_source/rendered/30664434733211.html,yes,content/Understanding-partner-created-templates.md,yes,10410,upload_meta_only,了解合作伙伴创建的模板,
50223237602715,Use the Social Content Library,https://help.klaviyo.com/hc/en-us/articles/50223237602715-Use-the-Social-Content-Library,content,50169761864731,Social Events & Content,content/Use-the-Social-Content-Library-50223237602715.md,_source/articles/50223237602715.json,_source/articles/50223237602715.body.html,_source/rendered/50223237602715.html,yes,content/Use-the-Social-Content-Library.md,yes,10198,upload_meta_only,使用社交内容库,
115000591251,Why is my email being clipped?,https://help.klaviyo.com/hc/en-us/articles/115000591251-Why-is-my-email-being-clipped,content,49375607281819,Template troubleshooting ,content/Why-is-my-email-being-clipped-115000591251.md,_source/articles/115000591251.json,_source/articles/115000591251.body.html,_source/rendered/115000591251.html,yes,content/Why-is-my-email-being-clipped.md,yes,10798,publish,为什么我的电子邮件被剪掉了？,https://dynamicycle.com/docs/articles-why-is-my-email-being-clipped/
44813293727131,Customer Agent event data reference,https://help.klaviyo.com/hc/en-us/articles/44813293727131-Customer-Agent-event-data-reference,conversations,49375900228635,Customer Agent,conversations/Customer-Agent-event-data-reference-44813293727131.md,_source/articles/44813293727131.json,_source/articles/44813293727131.body.html,_source/rendered/44813293727131.html,yes,conversations/Customer-Agent-event-data-reference.md,yes,10276,upload_meta_only,客户代理事件数据参考,
37659268052635,Getting started with Customer Agent,https://help.klaviyo.com/hc/en-us/articles/37659268052635-Getting-started-with-Customer-Agent,conversations,49375900228635,Customer Agent,conversations/Getting-started-with-Customer-Agent-37659268052635.md,_source/articles/37659268052635.json,_source/articles/37659268052635.body.html,_source/rendered/37659268052635.html,yes,conversations/Getting-started-with-Customer-Agent.md,yes,10352,upload_meta_only,客户代理入门,
34158391513627,Getting started with SMS automations,https://help.klaviyo.com/hc/en-us/articles/34158391513627-Getting-started-with-SMS-automations,conversations,49375845122587,Automations,conversations/Getting-started-with-SMS-automations-34158391513627.md,_source/articles/34158391513627.json,_source/articles/34158391513627.body.html,_source/rendered/34158391513627.html,yes,conversations/Getting-started-with-SMS-automations.md,yes,10381,upload_meta_only,短信自动化入门,
47313754407323,Guide to using customer agent on SMS,https://help.klaviyo.com/hc/en-us/articles/47313754407323-Guide-to-using-customer-agent-on-SMS,conversations,49375900228635,Customer Agent,conversations/Guide-to-using-customer-agent-on-SMS-47313754407323.md,_source/articles/47313754407323.json,_source/articles/47313754407323.body.html,_source/rendered/47313754407323.html,yes,conversations/Guide-to-using-customer-agent-on-SMS.md,yes,10240,upload_meta_only,使用短信客户代理指南,
40418535535387,How to add and manage content,https://help.klaviyo.com/hc/en-us/articles/40418535535387-How-to-add-and-manage-content,conversations,49375900228635,Customer Agent,conversations/How-to-add-and-manage-content-40418535535387.md,_source/articles/40418535535387.json,_source/articles/40418535535387.body.html,_source/rendered/40418535535387.html,yes,conversations/How-to-add-and-manage-content.md,yes,11170,publish,如何添加和管理内容,https://dynamicycle.com/docs/articles-how-to-add-and-manage-content/
45985054509467,How to automatically sync website content for Customer Agent,https://help.klaviyo.com/hc/en-us/articles/45985054509467-How-to-automatically-sync-website-content-for-Customer-Agent,conversations,49375900228635,Customer Agent,conversations/How-to-automatically-sync-website-content-for-Customer-Agent-45985054509467.md,_source/articles/45985054509467.json,_source/articles/45985054509467.body.html,_source/rendered/45985054509467.html,yes,conversations/How-to-automatically-sync-website-content-for-Customer-Agent.md,yes,10261,upload_meta_only,如何为客户代理自动同步网站内容,
34158785231515,How to create a SMS and RCS automation,https://help.klaviyo.com/hc/en-us/articles/34158785231515-How-to-create-a-SMS-and-RCS-automation,conversations,49375845122587,Automations,conversations/How-to-create-a-SMS-and-RCS-automation-34158785231515.md,_source/articles/34158785231515.json,_source/articles/34158785231515.body.html,_source/rendered/34158785231515.html,yes,conversations/How-to-create-a-SMS-and-RCS-automation.md,yes,10839,publish,如何创建 SMS 和 RCS 自动化,https://dynamicycle.com/docs/articles-how-to-create-a-sms-and-rcs-automation/
40116727375771,How to create a WhatsApp automation,https://help.klaviyo.com/hc/en-us/articles/40116727375771-How-to-create-a-WhatsApp-automation,conversations,49375845122587,Automations,conversations/How-to-create-a-WhatsApp-automation-40116727375771.md,_source/articles/40116727375771.json,_source/articles/40116727375771.body.html,_source/rendered/40116727375771.html,yes,conversations/How-to-create-a-WhatsApp-automation.md,yes,10330,upload_meta_only,如何创建 WhatsApp 自动化,
34174737534363,"How to edit, turn off, or delete automations",https://help.klaviyo.com/hc/en-us/articles/34174737534363-How-to-edit-turn-off-or-delete-automations,conversations,49375845122587,Automations,"conversations/How-to-edit,-turn-off,-or-delete-automations-34174737534363.md",_source/articles/34174737534363.json,_source/articles/34174737534363.body.html,_source/rendered/34174737534363.html,yes,"conversations/How-to-edit,-turn-off,-or-delete-automations.md",yes,11112,publish,如何编辑、关闭或删除自动化,https://dynamicycle.com/docs/articles-how-to-edit-turn-off-or-delete-automations/
44483282667163,How to launch your Customer Agent,https://help.klaviyo.com/hc/en-us/articles/44483282667163-How-to-launch-your-Customer-Agent,conversations,49375900228635,Customer Agent,conversations/How-to-launch-your-Customer-Agent-44483282667163.md,_source/articles/44483282667163.json,_source/articles/44483282667163.body.html,_source/rendered/44483282667163.html,yes,conversations/How-to-launch-your-Customer-Agent.md,yes,10282,upload_meta_only,如何启动您的客户代理,
34175751807515,How to preview automations,https://help.klaviyo.com/hc/en-us/articles/34175751807515-How-to-preview-automations,conversations,49375845122587,Automations,conversations/How-to-preview-automations-34175751807515.md,_source/articles/34175751807515.json,_source/articles/34175751807515.body.html,_source/rendered/34175751807515.html,yes,conversations/How-to-preview-automations.md,yes,10948,publish,如何预览自动化,https://dynamicycle.com/docs/articles-how-to-preview-automations/
42533189094811,How to set your tone of voice,https://help.klaviyo.com/hc/en-us/articles/42533189094811-How-to-set-your-tone-of-voice,conversations,49375900228635,Customer Agent,conversations/How-to-set-your-tone-of-voice-42533189094811.md,_source/articles/42533189094811.json,_source/articles/42533189094811.body.html,_source/rendered/42533189094811.html,yes,conversations/How-to-set-your-tone-of-voice.md,yes,10302,upload_meta_only,如何设定你的语气,
37659457059739,How to test your Customer Agent,https://help.klaviyo.com/hc/en-us/articles/37659457059739-How-to-test-your-Customer-Agent,conversations,49375900228635,Customer Agent,conversations/How-to-test-your-Customer-Agent-37659457059739.md,_source/articles/37659457059739.json,_source/articles/37659457059739.body.html,_source/rendered/37659457059739.html,yes,conversations/How-to-test-your-Customer-Agent.md,yes,10946,publish,如何测试您的客户代理,https://dynamicycle.com/docs/articles-how-to-test-your-customer-agent/
44177833708571,How to use coupon retrieval with the Customer Agent,https://help.klaviyo.com/hc/en-us/articles/44177833708571-How-to-use-coupon-retrieval-with-the-Customer-Agent,conversations,49375900228635,Customer Agent,conversations/How-to-use-coupon-retrieval-with-the-Customer-Agent-44177833708571.md,_source/articles/44177833708571.json,_source/articles/44177833708571.body.html,,yes,conversations/How-to-use-coupon-retrieval-with-the-Customer-Agent.md,yes,10289,upload_meta_only,如何通过客户代理使用优惠券检索,
47792322896667,How to use the Loyalty skill,https://help.klaviyo.com/hc/en-us/articles/47792322896667-How-to-use-the-Loyalty-skill,conversations,49375900228635,Customer Agent,conversations/How-to-use-the-Loyalty-skill-47792322896667.md,_source/articles/47792322896667.json,_source/articles/47792322896667.body.html,,yes,conversations/How-to-use-the-Loyalty-skill.md,yes,10237,upload_meta_only,如何使用忠诚技能,
46881677361435,How to use the Order Editing skill,https://help.klaviyo.com/hc/en-us/articles/46881677361435-How-to-use-the-Order-Editing-skill,conversations,49375900228635,Customer Agent,conversations/How-to-use-the-Order-Editing-skill-46881677361435.md,_source/articles/46881677361435.json,_source/articles/46881677361435.body.html,,yes,conversations/How-to-use-the-Order-Editing-skill.md,yes,10246,upload_meta_only,如何使用订单编辑技能,
46881399074331,How to use the Returns and Exchanges skill,https://help.klaviyo.com/hc/en-us/articles/46881399074331-How-to-use-the-Returns-and-Exchanges-skill,conversations,49375900228635,Customer Agent,conversations/How-to-use-the-Returns-and-Exchanges-skill-46881399074331.md,_source/articles/46881399074331.json,_source/articles/46881399074331.body.html,,yes,conversations/How-to-use-the-Returns-and-Exchanges-skill.md,yes,10247,upload_meta_only,如何使用退货和换货技能,
47635125037595,How to use the Subscriptions skill,https://help.klaviyo.com/hc/en-us/articles/47635125037595-How-to-use-the-Subscriptions-skill,conversations,49375900228635,Customer Agent,conversations/How-to-use-the-Subscriptions-skill-47635125037595.md,_source/articles/47635125037595.json,_source/articles/47635125037595.body.html,,yes,conversations/How-to-use-the-Subscriptions-skill.md,yes,10239,upload_meta_only,如何使用订阅技能,
34174623457051,How to view analytics for an automation,https://help.klaviyo.com/hc/en-us/articles/34174623457051-How-to-view-analytics-for-an-automation,conversations,49375845122587,Automations,conversations/How-to-view-analytics-for-an-automation-34174623457051.md,_source/articles/34174623457051.json,_source/articles/34174623457051.body.html,_source/rendered/34174623457051.html,yes,conversations/How-to-view-analytics-for-an-automation.md,yes,11033,publish,如何查看自动化分析,https://dynamicycle.com/docs/articles-how-to-view-analytics-for-an-automation/
37659474656027,Managing Customer Agent settings,https://help.klaviyo.com/hc/en-us/articles/37659474656027-Managing-Customer-Agent-settings,conversations,49375900228635,Customer Agent,conversations/Managing-Customer-Agent-settings-37659474656027.md,_source/articles/37659474656027.json,_source/articles/37659474656027.body.html,_source/rendered/37659474656027.html,yes,conversations/Managing-Customer-Agent-settings.md,yes,11111,publish,管理客户代理设置,https://dynamicycle.com/docs/articles-managing-customer-agent-settings/
45953417955867,Ticket History: View and Manage Past Interactions,https://help.klaviyo.com/hc/en-us/articles/45953417955867-Ticket-History-View-and-Manage-Past-Interactions,conversations,49375591462811,Configure and use Helpdesk,conversations/Ticket-History-View-and-Manage-Past-Interactions-45953417955867.md,_source/articles/45953417955867.json,_source/articles/45953417955867.body.html,_source/rendered/45953417955867.html,yes,conversations/Ticket-History-View-and-Manage-Past-Interactions.md,yes,10263,upload_meta_only,工单历史记录：查看和管理过去的交互,
40496146232219,Understand how KlaviyoAIBot works,https://help.klaviyo.com/hc/en-us/articles/40496146232219-Understand-how-KlaviyoAIBot-works,conversations,49375900228635,Customer Agent,conversations/Understand-how-KlaviyoAIBot-works-40496146232219.md,_source/articles/40496146232219.json,_source/articles/40496146232219.body.html,_source/rendered/40496146232219.html,yes,conversations/Understand-how-KlaviyoAIBot-works.md,yes,11234,publish,了解 KlaviyoAIBot 的工作原理,https://dynamicycle.com/docs/articles-understand-how-klaviyoaibot-works/
45769973148571,Understanding Skills,https://help.klaviyo.com/hc/en-us/articles/45769973148571-Understanding-Skills,conversations,49375900228635,Customer Agent,conversations/Understanding-Skills-45769973148571.md,_source/articles/45769973148571.json,_source/articles/45769973148571.body.html,_source/rendered/45769973148571.html,yes,conversations/Understanding-Skills.md,yes,10265,upload_meta_only,了解技能,
37659296009883,Understanding how Customer Agent works,https://help.klaviyo.com/hc/en-us/articles/37659296009883-Understanding-how-Customer-Agent-works,conversations,49375900228635,Customer Agent,conversations/Understanding-how-Customer-Agent-works-37659296009883.md,_source/articles/37659296009883.json,_source/articles/37659296009883.body.html,,yes,conversations/Understanding-how-Customer-Agent-works.md,yes,10837,publish,了解客户代理的工作原理,https://dynamicycle.com/docs/articles-understanding-how-customer-agent-works/
37659376435483,Understanding the performance dashboard,https://help.klaviyo.com/hc/en-us/articles/37659376435483-Understanding-the-performance-dashboard,conversations,49375900228635,Customer Agent,conversations/Understanding-the-performance-dashboard-37659376435483.md,_source/articles/37659376435483.json,_source/articles/37659376435483.body.html,_source/rendered/37659376435483.html,yes,conversations/Understanding-the-performance-dashboard.md,yes,11031,publish,了解绩效仪表板,https://dynamicycle.com/docs/articles-understanding-the-performance-dashboard/
50527904871835,Customer Agent in your customer's language,https://help.klaviyo.com/hc/en-us/articles/50527904871835-Customer-Agent-in-your-customer-s-language,customer-agent,49191914194587,Guidance,customer-agent/Customer-Agent-in-your-customer's-language-50527904871835.md,_source/articles/50527904871835.json,_source/articles/50527904871835.body.html,_source/rendered/50527904871835.html,yes,customer-agent/Customer-Agent-in-your-customer's-language.md,yes,10196,upload_meta_only,使用客户语言的客户代理,
49761952891163,How to configure communication style rules,https://help.klaviyo.com/hc/en-us/articles/49761952891163-How-to-configure-communication-style-rules,customer-agent,49191914194587,Guidance,customer-agent/How-to-configure-communication-style-rules-49761952891163.md,_source/articles/49761952891163.json,_source/articles/49761952891163.body.html,_source/rendered/49761952891163.html,yes,customer-agent/How-to-configure-communication-style-rules.md,yes,10208,upload_meta_only,如何配置通信风格规则,
49761962013595,How to configure escalation rules,https://help.klaviyo.com/hc/en-us/articles/49761962013595-How-to-configure-escalation-rules,customer-agent,49191914194587,Guidance,customer-agent/How-to-configure-escalation-rules-49761962013595.md,_source/articles/49761962013595.json,_source/articles/49761962013595.body.html,_source/rendered/49761962013595.html,yes,customer-agent/How-to-configure-escalation-rules.md,yes,10205,upload_meta_only,如何配置升级规则,
49680548955163,How to create a Procedure (Beta),https://help.klaviyo.com/hc/en-us/articles/49680548955163-How-to-create-a-Procedure-Beta,customer-agent,49192766741147,Skills,customer-agent/How-to-create-a-Procedure-(Beta)-49680548955163.md,_source/articles/49680548955163.json,_source/articles/49680548955163.body.html,,yes,customer-agent/How-to-create-a-Procedure-(Beta).md,yes,10209,upload_meta_only,如何创建程序（测试版）,
49680557891355,How to create a Procedure (Beta),https://help.klaviyo.com/hc/en-us/articles/49680557891355-How-to-create-a-Procedure-Beta,customer-agent,49192766741147,Skills,customer-agent/How-to-create-a-Procedure-(Beta)-49680557891355.md,_source/articles/49680557891355.json,_source/articles/49680557891355.body.html,,yes,customer-agent/How-to-create-a-Procedure-(Beta).md,yes,10210,upload_meta_only,如何创建程序（测试版）,
49680495496987,How to create a Procedure (Beta),https://help.klaviyo.com/hc/en-us/articles/49680495496987-How-to-create-a-Procedure-Beta,customer-agent,49192766741147,Skills,customer-agent/How-to-create-a-Procedure-(Beta)-49680495496987.md,_source/articles/49680495496987.json,_source/articles/49680495496987.body.html,,yes,customer-agent/How-to-create-a-Procedure-(Beta).md,yes,10211,upload_meta_only,如何创建程序（测试版）,
49679830641691,How to create a Procedure (Beta),https://help.klaviyo.com/hc/en-us/articles/49679830641691-How-to-create-a-Procedure-Beta,customer-agent,48275014799387,Training,customer-agent/How-to-create-a-Procedure-(Beta)-49679830641691.md,_source/articles/49679830641691.json,_source/articles/49679830641691.body.html,,yes,customer-agent/How-to-create-a-Procedure-(Beta).md,yes,10215,upload_meta_only,如何创建程序（测试版）,
49679796055451,How to create a Procedure (Beta),https://help.klaviyo.com/hc/en-us/articles/49679796055451-How-to-create-a-Procedure-Beta,customer-agent,48275014799387,Training,customer-agent/How-to-create-a-Procedure-(Beta)-49679796055451.md,_source/articles/49679796055451.json,_source/articles/49679796055451.body.html,,yes,customer-agent/How-to-create-a-Procedure-(Beta).md,yes,10218,upload_meta_only,如何创建程序（测试版）,
49679733672347,How to create a Procedure (Beta),https://help.klaviyo.com/hc/en-us/articles/49679733672347-How-to-create-a-Procedure-Beta,customer-agent,48275014799387,Training,customer-agent/How-to-create-a-Procedure-(Beta)-49679733672347.md,_source/articles/49679733672347.json,_source/articles/49679733672347.body.html,,yes,customer-agent/How-to-create-a-Procedure-(Beta).md,yes,10219,upload_meta_only,如何创建程序（测试版）,
49761932711067,How to create a Skill (Beta),https://help.klaviyo.com/hc/en-us/articles/49761932711067-How-to-create-a-Skill-Beta,customer-agent,49192766741147,Skills,customer-agent/How-to-create-a-Skill-(Beta)-49761932711067.md,_source/articles/49761932711067.json,_source/articles/49761932711067.body.html,_source/rendered/49761932711067.html,yes,customer-agent/How-to-create-a-Skill-(Beta).md,yes,10206,upload_meta_only,如何创建技能（测试版）,
49994492261787,How to create a Tool (Beta),https://help.klaviyo.com/hc/en-us/articles/49994492261787-How-to-create-a-Tool-Beta,customer-agent,49994543708315,Tools,customer-agent/How-to-create-a-Tool-(Beta)-49994492261787.md,_source/articles/49994492261787.json,_source/articles/49994492261787.body.html,_source/rendered/49994492261787.html,yes,customer-agent/How-to-create-a-Tool-(Beta).md,yes,10202,upload_meta_only,如何创建工具（测试版）,
49680340021915,How to launch Customer Agent on WhatsApp,https://help.klaviyo.com/hc/en-us/articles/49680340021915-How-to-launch-Customer-Agent-on-WhatsApp,customer-agent,49192910266011,Launch,customer-agent/How-to-launch-Customer-Agent-on-WhatsApp-49680340021915.md,_source/articles/49680340021915.json,_source/articles/49680340021915.body.html,_source/rendered/49680340021915.html,yes,customer-agent/How-to-launch-Customer-Agent-on-WhatsApp.md,yes,10212,upload_meta_only,如何在 WhatsApp 上启动客户代理,
49680009548699,How to write your brand summary,https://help.klaviyo.com/hc/en-us/articles/49680009548699-How-to-write-your-brand-summary,customer-agent,49191914194587,Guidance,customer-agent/How-to-write-your-brand-summary-49680009548699.md,_source/articles/49680009548699.json,_source/articles/49680009548699.body.html,_source/rendered/49680009548699.html,yes,customer-agent/How-to-write-your-brand-summary.md,yes,10213,upload_meta_only,如何撰写您的品牌摘要,
48920080799899,Multi Email Profiles,https://help.klaviyo.com/hc/en-us/articles/48920080799899-Multi-Email-Profiles,customer-agent,48275014799387,Training,customer-agent/Multi-Email-Profiles-48920080799899.md,_source/articles/48920080799899.json,_source/articles/48920080799899.body.html,_source/rendered/48920080799899.html,yes,customer-agent/Multi-Email-Profiles.md,yes,10225,upload_meta_only,多电子邮件配置文件,
48155927563547,Understanding Guidance,https://help.klaviyo.com/hc/en-us/articles/48155927563547-Understanding-Guidance,customer-agent,49191914194587,Guidance,customer-agent/Understanding-Guidance-48155927563547.md,_source/articles/48155927563547.json,_source/articles/48155927563547.body.html,_source/rendered/48155927563547.html,yes,customer-agent/Understanding-Guidance.md,yes,10234,upload_meta_only,了解指导,
49679835212059,Understanding Procedures vs. Tools,https://help.klaviyo.com/hc/en-us/articles/49679835212059-Understanding-Procedures-vs-Tools,customer-agent,49192766741147,Skills,customer-agent/Understanding-Procedures-vs.-Tools-49679835212059.md,_source/articles/49679835212059.json,_source/articles/49679835212059.body.html,,yes,customer-agent/Understanding-Procedures-vs.-Tools.md,yes,10214,upload_meta_only,了解程序与工具,
49679774579611,Understanding Procedures vs. Tools,https://help.klaviyo.com/hc/en-us/articles/49679774579611-Understanding-Procedures-vs-Tools,customer-agent,49192766741147,Skills,customer-agent/Understanding-Procedures-vs.-Tools-49679774579611.md,_source/articles/49679774579611.json,_source/articles/49679774579611.body.html,,yes,customer-agent/Understanding-Procedures-vs.-Tools.md,yes,10216,upload_meta_only,了解程序与工具,
49679804535707,Understanding Procedures vs. Tools,https://help.klaviyo.com/hc/en-us/articles/49679804535707-Understanding-Procedures-vs-Tools,customer-agent,49192766741147,Skills,customer-agent/Understanding-Procedures-vs.-Tools-49679804535707.md,_source/articles/49679804535707.json,_source/articles/49679804535707.body.html,,yes,customer-agent/Understanding-Procedures-vs.-Tools.md,yes,10217,upload_meta_only,了解程序与工具,
49761954967707,Understanding Skills vs. Tools,https://help.klaviyo.com/hc/en-us/articles/49761954967707-Understanding-Skills-vs-Tools,customer-agent,49192766741147,Skills,customer-agent/Understanding-Skills-vs.-Tools-49761954967707.md,_source/articles/49761954967707.json,_source/articles/49761954967707.body.html,_source/rendered/49761954967707.html,yes,customer-agent/Understanding-Skills-vs.-Tools.md,yes,10207,upload_meta_only,了解技能与工具,
49994508239131,Understanding Tools,https://help.klaviyo.com/hc/en-us/articles/49994508239131-Understanding-Tools,customer-agent,49994543708315,Tools,customer-agent/Understanding-Tools-49994508239131.md,_source/articles/49994508239131.json,_source/articles/49994508239131.body.html,_source/rendered/49994508239131.html,yes,customer-agent/Understanding-Tools.md,yes,10203,upload_meta_only,了解工具,
43506836897563,Get Customer Hub performance metrics delivered via Performance Digest Emails,https://help.klaviyo.com/hc/en-us/articles/43506836897563-Get-Customer-Hub-performance-metrics-delivered-via-Performance-Digest-Emails,customer-hub,49375855492123,Build and use Customer Hub,customer-hub/Get-Customer-Hub-performance-metrics-delivered-via-Performance-Digest-Emails-43506836897563.md,_source/articles/43506836897563.json,_source/articles/43506836897563.body.html,_source/rendered/43506836897563.html,yes,customer-hub/Get-Customer-Hub-performance-metrics-delivered-via-Performance-Digest-Emails.md,yes,10292,upload_meta_only,获取通过绩效摘要电子邮件提供的客户中心绩效指标,
33660324811675,Getting started with Customer Hub,https://help.klaviyo.com/hc/en-us/articles/33660324811675-Getting-started-with-Customer-Hub,customer-hub,49375871281947,Getting started with Customer Hub,customer-hub/Getting-started-with-Customer-Hub-33660324811675.md,_source/articles/33660324811675.json,_source/articles/33660324811675.body.html,_source/rendered/33660324811675.html,yes,customer-hub/Getting-started-with-Customer-Hub.md,yes,10390,upload_meta_only,开始使用客户中心,
47792369863451,Getting started with Customer Hub for WooCommerce,https://help.klaviyo.com/hc/en-us/articles/47792369863451-Getting-started-with-Customer-Hub-for-WooCommerce,customer-hub,49375871281947,Getting started with Customer Hub,customer-hub/Getting-started-with-Customer-Hub-for-WooCommerce-47792369863451.md,_source/articles/47792369863451.json,_source/articles/47792369863451.body.html,_source/rendered/47792369863451.html,yes,customer-hub/Getting-started-with-Customer-Hub-for-WooCommerce.md,yes,10236,upload_meta_only,WooCommerce 客户中心入门,
33660391549211,Getting started with web chat,https://help.klaviyo.com/hc/en-us/articles/33660391549211-Getting-started-with-web-chat,customer-hub,49375836735387,Use web chat,customer-hub/Getting-started-with-web-chat-33660391549211.md,_source/articles/33660391549211.json,_source/articles/33660391549211.body.html,_source/rendered/33660391549211.html,yes,customer-hub/Getting-started-with-web-chat.md,yes,10389,upload_meta_only,网络聊天入门,
35094079400219,Guide to email and SMS consent collection in the Customer Hub,https://help.klaviyo.com/hc/en-us/articles/35094079400219-Guide-to-email-and-SMS-consent-collection-in-the-Customer-Hub,customer-hub,49375871281947,Getting started with Customer Hub,customer-hub/Guide-to-email-and-SMS-consent-collection-in-the-Customer-Hub-35094079400219.md,_source/articles/35094079400219.json,_source/articles/35094079400219.body.html,_source/rendered/35094079400219.html,yes,customer-hub/Guide-to-email-and-SMS-consent-collection-in-the-Customer-Hub.md,yes,10947,publish,客户中心中电子邮件和短信同意收集指南,https://dynamicycle.com/docs/articles-guide-to-email-and-sms-consent-collection-in-the-customer-hub/
47987855301659,How to Create a Personalized Onsite Banner,https://help.klaviyo.com/hc/en-us/articles/47987855301659-How-to-Create-a-Personalized-Onsite-Banner,customer-hub,49375871281947,Getting started with Customer Hub,customer-hub/How-to-Create-a-Personalized-Onsite-Banner-47987855301659.md,_source/articles/47987855301659.json,_source/articles/47987855301659.body.html,_source/rendered/47987855301659.html,yes,customer-hub/How-to-Create-a-Personalized-Onsite-Banner.md,yes,10235,upload_meta_only,如何创建个性化的现场横幅,
43956692620059,"How to add a Favorites link (icon, text, or button) to your Shopify header",https://help.klaviyo.com/hc/en-us/articles/43956692620059-How-to-add-a-Favorites-link-icon-text-or-button-to-your-Shopify-header,customer-hub,49375855492123,Build and use Customer Hub,"customer-hub/How-to-add-a-Favorites-link-(icon,-text,-or-button)-to-your-Shopify-header-43956692620059.md",_source/articles/43956692620059.json,_source/articles/43956692620059.body.html,_source/rendered/43956692620059.html,yes,"customer-hub/How-to-add-a-Favorites-link-(icon,-text,-or-button)-to-your-Shopify-header.md",yes,10290,upload_meta_only,如何将收藏夹链接（图标、文本或按钮）添加到您的 Shopify 标头,
33660636674843,How to add a help button to the Customer Hub orders tab,https://help.klaviyo.com/hc/en-us/articles/33660636674843-How-to-add-a-help-button-to-the-Customer-Hub-orders-tab,customer-hub,49375855492123,Build and use Customer Hub,customer-hub/How-to-add-a-help-button-to-the-Customer-Hub-orders-tab-33660636674843.md,_source/articles/33660636674843.json,_source/articles/33660636674843.body.html,_source/rendered/33660636674843.html,yes,customer-hub/How-to-add-a-help-button-to-the-Customer-Hub-orders-tab.md,yes,11236,publish,如何向客户中心订单选项卡添加帮助按钮,https://dynamicycle.com/docs/articles-how-to-add-a-help-button-to-the-customer-hub-orders-tab/
38298315322907,How to configure office hours for web chat,https://help.klaviyo.com/hc/en-us/articles/38298315322907-How-to-configure-office-hours-for-web-chat,customer-hub,49375836735387,Use web chat,customer-hub/How-to-configure-office-hours-for-web-chat-38298315322907.md,_source/articles/38298315322907.json,_source/articles/38298315322907.body.html,_source/rendered/38298315322907.html,yes,customer-hub/How-to-configure-office-hours-for-web-chat.md,yes,10834,publish,如何配置网络聊天的办公时间,https://dynamicycle.com/docs/articles-how-to-configure-office-hours-for-web-chat/
33660687711771,How to connect Gorgias to Customer Hub,https://help.klaviyo.com/hc/en-us/articles/33660687711771-How-to-connect-Gorgias-to-Customer-Hub,customer-hub,49375862170267,Integrate other platforms with Customer Hub,customer-hub/How-to-connect-Gorgias-to-Customer-Hub-33660687711771.md,_source/articles/33660687711771.json,_source/articles/33660687711771.body.html,_source/rendered/33660687711771.html,yes,customer-hub/How-to-connect-Gorgias-to-Customer-Hub.md,yes,10949,publish,如何将 Gorgias 连接到客户中心,https://dynamicycle.com/docs/articles-how-to-connect-gorgias-to-customer-hub/
33660672085019,How to connect Smile.io to Customer Hub,https://help.klaviyo.com/hc/en-us/articles/33660672085019-How-to-connect-Smile-io-to-Customer-Hub,customer-hub,49375862170267,Integrate other platforms with Customer Hub,customer-hub/How-to-connect-Smile.io-to-Customer-Hub-33660672085019.md,_source/articles/33660672085019.json,_source/articles/33660672085019.body.html,_source/rendered/33660672085019.html,yes,customer-hub/How-to-connect-Smile.io-to-Customer-Hub.md,yes,11113,publish,如何将 Smile.io 连接到客户中心,https://dynamicycle.com/docs/articles-how-to-connect-smile-io-to-customer-hub/
38357331656347,How to connect an order tracking provider to Customer Hub,https://help.klaviyo.com/hc/en-us/articles/38357331656347-How-to-connect-an-order-tracking-provider-to-Customer-Hub,customer-hub,49375862170267,Integrate other platforms with Customer Hub,customer-hub/How-to-connect-an-order-tracking-provider-to-Customer-Hub-38357331656347.md,_source/articles/38357331656347.json,_source/articles/38357331656347.body.html,_source/rendered/38357331656347.html,yes,customer-hub/How-to-connect-an-order-tracking-provider-to-Customer-Hub.md,yes,11030,publish,如何将订单跟踪提供商连接到客户中心,https://dynamicycle.com/docs/articles-how-to-connect-an-order-tracking-provider-to-customer-hub/
33660683592603,How to connect your returns provider to Customer Hub,https://help.klaviyo.com/hc/en-us/articles/33660683592603-How-to-connect-your-returns-provider-to-Customer-Hub,customer-hub,49375862170267,Integrate other platforms with Customer Hub,customer-hub/How-to-connect-your-returns-provider-to-Customer-Hub-33660683592603.md,_source/articles/33660683592603.json,_source/articles/33660683592603.body.html,_source/rendered/33660683592603.html,yes,customer-hub/How-to-connect-your-returns-provider-to-Customer-Hub.md,yes,10387,upload_meta_only,如何将您的退货提供商连接到客户中心,
39786250669083,How to connect your subscriptions provider to Customer Hub,https://help.klaviyo.com/hc/en-us/articles/39786250669083-How-to-connect-your-subscriptions-provider-to-Customer-Hub,customer-hub,49375862170267,Integrate other platforms with Customer Hub,customer-hub/How-to-connect-your-subscriptions-provider-to-Customer-Hub-39786250669083.md,_source/articles/39786250669083.json,_source/articles/39786250669083.body.html,_source/rendered/39786250669083.html,yes,customer-hub/How-to-connect-your-subscriptions-provider-to-Customer-Hub.md,yes,10338,upload_meta_only,如何将您的订阅提供商连接到客户中心,
36400427885979,How to create FAQs for your Customer Hub and product pages,https://help.klaviyo.com/hc/en-us/articles/36400427885979-How-to-create-FAQs-for-your-Customer-Hub-and-product-pages,customer-hub,49375855492123,Build and use Customer Hub,customer-hub/How-to-create-FAQs-for-your-Customer-Hub-and-product-pages-36400427885979.md,_source/articles/36400427885979.json,_source/articles/36400427885979.body.html,_source/rendered/36400427885979.html,yes,customer-hub/How-to-create-FAQs-for-your-Customer-Hub-and-product-pages.md,yes,11172,publish,如何为您的客户中心和产品页面创建常见问题解答,https://dynamicycle.com/docs/articles-how-to-create-faqs-for-your-customer-hub-and-product-pages/
33660517680795,How to create content blocks for Customer Hub,https://help.klaviyo.com/hc/en-us/articles/33660517680795-How-to-create-content-blocks-for-Customer-Hub,customer-hub,49375855492123,Build and use Customer Hub,customer-hub/How-to-create-content-blocks-for-Customer-Hub-33660517680795.md,_source/articles/33660517680795.json,_source/articles/33660517680795.body.html,_source/rendered/33660517680795.html,yes,customer-hub/How-to-create-content-blocks-for-Customer-Hub.md,yes,10842,publish,如何为客户中心创建内容块,https://dynamicycle.com/docs/articles-how-to-create-content-blocks-for-customer-hub/
33660504643867,How to display product recommendations in Customer Hub,https://help.klaviyo.com/hc/en-us/articles/33660504643867-How-to-display-product-recommendations-in-Customer-Hub,customer-hub,49375855492123,Build and use Customer Hub,customer-hub/How-to-display-product-recommendations-in-Customer-Hub-33660504643867.md,_source/articles/33660504643867.json,_source/articles/33660504643867.body.html,_source/rendered/33660504643867.html,no,,no,,not_uploaded,,
36998789661595,How to leverage favorites in flows,https://help.klaviyo.com/hc/en-us/articles/36998789661595-How-to-leverage-favorites-in-flows,customer-hub,49375855492123,Build and use Customer Hub,customer-hub/How-to-leverage-favorites-in-flows-36998789661595.md,_source/articles/36998789661595.json,_source/articles/36998789661595.body.html,_source/rendered/36998789661595.html,yes,customer-hub/How-to-leverage-favorites-in-flows.md,yes,11278,publish,如何利用流中的收藏夹,https://dynamicycle.com/docs/articles-how-to-leverage-favorites-in-flows/
41537373957787,How to localize Customer Hub for multi-language stores,https://help.klaviyo.com/hc/en-us/articles/41537373957787-How-to-localize-Customer-Hub-for-multi-language-stores,customer-hub,49375871281947,Getting started with Customer Hub,customer-hub/How-to-localize-Customer-Hub-for-multi-language-stores-41537373957787.md,_source/articles/41537373957787.json,_source/articles/41537373957787.body.html,_source/rendered/41537373957787.html,yes,customer-hub/How-to-localize-Customer-Hub-for-multi-language-stores.md,yes,10309,upload_meta_only,如何本地化多语言商店的客户中心,
41413854379291,How to set up Customer Hub with Headless Shopify,https://help.klaviyo.com/hc/en-us/articles/41413854379291-How-to-set-up-Customer-Hub-with-Headless-Shopify,customer-hub,49375871281947,Getting started with Customer Hub,customer-hub/How-to-set-up-Customer-Hub-with-Headless-Shopify-41413854379291.md,_source/articles/41413854379291.json,_source/articles/41413854379291.body.html,_source/rendered/41413854379291.html,yes,customer-hub/How-to-set-up-Customer-Hub-with-Headless-Shopify.md,yes,10310,upload_meta_only,如何使用 Headless Shopify 设置客户中心,
39273771656987,How to set up coupons for Customer Hub,https://help.klaviyo.com/hc/en-us/articles/39273771656987-How-to-set-up-coupons-for-Customer-Hub,customer-hub,49375855492123,Build and use Customer Hub,customer-hub/How-to-set-up-coupons-for-Customer-Hub-39273771656987.md,_source/articles/39273771656987.json,_source/articles/39273771656987.body.html,_source/rendered/39273771656987.html,yes,customer-hub/How-to-set-up-coupons-for-Customer-Hub.md,yes,11110,publish,如何为客户中心设置优惠券,https://dynamicycle.com/docs/articles-how-to-set-up-coupons-for-customer-hub/
42782506830107,How to set up the Add to Cart Widget in Customer Hub,https://help.klaviyo.com/hc/en-us/articles/42782506830107-How-to-set-up-the-Add-to-Cart-Widget-in-Customer-Hub,customer-hub,49375855492123,Build and use Customer Hub,customer-hub/How-to-set-up-the-Add-to-Cart-Widget-in-Customer-Hub-42782506830107.md,_source/articles/42782506830107.json,_source/articles/42782506830107.body.html,_source/rendered/42782506830107.html,no,,no,,not_uploaded,,
33660543083419,How to show favorite buttons on your site and in Customer Hub,https://help.klaviyo.com/hc/en-us/articles/33660543083419-How-to-show-favorite-buttons-on-your-site-and-in-Customer-Hub,customer-hub,49375855492123,Build and use Customer Hub,customer-hub/How-to-show-favorite-buttons-on-your-site-and-in-Customer-Hub-33660543083419.md,_source/articles/33660543083419.json,_source/articles/33660543083419.body.html,_source/rendered/33660543083419.html,yes,customer-hub/How-to-show-favorite-buttons-on-your-site-and-in-Customer-Hub.md,yes,10950,publish,如何在您的网站和客户中心中显示收藏夹按钮,https://dynamicycle.com/docs/articles-how-to-show-favorite-buttons-on-your-site-and-in-customer-hub/
33660618974491,How to show review star ratings in Customer Hub,https://help.klaviyo.com/hc/en-us/articles/33660618974491-How-to-show-review-star-ratings-in-Customer-Hub,customer-hub,49375862170267,Integrate other platforms with Customer Hub,customer-hub/How-to-show-review-star-ratings-in-Customer-Hub-33660618974491.md,_source/articles/33660618974491.json,_source/articles/33660618974491.body.html,_source/rendered/33660618974491.html,yes,customer-hub/How-to-show-review-star-ratings-in-Customer-Hub.md,yes,10841,publish,如何在客户中心显示评论星级,https://dynamicycle.com/docs/articles-how-to-show-review-star-ratings-in-customer-hub/
33660482389659,How to style your Customer Hub,https://help.klaviyo.com/hc/en-us/articles/33660482389659-How-to-style-your-Customer-Hub,customer-hub,49375855492123,Build and use Customer Hub,customer-hub/How-to-style-your-Customer-Hub-33660482389659.md,_source/articles/33660482389659.json,_source/articles/33660482389659.body.html,_source/rendered/33660482389659.html,yes,customer-hub/How-to-style-your-Customer-Hub.md,yes,10388,upload_meta_only,如何设计您的客户中心,
44768355991195,How to use Customer Hub with Shopify Markets,https://help.klaviyo.com/hc/en-us/articles/44768355991195-How-to-use-Customer-Hub-with-Shopify-Markets,customer-hub,49375855492123,Build and use Customer Hub,customer-hub/How-to-use-Customer-Hub-with-Shopify-Markets-44768355991195.md,_source/articles/44768355991195.json,_source/articles/44768355991195.body.html,_source/rendered/44768355991195.html,yes,customer-hub/How-to-use-Customer-Hub-with-Shopify-Markets.md,yes,10277,upload_meta_only,如何将客户中心与 Shopify Markets 结合使用,
46364536713755,Integrating Yotpo Loyalty & Referrals with Customer Hub,https://help.klaviyo.com/hc/en-us/articles/46364536713755-Integrating-Yotpo-Loyalty-Referrals-with-Customer-Hub,customer-hub,49375862170267,Integrate other platforms with Customer Hub,customer-hub/Integrating-Yotpo-Loyalty-&-Referrals-with-Customer-Hub-46364536713755.md,_source/articles/46364536713755.json,_source/articles/46364536713755.body.html,_source/rendered/46364536713755.html,yes,customer-hub/Integrating-Yotpo-Loyalty-&-Referrals-with-Customer-Hub.md,yes,10259,upload_meta_only,将 Yotpo 忠诚度和推荐与客户中心集成,
36271755028507,Smile.io and Customer Hub integration reference,https://help.klaviyo.com/hc/en-us/articles/36271755028507-Smile-io-and-Customer-Hub-integration-reference,customer-hub,49375862170267,Integrate other platforms with Customer Hub,customer-hub/Smile.io-and-Customer-Hub-integration-reference-36271755028507.md,_source/articles/36271755028507.json,_source/articles/36271755028507.body.html,_source/rendered/36271755028507.html,yes,customer-hub/Smile.io-and-Customer-Hub-integration-reference.md,yes,11173,publish,Smile.io 和客户中心集成参考,https://dynamicycle.com/docs/articles-smile-io-and-customer-hub-integration-reference/
33660581127963,Understanding how coupons work for Customer Hub,https://help.klaviyo.com/hc/en-us/articles/33660581127963-Understanding-how-coupons-work-for-Customer-Hub,customer-hub,49375871281947,Getting started with Customer Hub,customer-hub/Understanding-how-coupons-work-for-Customer-Hub-33660581127963.md,_source/articles/33660581127963.json,_source/articles/33660581127963.body.html,_source/rendered/33660581127963.html,yes,customer-hub/Understanding-how-coupons-work-for-Customer-Hub.md,yes,11316,publish,了解优惠券如何在客户中心发挥作用,https://dynamicycle.com/docs/articles-understanding-how-coupons-work-for-customer-hub/
33660382797595,Understanding the Customer Hub overview dashboard,https://help.klaviyo.com/hc/en-us/articles/33660382797595-Understanding-the-Customer-Hub-overview-dashboard,customer-hub,49375871281947,Getting started with Customer Hub,customer-hub/Understanding-the-Customer-Hub-overview-dashboard-33660382797595.md,_source/articles/33660382797595.json,_source/articles/33660382797595.body.html,_source/rendered/33660382797595.html,yes,customer-hub/Understanding-the-Customer-Hub-overview-dashboard.md,yes,10843,publish,了解客户中心概览仪表板,https://dynamicycle.com/docs/articles-understanding-the-customer-hub-overview-dashboard/
360039295051,Deliverability glossary,https://help.klaviyo.com/hc/en-us/articles/360039295051-Deliverability-glossary,deliverability-compliance,49375299121435,Getting started with email deliverability,deliverability-compliance/Deliverability-glossary-360039295051.md,_source/articles/360039295051.json,_source/articles/360039295051.body.html,_source/rendered/360039295051.html,yes,deliverability-compliance/Deliverability-glossary.md,yes,10680,upload_meta_only,可交付性术语表,
35283141315099,Deliverability vs. delivery for each channel,https://help.klaviyo.com/hc/en-us/articles/35283141315099-Deliverability-vs-delivery-for-each-channel,deliverability-compliance,49375299121435,Getting started with email deliverability,deliverability-compliance/Deliverability-vs.-delivery-for-each-channel-35283141315099.md,_source/articles/35283141315099.json,_source/articles/35283141315099.body.html,_source/rendered/35283141315099.html,yes,deliverability-compliance/Deliverability-vs.-delivery-for-each-channel.md,yes,10367,upload_meta_only,每个渠道的交付能力与交付情况,
16425927010075,Email deliverability FAQs,https://help.klaviyo.com/hc/en-us/articles/16425927010075-Email-deliverability-FAQs,deliverability-compliance,49375299121435,Getting started with email deliverability,deliverability-compliance/Email-deliverability-FAQs-16425927010075.md,_source/articles/16425927010075.json,_source/articles/16425927010075.body.html,_source/rendered/16425927010075.html,yes,deliverability-compliance/Email-deliverability-FAQs.md,yes,10533,upload_meta_only,电子邮件送达率常见问题解答,
25620771311643,Email deliverability best practices reference,https://help.klaviyo.com/hc/en-us/articles/25620771311643-Email-deliverability-best-practices-reference,deliverability-compliance,49375299121435,Getting started with email deliverability,deliverability-compliance/Email-deliverability-best-practices-reference-25620771311643.md,_source/articles/25620771311643.json,_source/articles/25620771311643.body.html,_source/rendered/25620771311643.html,yes,deliverability-compliance/Email-deliverability-best-practices-reference.md,yes,10446,upload_meta_only,电子邮件送达率最佳实践参考,
360003211651,Frequently asked questions about GDPR,https://help.klaviyo.com/hc/en-us/articles/360003211651-Frequently-asked-questions-about-GDPR,deliverability-compliance,49375422664091,GDPR and CCPA,deliverability-compliance/Frequently-asked-questions-about-GDPR-360003211651.md,_source/articles/360003211651.json,_source/articles/360003211651.body.html,_source/rendered/360003211651.html,yes,deliverability-compliance/Frequently-asked-questions-about-GDPR.md,yes,11212,publish,有关 GDPR 的常见问题,https://dynamicycle.com/docs/articles-frequently-asked-questions-about-gdpr/
360035875272,Frequently asked questions about the CCPA and CPRA,https://help.klaviyo.com/hc/en-us/articles/360035875272-Frequently-asked-questions-about-the-CCPA-and-CPRA,deliverability-compliance,49375422664091,GDPR and CCPA,deliverability-compliance/Frequently-asked-questions-about-the-CCPA-and-CPRA-360035875272.md,_source/articles/360035875272.json,_source/articles/360035875272.body.html,_source/rendered/360035875272.html,yes,deliverability-compliance/Frequently-asked-questions-about-the-CCPA-and-CPRA.md,yes,11140,publish,有关 CCPA 和 CPRA 的常见问题,https://dynamicycle.com/docs/articles-frequently-asked-questions-about-the-ccpa-and-cpra/
115000201131,Getting started with email deliverability monitoring and performance metrics,https://help.klaviyo.com/hc/en-us/articles/115000201131-Getting-started-with-email-deliverability-monitoring-and-performance-metrics,deliverability-compliance,49375400060059,Monitor deliverability and metrics,deliverability-compliance/Getting-started-with-email-deliverability-monitoring-and-performance-metrics-115000201131.md,_source/articles/115000201131.json,_source/articles/115000201131.body.html,_source/rendered/115000201131.html,yes,deliverability-compliance/Getting-started-with-email-deliverability-monitoring-and-performance-metrics.md,yes,11266,publish,开始使用电子邮件送达率监控和性能指标,https://dynamicycle.com/docs/articles-getting-started-with-email-deliverability-monitoring-and-performance-metrics/
360024994912,How to change your sender email address and sender name,https://help.klaviyo.com/hc/en-us/articles/360024994912-How-to-change-your-sender-email-address-and-sender-name,deliverability-compliance,49375370518555,Warm and ramp your domain,deliverability-compliance/How-to-change-your-sender-email-address-and-sender-name-360024994912.md,_source/articles/360024994912.json,_source/articles/360024994912.body.html,_source/rendered/360024994912.html,yes,deliverability-compliance/How-to-change-your-sender-email-address-and-sender-name.md,yes,10783,publish,如何更改发件人电子邮件地址和发件人姓名,https://dynamicycle.com/docs/articles-how-to-change-your-sender-email-address-and-sender-name/
360003536031,How to collect GDPR-compliant consent,https://help.klaviyo.com/hc/en-us/articles/360003536031-How-to-collect-GDPR-compliant-consent,deliverability-compliance,49375422664091,GDPR and CCPA,deliverability-compliance/How-to-collect-GDPR-compliant-consent-360003536031.md,_source/articles/360003536031.json,_source/articles/360003536031.body.html,_source/rendered/360003536031.html,yes,deliverability-compliance/How-to-collect-GDPR-compliant-consent.md,yes,10910,publish,如何收集符合 GDPR 规定的同意书,https://dynamicycle.com/docs/articles-how-to-collect-gdpr-compliant-consent/
360038973652,How to comply with data privacy laws,https://help.klaviyo.com/hc/en-us/articles/360038973652-How-to-comply-with-data-privacy-laws,deliverability-compliance,49375384641435,Klaviyo compliance,deliverability-compliance/How-to-comply-with-data-privacy-laws-360038973652.md,_source/articles/360038973652.json,_source/articles/360038973652.body.html,_source/rendered/360038973652.html,yes,deliverability-compliance/How-to-comply-with-data-privacy-laws.md,yes,10679,upload_meta_only,如何遵守数据隐私法,
360057036052,How to decrease bounce rates,https://help.klaviyo.com/hc/en-us/articles/360057036052-How-to-decrease-bounce-rates,deliverability-compliance,49375400060059,Monitor deliverability and metrics,deliverability-compliance/How-to-decrease-bounce-rates-360057036052.md,_source/articles/360057036052.json,_source/articles/360057036052.body.html,_source/rendered/360057036052.html,yes,deliverability-compliance/How-to-decrease-bounce-rates.md,yes,10633,upload_meta_only,如何降低跳出率,
360002117891,How to get your full email header,https://help.klaviyo.com/hc/en-us/articles/360002117891-How-to-get-your-full-email-header,deliverability-compliance,49375384641435,Klaviyo compliance,deliverability-compliance/How-to-get-your-full-email-header-360002117891.md,_source/articles/360002117891.json,_source/articles/360002117891.body.html,_source/rendered/360002117891.html,yes,deliverability-compliance/How-to-get-your-full-email-header.md,yes,11085,publish,如何获取完整的电子邮件标题,https://dynamicycle.com/docs/articles-how-to-get-your-full-email-header/
360004217631,How to handle GDPR and CCPA requests,https://help.klaviyo.com/hc/en-us/articles/360004217631-How-to-handle-GDPR-and-CCPA-requests,deliverability-compliance,49375422664091,GDPR and CCPA,deliverability-compliance/How-to-handle-GDPR-and-CCPA-requests-360004217631.md,_source/articles/360004217631.json,_source/articles/360004217631.body.html,_source/rendered/360004217631.html,yes,deliverability-compliance/How-to-handle-GDPR-and-CCPA-requests.md,yes,11011,publish,如何处理 GDPR 和 CCPA 请求,https://dynamicycle.com/docs/articles-how-to-handle-gdpr-and-ccpa-requests/
115002565892,How to market to profiles you shouldn't email,https://help.klaviyo.com/hc/en-us/articles/115002565892-How-to-market-to-profiles-you-shouldn-t-email,deliverability-compliance,49375400846107,Deliverability best practices and tools,deliverability-compliance/How-to-market-to-profiles-you-shouldn't-email-115002565892.md,_source/articles/115002565892.json,_source/articles/115002565892.body.html,_source/rendered/115002565892.html,yes,deliverability-compliance/How-to-market-to-profiles-you-shouldn't-email.md,yes,10793,publish,如何向您不应该通过电子邮件发送的个人资料进行营销,https://dynamicycle.com/docs/articles-how-to-market-to-profiles-you-shouldn-t-email/
9042531198747,How to migrate your branded sending domain from a previous email service provider (ESP) to Klaviyo,https://help.klaviyo.com/hc/en-us/articles/9042531198747-How-to-migrate-your-branded-sending-domain-from-a-previous-email-service-provider-ESP-to-Klaviyo,deliverability-compliance,49375370518555,Warm and ramp your domain,deliverability-compliance/How-to-migrate-your-branded-sending-domain-from-a-previous-email-service-provider-(ESP)-to-Klaviyo-9042531198747.md,_source/articles/9042531198747.json,_source/articles/9042531198747.body.html,_source/rendered/9042531198747.html,yes,deliverability-compliance/How-to-migrate-your-branded-sending-domain-from-a-previous-email-service-provider-(ESP)-to-Klaviyo.md,yes,10575,upload_meta_only,如何将您的品牌发送域从以前的电子邮件服务提供商 (ESP) 迁移到 Klaviyo,
10767213384859,How to re-engage an old email list,https://help.klaviyo.com/hc/en-us/articles/10767213384859-How-to-re-engage-an-old-email-list,deliverability-compliance,49375400846107,Deliverability best practices and tools,deliverability-compliance/How-to-re-engage-an-old-email-list-10767213384859.md,_source/articles/10767213384859.json,_source/articles/10767213384859.body.html,_source/rendered/10767213384859.html,yes,deliverability-compliance/How-to-re-engage-an-old-email-list.md,yes,10570,upload_meta_only,如何重新参与旧电子邮件列表,
360057985791,How to reduce spam complaint rates,https://help.klaviyo.com/hc/en-us/articles/360057985791-How-to-reduce-spam-complaint-rates,deliverability-compliance,49375400060059,Monitor deliverability and metrics,deliverability-compliance/How-to-reduce-spam-complaint-rates-360057985791.md,_source/articles/360057985791.json,_source/articles/360057985791.body.html,_source/rendered/360057985791.html,yes,deliverability-compliance/How-to-reduce-spam-complaint-rates.md,yes,10632,upload_meta_only,如何降低垃圾邮件投诉率,
360015537111,How to remove spam traps from your account,https://help.klaviyo.com/hc/en-us/articles/360015537111-How-to-remove-spam-traps-from-your-account,deliverability-compliance,49375400846107,Deliverability best practices and tools,deliverability-compliance/How-to-remove-spam-traps-from-your-account-360015537111.md,_source/articles/360015537111.json,_source/articles/360015537111.body.html,_source/rendered/360015537111.html,yes,deliverability-compliance/How-to-remove-spam-traps-from-your-account.md,yes,10786,publish,如何从您的帐户中删除垃圾邮件陷阱,https://dynamicycle.com/docs/articles-how-to-remove-spam-traps-from-your-account/
8983758025883,How to repair your sender reputation,https://help.klaviyo.com/hc/en-us/articles/8983758025883-How-to-repair-your-sender-reputation,deliverability-compliance,49375400846107,Deliverability best practices and tools,deliverability-compliance/How-to-repair-your-sender-reputation-8983758025883.md,_source/articles/8983758025883.json,_source/articles/8983758025883.body.html,_source/rendered/8983758025883.html,yes,deliverability-compliance/How-to-repair-your-sender-reputation.md,yes,10576,upload_meta_only,如何修复发件人声誉,
115000357752,How to set up a branded sending domain,https://help.klaviyo.com/hc/en-us/articles/115000357752-How-to-set-up-a-branded-sending-domain,deliverability-compliance,49375370518555,Warm and ramp your domain,deliverability-compliance/How-to-set-up-a-branded-sending-domain-115000357752.md,_source/articles/115000357752.json,_source/articles/115000357752.body.html,_source/rendered/115000357752.html,yes,deliverability-compliance/How-to-set-up-a-branded-sending-domain.md,yes,11091,publish,如何设置品牌发送域,https://dynamicycle.com/docs/articles-how-to-set-up-a-branded-sending-domain/
360001550572,How to set up dedicated click tracking,https://help.klaviyo.com/hc/en-us/articles/360001550572-How-to-set-up-dedicated-click-tracking,deliverability-compliance,49375370518555,Warm and ramp your domain,deliverability-compliance/How-to-set-up-dedicated-click-tracking-360001550572.md,_source/articles/360001550572.json,_source/articles/360001550572.body.html,_source/rendered/360001550572.html,yes,deliverability-compliance/How-to-set-up-dedicated-click-tracking.md,yes,11214,publish,如何设置专用点击跟踪,https://dynamicycle.com/docs/articles-how-to-set-up-dedicated-click-tracking/
12995016978075,How to strengthen your sender reputation for a specific country,https://help.klaviyo.com/hc/en-us/articles/12995016978075-How-to-strengthen-your-sender-reputation-for-a-specific-country,deliverability-compliance,49375400846107,Deliverability best practices and tools,deliverability-compliance/How-to-strengthen-your-sender-reputation-for-a-specific-country-12995016978075.md,_source/articles/12995016978075.json,_source/articles/12995016978075.body.html,_source/rendered/12995016978075.html,yes,deliverability-compliance/How-to-strengthen-your-sender-reputation-for-a-specific-country.md,yes,10558,upload_meta_only,如何增强发件人在特定国家/地区的声誉,
115005250368,How to strengthen your sender reputation for a specific inbox provider or email domain,https://help.klaviyo.com/hc/en-us/articles/115005250368-How-to-strengthen-your-sender-reputation-for-a-specific-inbox-provider-or-email-domain,deliverability-compliance,49375400846107,Deliverability best practices and tools,deliverability-compliance/How-to-strengthen-your-sender-reputation-for-a-specific-inbox-provider-or-email-domain-115005250368.md,_source/articles/115005250368.json,_source/articles/115005250368.body.html,_source/rendered/115005250368.html,yes,deliverability-compliance/How-to-strengthen-your-sender-reputation-for-a-specific-inbox-provider-or-email-domain.md,yes,11026,publish,如何增强特定收件箱提供商或电子邮件域的发件人声誉,https://dynamicycle.com/docs/articles-how-to-strengthen-your-sender-reputation-for-a-specific-inbox-provider-or-email-domain/
25617578366491,How to test your email content to identify spam triggers,https://help.klaviyo.com/hc/en-us/articles/25617578366491-How-to-test-your-email-content-to-identify-spam-triggers,deliverability-compliance,49375299121435,Getting started with email deliverability,deliverability-compliance/How-to-test-your-email-content-to-identify-spam-triggers-25617578366491.md,_source/articles/25617578366491.json,_source/articles/25617578366491.body.html,_source/rendered/25617578366491.html,yes,deliverability-compliance/How-to-test-your-email-content-to-identify-spam-triggers.md,yes,10447,upload_meta_only,如何测试您的电子邮件内容以识别垃圾邮件触发器,
21330028699419,How to verify email authentication configurations,https://help.klaviyo.com/hc/en-us/articles/21330028699419-How-to-verify-email-authentication-configurations,deliverability-compliance,49375400060059,Monitor deliverability and metrics,deliverability-compliance/How-to-verify-email-authentication-configurations-21330028699419.md,_source/articles/21330028699419.json,_source/articles/21330028699419.body.html,_source/rendered/21330028699419.html,yes,deliverability-compliance/How-to-verify-email-authentication-configurations.md,yes,10485,upload_meta_only,如何验证电子邮件身份验证配置,
20413890435355,How to warm your sending domain in Klaviyo,https://help.klaviyo.com/hc/en-us/articles/20413890435355-How-to-warm-your-sending-domain-in-Klaviyo,deliverability-compliance,49375370518555,Warm and ramp your domain,deliverability-compliance/How-to-warm-your-sending-domain-in-Klaviyo-20413890435355.md,_source/articles/20413890435355.json,_source/articles/20413890435355.body.html,_source/rendered/20413890435355.html,yes,deliverability-compliance/How-to-warm-your-sending-domain-in-Klaviyo.md,yes,10490,upload_meta_only,如何在 Klaviyo 中温暖您的发送域,
360042967052,Third-party deliverability monitoring tools reference,https://help.klaviyo.com/hc/en-us/articles/360042967052-Third-party-deliverability-monitoring-tools-reference,deliverability-compliance,49375400060059,Monitor deliverability and metrics,deliverability-compliance/Third-party-deliverability-monitoring-tools-reference-360042967052.md,_source/articles/360042967052.json,_source/articles/360042967052.body.html,_source/rendered/360042967052.html,yes,deliverability-compliance/Third-party-deliverability-monitoring-tools-reference.md,yes,10673,upload_meta_only,第三方交付率监控工具参考,
4417768780827,Troubleshooting branded sending domain issues,https://help.klaviyo.com/hc/en-us/articles/4417768780827-Troubleshooting-branded-sending-domain-issues,deliverability-compliance,49375400060059,Monitor deliverability and metrics,deliverability-compliance/Troubleshooting-branded-sending-domain-issues-4417768780827.md,_source/articles/4417768780827.json,_source/articles/4417768780827.body.html,_source/rendered/4417768780827.html,yes,deliverability-compliance/Troubleshooting-branded-sending-domain-issues.md,yes,10598,upload_meta_only,解决品牌发送域问题,
360043802871,Troubleshooting decreasing KPIs,https://help.klaviyo.com/hc/en-us/articles/360043802871-Troubleshooting-decreasing-KPIs,deliverability-compliance,49375400060059,Monitor deliverability and metrics,deliverability-compliance/Troubleshooting-decreasing-KPIs-360043802871.md,_source/articles/360043802871.json,_source/articles/360043802871.body.html,_source/rendered/360043802871.html,yes,deliverability-compliance/Troubleshooting-decreasing-KPIs.md,yes,10672,upload_meta_only,解决 KPI 下降的问题,
12034571748251,Troubleshooting why emails go to spam,https://help.klaviyo.com/hc/en-us/articles/12034571748251-Troubleshooting-why-emails-go-to-spam,deliverability-compliance,49375400846107,Deliverability best practices and tools,deliverability-compliance/Troubleshooting-why-emails-go-to-spam-12034571748251.md,_source/articles/12034571748251.json,_source/articles/12034571748251.body.html,_source/rendered/12034571748251.html,yes,deliverability-compliance/Troubleshooting-why-emails-go-to-spam.md,yes,10562,upload_meta_only,解决电子邮件成为垃圾邮件的原因,
17976334449947,Understand role-based email addresses and their impact on deliverability,https://help.klaviyo.com/hc/en-us/articles/17976334449947-Understand-role-based-email-addresses-and-their-impact-on-deliverability,deliverability-compliance,49375299121435,Getting started with email deliverability,deliverability-compliance/Understand-role-based-email-addresses-and-their-impact-on-deliverability-17976334449947.md,_source/articles/17976334449947.json,_source/articles/17976334449947.body.html,_source/rendered/17976334449947.html,yes,deliverability-compliance/Understand-role-based-email-addresses-and-their-impact-on-deliverability.md,yes,10515,upload_meta_only,了解基于角色的电子邮件地址及其对送达率的影响,
15268721014811,Understand the domains that play a role in email deliverability,https://help.klaviyo.com/hc/en-us/articles/15268721014811-Understand-the-domains-that-play-a-role-in-email-deliverability,deliverability-compliance,49375299121435,Getting started with email deliverability,deliverability-compliance/Understand-the-domains-that-play-a-role-in-email-deliverability-15268721014811.md,_source/articles/15268721014811.json,_source/articles/15268721014811.body.html,_source/rendered/15268721014811.html,yes,deliverability-compliance/Understand-the-domains-that-play-a-role-in-email-deliverability.md,yes,10547,upload_meta_only,了解在电子邮件送达率中发挥作用的域,
115005078307,Understanding Gmail's tabbed inbox,https://help.klaviyo.com/hc/en-us/articles/115005078307-Understanding-Gmail-s-tabbed-inbox,deliverability-compliance,49375400846107,Deliverability best practices and tools,deliverability-compliance/Understanding-Gmail's-tabbed-inbox-115005078307.md,_source/articles/115005078307.json,_source/articles/115005078307.body.html,_source/rendered/115005078307.html,yes,deliverability-compliance/Understanding-Gmail's-tabbed-inbox.md,yes,11227,publish,了解 Gmail 的选项卡式收件箱,https://dynamicycle.com/docs/articles-understanding-gmail-s-tabbed-inbox/
115000308972,Understanding Klaviyo's anti-abuse and campaign performance monitoring,https://help.klaviyo.com/hc/en-us/articles/115000308972-Understanding-Klaviyo-s-anti-abuse-and-campaign-performance-monitoring,deliverability-compliance,49375384641435,Klaviyo compliance,deliverability-compliance/Understanding-Klaviyo's-anti-abuse-and-campaign-performance-monitoring-115000308972.md,_source/articles/115000308972.json,_source/articles/115000308972.body.html,_source/rendered/115000308972.html,yes,deliverability-compliance/Understanding-Klaviyo's-anti-abuse-and-campaign-performance-monitoring.md,yes,11016,publish,了解 Klaviyo 的反滥用和活动绩效监控,https://dynamicycle.com/docs/articles-understanding-klaviyo-s-anti-abuse-and-campaign-performance-monitoring/
28311927819163,Understanding Klaviyo's reputation repair AI,https://help.klaviyo.com/hc/en-us/articles/28311927819163-Understanding-Klaviyo-s-reputation-repair-AI,deliverability-compliance,49375400846107,Deliverability best practices and tools,deliverability-compliance/Understanding-Klaviyo's-reputation-repair-AI-28311927819163.md,_source/articles/28311927819163.json,_source/articles/28311927819163.body.html,_source/rendered/28311927819163.html,yes,deliverability-compliance/Understanding-Klaviyo's-reputation-repair-AI.md,yes,10420,upload_meta_only,了解 Klaviyo 的声誉修复 AI,
22981852783899,Understanding bot clicks,https://help.klaviyo.com/hc/en-us/articles/22981852783899-Understanding-bot-clicks,deliverability-compliance,49375299121435,Getting started with email deliverability,deliverability-compliance/Understanding-bot-clicks-22981852783899.md,_source/articles/22981852783899.json,_source/articles/22981852783899.body.html,_source/rendered/22981852783899.html,yes,deliverability-compliance/Understanding-bot-clicks.md,yes,10470,upload_meta_only,了解机器人点击,
115005250408,Understanding bounced emails in Klaviyo,https://help.klaviyo.com/hc/en-us/articles/115005250408-Understanding-bounced-emails-in-Klaviyo,deliverability-compliance,49375400060059,Monitor deliverability and metrics,deliverability-compliance/Understanding-bounced-emails-in-Klaviyo-115005250408.md,_source/articles/115005250408.json,_source/articles/115005250408.body.html,_source/rendered/115005250408.html,yes,deliverability-compliance/Understanding-bounced-emails-in-Klaviyo.md,yes,10938,publish,了解 Klaviyo 中的退回电子邮件,https://dynamicycle.com/docs/articles-understanding-bounced-emails-in-klaviyo/
7674941873947,Understanding branded vs. shared sending domains,https://help.klaviyo.com/hc/en-us/articles/7674941873947-Understanding-branded-vs-shared-sending-domains,deliverability-compliance,49375299121435,Getting started with email deliverability,deliverability-compliance/Understanding-branded-vs.-shared-sending-domains-7674941873947.md,_source/articles/7674941873947.json,_source/articles/7674941873947.body.html,_source/rendered/7674941873947.html,yes,deliverability-compliance/Understanding-branded-vs.-shared-sending-domains.md,yes,10582,upload_meta_only,了解品牌与共享发送域,
360002057172,Understanding compliant lists,https://help.klaviyo.com/hc/en-us/articles/360002057172-Understanding-compliant-lists,deliverability-compliance,49375384641435,Klaviyo compliance,deliverability-compliance/Understanding-compliant-lists-360002057172.md,_source/articles/360002057172.json,_source/articles/360002057172.body.html,_source/rendered/360002057172.html,yes,deliverability-compliance/Understanding-compliant-lists.md,yes,10913,publish,了解合规列表,https://dynamicycle.com/docs/articles-understanding-compliant-lists/
7521152741403,Understanding dedicated IP warming,https://help.klaviyo.com/hc/en-us/articles/7521152741403-Understanding-dedicated-IP-warming,deliverability-compliance,49375370518555,Warm and ramp your domain,deliverability-compliance/Understanding-dedicated-IP-warming-7521152741403.md,_source/articles/7521152741403.json,_source/articles/7521152741403.body.html,_source/rendered/7521152741403.html,yes,deliverability-compliance/Understanding-dedicated-IP-warming.md,yes,10583,upload_meta_only,了解专用 IP 预热,
7675517826587,Understanding dedicated vs. shared IPs,https://help.klaviyo.com/hc/en-us/articles/7675517826587-Understanding-dedicated-vs-shared-IPs,deliverability-compliance,49375299121435,Getting started with email deliverability,deliverability-compliance/Understanding-dedicated-vs.-shared-IPs-7675517826587.md,_source/articles/7675517826587.json,_source/articles/7675517826587.body.html,_source/rendered/7675517826587.html,yes,deliverability-compliance/Understanding-dedicated-vs.-shared-IPs.md,yes,10581,upload_meta_only,了解专用 IP 与共享 IP,
4402601857307,Understanding email authentication,https://help.klaviyo.com/hc/en-us/articles/4402601857307-Understanding-email-authentication,deliverability-compliance,49375299121435,Getting started with email deliverability,deliverability-compliance/Understanding-email-authentication-4402601857307.md,_source/articles/4402601857307.json,_source/articles/4402601857307.body.html,_source/rendered/4402601857307.html,yes,deliverability-compliance/Understanding-email-authentication.md,yes,10614,upload_meta_only,了解电子邮件身份验证,
115005247008,Understanding email deliverability,https://help.klaviyo.com/hc/en-us/articles/115005247008-Understanding-email-deliverability,deliverability-compliance,49375299121435,Getting started with email deliverability,deliverability-compliance/Understanding-email-deliverability-115005247008.md,_source/articles/115005247008.json,_source/articles/115005247008.body.html,_source/rendered/115005247008.html,yes,deliverability-compliance/Understanding-email-deliverability.md,yes,10825,publish,了解电子邮件的送达率,https://dynamicycle.com/docs/articles-understanding-email-deliverability/
360057471831,Understanding email unsubscribe rates,https://help.klaviyo.com/hc/en-us/articles/360057471831-Understanding-email-unsubscribe-rates,deliverability-compliance,49375400060059,Monitor deliverability and metrics,deliverability-compliance/Understanding-email-unsubscribe-rates-360057471831.md,_source/articles/360057471831.json,_source/articles/360057471831.body.html,_source/rendered/360057471831.html,yes,deliverability-compliance/Understanding-email-unsubscribe-rates.md,yes,10634,upload_meta_only,了解电子邮件退订率,
4404203889947,Understanding explicit vs. implicit consent,https://help.klaviyo.com/hc/en-us/articles/4404203889947-Understanding-explicit-vs-implicit-consent,deliverability-compliance,49375398329243,Consent and privacy,deliverability-compliance/Understanding-explicit-vs.-implicit-consent-4404203889947.md,_source/articles/4404203889947.json,_source/articles/4404203889947.body.html,_source/rendered/4404203889947.html,yes,deliverability-compliance/Understanding-explicit-vs.-implicit-consent.md,yes,10608,upload_meta_only,了解明确同意与默示同意,
4402636609691,Understanding guided warming in Klaviyo,https://help.klaviyo.com/hc/en-us/articles/4402636609691-Understanding-guided-warming-in-Klaviyo,deliverability-compliance,49375370518555,Warm and ramp your domain,deliverability-compliance/Understanding-guided-warming-in-Klaviyo-4402636609691.md,_source/articles/4402636609691.json,_source/articles/4402636609691.body.html,_source/rendered/4402636609691.html,yes,deliverability-compliance/Understanding-guided-warming-in-Klaviyo.md,yes,10613,upload_meta_only,了解 Klaviyo 的引导升温,
4403357054363,Understanding how third-party cookie updates affect Klaviyo tracking,https://help.klaviyo.com/hc/en-us/articles/4403357054363-Understanding-how-third-party-cookie-updates-affect-Klaviyo-tracking,deliverability-compliance,49375384641435,Klaviyo compliance,deliverability-compliance/Understanding-how-third-party-cookie-updates-affect-Klaviyo-tracking-4403357054363.md,_source/articles/4403357054363.json,_source/articles/4403357054363.body.html,_source/rendered/4403357054363.html,yes,deliverability-compliance/Understanding-how-third-party-cookie-updates-affect-Klaviyo-tracking.md,yes,10612,upload_meta_only,了解第三方 cookie 更新如何影响 Klaviyo 跟踪,
9890182538011,Understanding list bombing and how to remove fake profiles,https://help.klaviyo.com/hc/en-us/articles/9890182538011-Understanding-list-bombing-and-how-to-remove-fake-profiles,deliverability-compliance,49375400846107,Deliverability best practices and tools,deliverability-compliance/Understanding-list-bombing-and-how-to-remove-fake-profiles-9890182538011.md,_source/articles/9890182538011.json,_source/articles/9890182538011.body.html,_source/rendered/9890182538011.html,yes,deliverability-compliance/Understanding-list-bombing-and-how-to-remove-fake-profiles.md,yes,10572,upload_meta_only,了解列表轰炸以及如何删除虚假个人资料,
8982419385499,Understanding next steps after warming your email domain,https://help.klaviyo.com/hc/en-us/articles/8982419385499-Understanding-next-steps-after-warming-your-email-domain,deliverability-compliance,49375370518555,Warm and ramp your domain,deliverability-compliance/Understanding-next-steps-after-warming-your-email-domain-8982419385499.md,_source/articles/8982419385499.json,_source/articles/8982419385499.body.html,_source/rendered/8982419385499.html,yes,deliverability-compliance/Understanding-next-steps-after-warming-your-email-domain.md,yes,10577,upload_meta_only,了解预热电子邮件域后的后续步骤,
7520811253275,Understanding ramping vs. warming,https://help.klaviyo.com/hc/en-us/articles/7520811253275-Understanding-ramping-vs-warming,deliverability-compliance,49375370518555,Warm and ramp your domain,deliverability-compliance/Understanding-ramping-vs.-warming-7520811253275.md,_source/articles/7520811253275.json,_source/articles/7520811253275.body.html,_source/rendered/7520811253275.html,yes,deliverability-compliance/Understanding-ramping-vs.-warming.md,yes,10584,upload_meta_only,了解升温与升温,
15332906406171,Understanding sender reputation,https://help.klaviyo.com/hc/en-us/articles/15332906406171-Understanding-sender-reputation,deliverability-compliance,49375299121435,Getting started with email deliverability,deliverability-compliance/Understanding-sender-reputation-15332906406171.md,_source/articles/15332906406171.json,_source/articles/15332906406171.body.html,_source/rendered/15332906406171.html,yes,deliverability-compliance/Understanding-sender-reputation.md,yes,10545,upload_meta_only,了解发件人信誉,
360003019251,Understanding spam traps,https://help.klaviyo.com/hc/en-us/articles/360003019251-Understanding-spam-traps,deliverability-compliance,49375400060059,Monitor deliverability and metrics,deliverability-compliance/Understanding-spam-traps-360003019251.md,_source/articles/360003019251.json,_source/articles/360003019251.body.html,_source/rendered/360003019251.html,yes,deliverability-compliance/Understanding-spam-traps.md,yes,10788,publish,了解垃圾邮件陷阱,https://dynamicycle.com/docs/articles-understanding-spam-traps/
115000628531,Understanding suspicious templates in Klaviyo,https://help.klaviyo.com/hc/en-us/articles/115000628531-Understanding-suspicious-templates-in-Klaviyo,deliverability-compliance,49375384641435,Klaviyo compliance,deliverability-compliance/Understanding-suspicious-templates-in-Klaviyo-115000628531.md,_source/articles/115000628531.json,_source/articles/115000628531.body.html,_source/rendered/115000628531.html,yes,deliverability-compliance/Understanding-suspicious-templates-in-Klaviyo.md,yes,11154,publish,了解 Klaviyo 中的可疑模板,https://dynamicycle.com/docs/articles-understanding-suspicious-templates-in-klaviyo/
115000628331,Understanding the account verification check,https://help.klaviyo.com/hc/en-us/articles/115000628331-Understanding-the-account-verification-check,deliverability-compliance,49375384641435,Klaviyo compliance,deliverability-compliance/Understanding-the-account-verification-check-115000628331.md,_source/articles/115000628331.json,_source/articles/115000628331.body.html,_source/rendered/115000628331.html,yes,deliverability-compliance/Understanding-the-account-verification-check.md,yes,10797,publish,了解帐户验证检查,https://dynamicycle.com/docs/articles-understanding-the-account-verification-check/
12695416712219,Understanding the deliverability tab in campaigns and flows,https://help.klaviyo.com/hc/en-us/articles/12695416712219-Understanding-the-deliverability-tab-in-campaigns-and-flows,deliverability-compliance,49375400060059,Monitor deliverability and metrics,deliverability-compliance/Understanding-the-deliverability-tab-in-campaigns-and-flows-12695416712219.md,_source/articles/12695416712219.json,_source/articles/12695416712219.body.html,_source/rendered/12695416712219.html,yes,deliverability-compliance/Understanding-the-deliverability-tab-in-campaigns-and-flows.md,yes,10561,upload_meta_only,了解营销活动和流程中的送达率选项卡,
20414723525531,Understanding the platform introduction process in Klaviyo,https://help.klaviyo.com/hc/en-us/articles/20414723525531-Understanding-the-platform-introduction-process-in-Klaviyo,deliverability-compliance,49375370518555,Warm and ramp your domain,deliverability-compliance/Understanding-the-platform-introduction-process-in-Klaviyo-20414723525531.md,_source/articles/20414723525531.json,_source/articles/20414723525531.body.html,_source/rendered/20414723525531.html,yes,deliverability-compliance/Understanding-the-platform-introduction-process-in-Klaviyo.md,yes,10489,upload_meta_only,了解 Klaviyo 中的平台引入流程,
1260804570090,Understanding the t-online.de inbox placement requirements,https://help.klaviyo.com/hc/en-us/articles/1260804570090-Understanding-the-t-online-de-inbox-placement-requirements,deliverability-compliance,49375400060059,Monitor deliverability and metrics,deliverability-compliance/Understanding-the-t-online.de-inbox-placement-requirements-1260804570090.md,_source/articles/1260804570090.json,_source/articles/1260804570090.body.html,_source/rendered/1260804570090.html,yes,deliverability-compliance/Understanding-the-t-online.de-inbox-placement-requirements.md,yes,10623,upload_meta_only,了解 t-online.de 收件箱放置要求,
26024442679835,Understanding transactional messages,https://help.klaviyo.com/hc/en-us/articles/26024442679835-Understanding-transactional-messages,deliverability-compliance,49375398329243,Consent and privacy,deliverability-compliance/Understanding-transactional-messages-26024442679835.md,_source/articles/26024442679835.json,_source/articles/26024442679835.body.html,_source/rendered/26024442679835.html,yes,deliverability-compliance/Understanding-transactional-messages.md,yes,10439,upload_meta_only,了解事务消息,
360055457791,Understanding what a branded sending subdomain is,https://help.klaviyo.com/hc/en-us/articles/360055457791-Understanding-what-a-branded-sending-subdomain-is,deliverability-compliance,49375299121435,Getting started with email deliverability,deliverability-compliance/Understanding-what-a-branded-sending-subdomain-is-360055457791.md,_source/articles/360055457791.json,_source/articles/360055457791.body.html,_source/rendered/360055457791.html,yes,deliverability-compliance/Understanding-what-a-branded-sending-subdomain-is.md,yes,10638,upload_meta_only,了解什么是品牌发送子域,
360025945671,Understanding which warming process to use in Klaviyo,https://help.klaviyo.com/hc/en-us/articles/360025945671-Understanding-which-warming-process-to-use-in-Klaviyo,deliverability-compliance,49375370518555,Warm and ramp your domain,deliverability-compliance/Understanding-which-warming-process-to-use-in-Klaviyo-360025945671.md,_source/articles/360025945671.json,_source/articles/360025945671.body.html,_source/rendered/360025945671.html,yes,deliverability-compliance/Understanding-which-warming-process-to-use-in-Klaviyo.md,yes,11144,publish,了解在 Klaviyo 中使用哪种升温过程,https://dynamicycle.com/docs/articles-understanding-which-warming-process-to-use-in-klaviyo/
115005250468,Understanding why some preview emails go to spam,https://help.klaviyo.com/hc/en-us/articles/115005250468-Understanding-why-some-preview-emails-go-to-spam,deliverability-compliance,49375400846107,Deliverability best practices and tools,deliverability-compliance/Understanding-why-some-preview-emails-go-to-spam-115005250468.md,_source/articles/115005250468.json,_source/articles/115005250468.body.html,_source/rendered/115005250468.html,yes,deliverability-compliance/Understanding-why-some-preview-emails-go-to-spam.md,yes,11099,publish,了解为什么某些预览电子邮件会成为垃圾邮件,https://dynamicycle.com/docs/articles-understanding-why-some-preview-emails-go-to-spam/
360033669452,Benchmarks for flow emails reference,https://help.klaviyo.com/hc/en-us/articles/360033669452-Benchmarks-for-flow-emails-reference,flows,49375565920923,Test and optimize flows,flows/Benchmarks-for-flow-emails-reference-360033669452.md,_source/articles/360033669452.json,_source/articles/360033669452.body.html,_source/rendered/360033669452.html,yes,flows/Benchmarks-for-flow-emails-reference.md,yes,11430,publish,流电子邮件参考基准,https://dynamicycle.com/docs/articles-benchmarks-for-flow-emails-reference/
20016490907163,Changes to flow filtering on consent reference,https://help.klaviyo.com/hc/en-us/articles/20016490907163-Changes-to-flow-filtering-on-consent-reference,flows,49375526765723,Understand flows,flows/Changes-to-flow-filtering-on-consent-reference-20016490907163.md,_source/articles/20016490907163.json,_source/articles/20016490907163.body.html,_source/rendered/20016490907163.html,yes,flows/Changes-to-flow-filtering-on-consent-reference.md,yes,10491,upload_meta_only,同意参考的流量过滤的更改,
360054130591,Flow Glossary,https://help.klaviyo.com/hc/en-us/articles/360054130591-Flow-Glossary,flows,49375526765723,Understand flows,flows/Flow-Glossary-360054130591.md,_source/articles/360054130591.json,_source/articles/360054130591.body.html,_source/rendered/360054130591.html,yes,flows/Flow-Glossary.md,yes,10644,upload_meta_only,流程术语表,
115002774952,Guide to Flow Triggers and Flow Filters,https://help.klaviyo.com/hc/en-us/articles/115002774952-Guide-to-Flow-Triggers-and-Flow-Filters,flows,49375488863387,Set up flow filters and triggers,flows/Guide-to-Flow-Triggers-and-Flow-Filters-115002774952.md,_source/articles/115002774952.json,_source/articles/115002774952.body.html,,yes,flows/Guide-to-Flow-Triggers-and-Flow-Filters.md,yes,11151,publish,流触发器和流过滤器指南,https://dynamicycle.com/docs/articles-guide-to-flow-triggers-and-flow-filters/
6960371049115,How to A/B test a flow email,https://help.klaviyo.com/hc/en-us/articles/6960371049115-How-to-A-B-test-a-flow-email,flows,49375565920923,Test and optimize flows,flows/How-to-AB-test-a-flow-email-6960371049115.md,_source/articles/6960371049115.json,_source/articles/6960371049115.body.html,_source/rendered/6960371049115.html,yes,flows/How-to-AB-test-a-flow-email.md,yes,11320,publish,如何对流电子邮件进行 A/B 测试,https://dynamicycle.com/docs/articles-how-to-a-b-test-a-flow-email/
115002775152,How to A/B test a flow email (deprecated),https://help.klaviyo.com/hc/en-us/articles/115002775152-How-to-A-B-test-a-flow-email-deprecated,flows,49375565920923,Test and optimize flows,flows/How-to-AB-test-a-flow-email-(deprecated)-115002775152.md,_source/articles/115002775152.json,_source/articles/115002775152.body.html,_source/rendered/115002775152.html,yes,flows/How-to-AB-test-a-flow-email-(deprecated).md,yes,11451,publish,如何对流电子邮件进行 A/B 测试（已弃用）,https://dynamicycle.com/docs/articles-how-to-a-b-test-a-flow-email-deprecated/
360036238671,How to A/B test flow SMS messages,https://help.klaviyo.com/hc/en-us/articles/360036238671-How-to-A-B-test-flow-SMS-messages,flows,49375565920923,Test and optimize flows,flows/How-to-AB-test-flow-SMS-messages-360036238671.md,_source/articles/360036238671.json,_source/articles/360036238671.body.html,_source/rendered/360036238671.html,yes,flows/How-to-AB-test-flow-SMS-messages.md,yes,11443,publish,如何对短信流程进行 A/B 测试,https://dynamicycle.com/docs/articles-how-to-a-b-test-flow-sms-messages/
360049849432,How to A/B test flow branches,https://help.klaviyo.com/hc/en-us/articles/360049849432-How-to-A-B-test-flow-branches,flows,49375565920923,Test and optimize flows,flows/How-to-AB-test-flow-branches-360049849432.md,_source/articles/360049849432.json,_source/articles/360049849432.body.html,_source/rendered/360049849432.html,yes,flows/How-to-AB-test-flow-branches.md,yes,11379,publish,如何对流程分支进行 A/B 测试,https://dynamicycle.com/docs/articles-how-to-a-b-test-flow-branches/
4579120745115,How to Install Markdown Notifications for Shopify,https://help.klaviyo.com/hc/en-us/articles/4579120745115-How-to-Install-Markdown-Notifications-for-Shopify,flows,49375527980059,Add steps or actions to flows,flows/How-to-Install-Markdown-Notifications-for-Shopify-4579120745115.md,_source/articles/4579120745115.json,_source/articles/4579120745115.body.html,,yes,flows/How-to-Install-Markdown-Notifications-for-Shopify.md,yes,10596,upload_meta_only,如何为 Shopify 安装 Markdown 通知,
115003872171,How to add a conditional split to a flow,https://help.klaviyo.com/hc/en-us/articles/115003872171-How-to-add-a-conditional-split-to-a-flow,flows,49375527980059,Add steps or actions to flows,flows/How-to-add-a-conditional-split-to-a-flow-115003872171.md,_source/articles/115003872171.json,_source/articles/115003872171.body.html,_source/rendered/115003872171.html,yes,flows/How-to-add-a-conditional-split-to-a-flow.md,yes,11086,publish,如何向流添加条件拆分,https://dynamicycle.com/docs/articles-how-to-add-a-conditional-split-to-a-flow/
30101956634523,How to add a list update action to a flow,https://help.klaviyo.com/hc/en-us/articles/30101956634523-How-to-add-a-list-update-action-to-a-flow,flows,49375527980059,Add steps or actions to flows,flows/How-to-add-a-list-update-action-to-a-flow-30101956634523.md,_source/articles/30101956634523.json,_source/articles/30101956634523.body.html,_source/rendered/30101956634523.html,yes,flows/How-to-add-a-list-update-action-to-a-flow.md,yes,10413,upload_meta_only,如何将列表更新操作添加到流程,
12932504108571,How to add a push notification to a flow,https://help.klaviyo.com/hc/en-us/articles/12932504108571-How-to-add-a-push-notification-to-a-flow,flows,49375527980059,Add steps or actions to flows,flows/How-to-add-a-push-notification-to-a-flow-12932504108571.md,_source/articles/12932504108571.json,_source/articles/12932504108571.body.html,_source/rendered/12932504108571.html,yes,flows/How-to-add-a-push-notification-to-a-flow.md,yes,11053,publish,如何向流程添加推送通知,https://dynamicycle.com/docs/articles-how-to-add-a-push-notification-to-a-flow/
115003885212,How to add a time delay to a flow,https://help.klaviyo.com/hc/en-us/articles/115003885212-How-to-add-a-time-delay-to-a-flow,flows,49375527980059,Add steps or actions to flows,flows/How-to-add-a-time-delay-to-a-flow-115003885212.md,_source/articles/115003885212.json,_source/articles/115003885212.body.html,_source/rendered/115003885212.html,yes,flows/How-to-add-a-time-delay-to-a-flow.md,yes,10915,publish,如何向流添加时间延迟,https://dynamicycle.com/docs/articles-how-to-add-a-time-delay-to-a-flow/
115003885632,How to add a trigger split to a flow,https://help.klaviyo.com/hc/en-us/articles/115003885632-How-to-add-a-trigger-split-to-a-flow,flows,49375527980059,Add steps or actions to flows,flows/How-to-add-a-trigger-split-to-a-flow-115003885632.md,_source/articles/115003885632.json,_source/articles/115003885632.body.html,_source/rendered/115003885632.html,yes,flows/How-to-add-a-trigger-split-to-a-flow.md,yes,11014,publish,如何向流添加触发器拆分,https://dynamicycle.com/docs/articles-how-to-add-a-trigger-split-to-a-flow/
8219838827931,How to add a virtual contact card to a flow message,https://help.klaviyo.com/hc/en-us/articles/8219838827931-How-to-add-a-virtual-contact-card-to-a-flow-message,flows,49375527980059,Add steps or actions to flows,flows/How-to-add-a-virtual-contact-card-to-a-flow-message-8219838827931.md,_source/articles/8219838827931.json,_source/articles/8219838827931.body.html,_source/rendered/8219838827931.html,yes,flows/How-to-add-a-virtual-contact-card-to-a-flow-message.md,yes,10579,upload_meta_only,如何将虚拟联系人卡添加到流消息,
115002779091,How to add an additional filter to a single flow email,https://help.klaviyo.com/hc/en-us/articles/115002779091-How-to-add-an-additional-filter-to-a-single-flow-email,flows,49375488863387,Set up flow filters and triggers,flows/How-to-add-an-additional-filter-to-a-single-flow-email-115002779091.md,_source/articles/115002779091.json,_source/articles/115002779091.body.html,_source/rendered/115002779091.html,yes,flows/How-to-add-an-additional-filter-to-a-single-flow-email.md,yes,10919,publish,如何向单个流电子邮件添加附加过滤器,https://dynamicycle.com/docs/articles-how-to-add-an-additional-filter-to-a-single-flow-email/
115003872191,How to add an email to a flow,https://help.klaviyo.com/hc/en-us/articles/115003872191-How-to-add-an-email-to-a-flow,flows,49375527980059,Add steps or actions to flows,flows/How-to-add-an-email-to-a-flow-115003872191.md,_source/articles/115003872191.json,_source/articles/115003872191.body.html,_source/rendered/115003872191.html,yes,flows/How-to-add-an-email-to-a-flow.md,yes,10789,publish,如何将电子邮件添加到流程,https://dynamicycle.com/docs/articles-how-to-add-an-email-to-a-flow/
360050242251,How to add an internal alert action to a flow,https://help.klaviyo.com/hc/en-us/articles/360050242251-How-to-add-an-internal-alert-action-to-a-flow,flows,49375527980059,Add steps or actions to flows,flows/How-to-add-an-internal-alert-action-to-a-flow-360050242251.md,_source/articles/360050242251.json,_source/articles/360050242251.body.html,_source/rendered/360050242251.html,yes,flows/How-to-add-an-internal-alert-action-to-a-flow.md,yes,10661,upload_meta_only,如何向流程添加内部警报操作,
360001768432,How to add an update profile property action to a flow,https://help.klaviyo.com/hc/en-us/articles/360001768432-How-to-add-an-update-profile-property-action-to-a-flow,flows,49375527980059,Add steps or actions to flows,flows/How-to-add-an-update-profile-property-action-to-a-flow-360001768432.md,_source/articles/360001768432.json,_source/articles/360001768432.body.html,_source/rendered/360001768432.html,yes,flows/How-to-add-an-update-profile-property-action-to-a-flow.md,yes,11261,publish,如何将更新配置文件属性操作添加到流程,https://dynamicycle.com/docs/articles-how-to-add-an-update-profile-property-action-to-a-flow/
360049924272,How to add past profiles to a flow,https://help.klaviyo.com/hc/en-us/articles/360049924272-How-to-add-past-profiles-to-a-flow,flows,49375505484315,Add past profiles to flows,flows/How-to-add-past-profiles-to-a-flow-360049924272.md,_source/articles/360049924272.json,_source/articles/360049924272.body.html,_source/rendered/360049924272.html,yes,flows/How-to-add-past-profiles-to-a-flow.md,yes,10657,upload_meta_only,如何将过去的配置文件添加到流程中,
16839379548571,How to add push to an abandoned cart flow,https://help.klaviyo.com/hc/en-us/articles/16839379548571-How-to-add-push-to-an-abandoned-cart-flow,flows,49375519423259,Abandoned cart flows,flows/How-to-add-push-to-an-abandoned-cart-flow-16839379548571.md,_source/articles/16839379548571.json,_source/articles/16839379548571.body.html,_source/rendered/16839379548571.html,yes,flows/How-to-add-push-to-an-abandoned-cart-flow.md,yes,10528,upload_meta_only,如何向废弃的购物车流程添加推送,
115002779171,How to archive or delete a flow,https://help.klaviyo.com/hc/en-us/articles/115002779171-How-to-archive-or-delete-a-flow,flows,49375512180123,Manage flows,flows/How-to-archive-or-delete-a-flow-115002779171.md,_source/articles/115002779171.json,_source/articles/115002779171.body.html,_source/rendered/115002779171.html,yes,flows/How-to-archive-or-delete-a-flow.md,yes,11216,publish,如何归档或删除流程,https://dynamicycle.com/docs/articles-how-to-archive-or-delete-a-flow/
115003872251,How to build a back in stock flow,https://help.klaviyo.com/hc/en-us/articles/115003872251-How-to-build-a-back-in-stock-flow,flows,49375575868699,Back in stock flows,flows/How-to-build-a-back-in-stock-flow-115003872251.md,_source/articles/115003872251.json,_source/articles/115003872251.body.html,_source/rendered/115003872251.html,yes,flows/How-to-build-a-back-in-stock-flow.md,yes,11147,publish,如何建立库存回流,https://dynamicycle.com/docs/articles-how-to-build-a-back-in-stock-flow/
360054242492,How to build a birthday flow,https://help.klaviyo.com/hc/en-us/articles/360054242492-How-to-build-a-birthday-flow,flows,49375546655131,Lifecycle flows,flows/How-to-build-a-birthday-flow-360054242492.md,_source/articles/360054242492.json,_source/articles/360054242492.body.html,_source/rendered/360054242492.html,yes,flows/How-to-build-a-birthday-flow.md,yes,10641,upload_meta_only,如何建立生日流程,
360048376172,How to bulk update or schedule flow statuses,https://help.klaviyo.com/hc/en-us/articles/360048376172-How-to-bulk-update-or-schedule-flow-statuses,flows,49375541273627,"Send, resend, and pause flows",flows/How-to-bulk-update-or-schedule-flow-statuses-360048376172.md,_source/articles/360048376172.json,_source/articles/360048376172.body.html,_source/rendered/360048376172.html,no,,no,,not_uploaded,,
115002775072,How to cancel a scheduled flow email for a single recipient,https://help.klaviyo.com/hc/en-us/articles/115002775072-How-to-cancel-a-scheduled-flow-email-for-a-single-recipient,flows,49375541273627,"Send, resend, and pause flows",flows/How-to-cancel-a-scheduled-flow-email-for-a-single-recipient-115002775072.md,_source/articles/115002775072.json,_source/articles/115002775072.body.html,_source/rendered/115002775072.html,yes,flows/How-to-cancel-a-scheduled-flow-email-for-a-single-recipient.md,yes,11382,publish,如何取消单个收件人的预定流电子邮件,https://dynamicycle.com/docs/articles-how-to-cancel-a-scheduled-flow-email-for-a-single-recipient/
115002775052,How to change a flow trigger,https://help.klaviyo.com/hc/en-us/articles/115002775052-How-to-change-a-flow-trigger,flows,49375488863387,Set up flow filters and triggers,flows/How-to-change-a-flow-trigger-115002775052.md,_source/articles/115002775052.json,_source/articles/115002775052.body.html,_source/rendered/115002775052.html,yes,flows/How-to-change-a-flow-trigger.md,yes,11303,publish,如何更改流量触发器,https://dynamicycle.com/docs/articles-how-to-change-a-flow-trigger/
360051612751,How to configure back in stock alert emails,https://help.klaviyo.com/hc/en-us/articles/360051612751-How-to-configure-back-in-stock-alert-emails,flows,49375575868699,Back in stock flows,flows/How-to-configure-back-in-stock-alert-emails-360051612751.md,_source/articles/360051612751.json,_source/articles/360051612751.body.html,_source/rendered/360051612751.html,yes,flows/How-to-configure-back-in-stock-alert-emails.md,yes,10649,upload_meta_only,如何配置缺货提醒电子邮件,
115002775252,How to create a browse abandonment flow,https://help.klaviyo.com/hc/en-us/articles/115002775252-How-to-create-a-browse-abandonment-flow,flows,49375568542619,Browse abandonment flows,flows/How-to-create-a-browse-abandonment-flow-115002775252.md,_source/articles/115002775252.json,_source/articles/115002775252.body.html,_source/rendered/115002775252.html,yes,flows/How-to-create-a-browse-abandonment-flow.md,yes,11087,publish,如何创建浏览放弃​​流程,https://dynamicycle.com/docs/articles-how-to-create-a-browse-abandonment-flow/
360002732652,How to create a date property-triggered flow,https://help.klaviyo.com/hc/en-us/articles/360002732652-How-to-create-a-date-property-triggered-flow,flows,49375546655131,Lifecycle flows,flows/How-to-create-a-date-property-triggered-flow-360002732652.md,_source/articles/360002732652.json,_source/articles/360002732652.body.html,_source/rendered/360002732652.html,yes,flows/How-to-create-a-date-property-triggered-flow.md,yes,11084,publish,如何创建日期属性触发的流程,https://dynamicycle.com/docs/articles-how-to-create-a-date-property-triggered-flow/
115002775292,How to create a donor re-engagement flow,https://help.klaviyo.com/hc/en-us/articles/115002775292-How-to-create-a-donor-re-engagement-flow,flows,49375546655131,Lifecycle flows,flows/How-to-create-a-donor-re-engagement-flow-115002775292.md,_source/articles/115002775292.json,_source/articles/115002775292.body.html,_source/rendered/115002775292.html,yes,flows/How-to-create-a-donor-re-engagement-flow.md,yes,11417,publish,如何创建捐助者重新参与流程,https://dynamicycle.com/docs/articles-how-to-create-a-donor-re-engagement-flow/
4401771131419,How to create a fulfilled partial order flow for Shopify,https://help.klaviyo.com/hc/en-us/articles/4401771131419-How-to-create-a-fulfilled-partial-order-flow-for-Shopify,flows,49375570280603,Ecommerce-specific flows,flows/How-to-create-a-fulfilled-partial-order-flow-for-Shopify-4401771131419.md,_source/articles/4401771131419.json,_source/articles/4401771131419.body.html,_source/rendered/4401771131419.html,yes,flows/How-to-create-a-fulfilled-partial-order-flow-for-Shopify.md,yes,10617,upload_meta_only,如何为 Shopify 创建已履行的部分订单流程,
21374913673243,How to create a low inventory flow,https://help.klaviyo.com/hc/en-us/articles/21374913673243-How-to-create-a-low-inventory-flow,flows,49375570280603,Ecommerce-specific flows,flows/How-to-create-a-low-inventory-flow-21374913673243.md,_source/articles/21374913673243.json,_source/articles/21374913673243.body.html,_source/rendered/21374913673243.html,yes,flows/How-to-create-a-low-inventory-flow.md,yes,10484,upload_meta_only,如何创造低库存流量,
360003057151,How to create a metric-triggered flow,https://help.klaviyo.com/hc/en-us/articles/360003057151-How-to-create-a-metric-triggered-flow,flows,49375570280603,Ecommerce-specific flows,flows/How-to-create-a-metric-triggered-flow-360003057151.md,_source/articles/360003057151.json,_source/articles/360003057151.body.html,_source/rendered/360003057151.html,yes,flows/How-to-create-a-metric-triggered-flow.md,yes,11013,publish,如何创建指标触发的流程,https://dynamicycle.com/docs/articles-how-to-create-a-metric-triggered-flow/
38069723835547,How to create a multilingual email flow Smart Translations,https://help.klaviyo.com/hc/en-us/articles/38069723835547-How-to-create-a-multilingual-email-flow-Smart-Translations,flows,49375906271003,Other,flows/How-to-create-a-multilingual-email-flow-Smart-Translations-38069723835547.md,_source/articles/38069723835547.json,_source/articles/38069723835547.body.html,_source/rendered/38069723835547.html,yes,flows/How-to-create-a-multilingual-email-flow-Smart-Translations.md,yes,10348,upload_meta_only,如何创建多语言电子邮件流智能翻译,
45651952586139,How to create a multilingual push notification flow with Smart Translations,https://help.klaviyo.com/hc/en-us/articles/45651952586139-How-to-create-a-multilingual-push-notification-flow-with-Smart-Translations,flows,49375906271003,Other,flows/How-to-create-a-multilingual-push-notification-flow-with-Smart-Translations-45651952586139.md,_source/articles/45651952586139.json,_source/articles/45651952586139.body.html,_source/rendered/45651952586139.html,yes,flows/How-to-create-a-multilingual-push-notification-flow-with-Smart-Translations.md,yes,10266,upload_meta_only,如何使用智能翻译创建多语言推送通知流程,
360028872611,How to create a post-purchase flow,https://help.klaviyo.com/hc/en-us/articles/360028872611-How-to-create-a-post-purchase-flow,flows,49375576965019,Post-purchase flows,flows/How-to-create-a-post-purchase-flow-360028872611.md,_source/articles/360028872611.json,_source/articles/360028872611.body.html,_source/rendered/360028872611.html,yes,flows/How-to-create-a-post-purchase-flow.md,yes,11206,publish,如何创建售后流程,https://dynamicycle.com/docs/articles-how-to-create-a-post-purchase-flow/
4404249033755,How to create a price drop flow,https://help.klaviyo.com/hc/en-us/articles/4404249033755-How-to-create-a-price-drop-flow,flows,49375570280603,Ecommerce-specific flows,flows/How-to-create-a-price-drop-flow-4404249033755.md,_source/articles/4404249033755.json,_source/articles/4404249033755.body.html,_source/rendered/4404249033755.html,yes,flows/How-to-create-a-price-drop-flow.md,yes,10607,upload_meta_only,如何创建降价流,
115002779431,How to create a product-specific flow,https://help.klaviyo.com/hc/en-us/articles/115002779431-How-to-create-a-product-specific-flow,flows,49375570280603,Ecommerce-specific flows,flows/How-to-create-a-product-specific-flow-115002779431.md,_source/articles/115002779431.json,_source/articles/115002779431.body.html,_source/rendered/115002779431.html,yes,flows/How-to-create-a-product-specific-flow.md,yes,11215,publish,如何创建特定于产品的流程,https://dynamicycle.com/docs/articles-how-to-create-a-product-specific-flow/
15038587235995,How to create a push welcome series,https://help.klaviyo.com/hc/en-us/articles/15038587235995-How-to-create-a-push-welcome-series,flows,49375513668763,Welcome series flows,flows/How-to-create-a-push-welcome-series-15038587235995.md,_source/articles/15038587235995.json,_source/articles/15038587235995.body.html,_source/rendered/15038587235995.html,yes,flows/How-to-create-a-push-welcome-series.md,yes,10549,upload_meta_only,如何创建推送欢迎系列,
360003195232,How to create a replenishment flow,https://help.klaviyo.com/hc/en-us/articles/360003195232-How-to-create-a-replenishment-flow,flows,49375576965019,Post-purchase flows,flows/How-to-create-a-replenishment-flow-360003195232.md,_source/articles/360003195232.json,_source/articles/360003195232.body.html,_source/rendered/360003195232.html,yes,flows/How-to-create-a-replenishment-flow.md,yes,11298,publish,如何创建补货流程,https://dynamicycle.com/docs/articles-how-to-create-a-replenishment-flow/
360003040052,How to create a segment- or list-triggered flow,https://help.klaviyo.com/hc/en-us/articles/360003040052-How-to-create-a-segment-or-list-triggered-flow,flows,49375488863387,Set up flow filters and triggers,flows/How-to-create-a-segment--or-list-triggered-flow-360003040052.md,_source/articles/360003040052.json,_source/articles/360003040052.body.html,_source/rendered/360003040052.html,yes,flows/How-to-create-a-segment--or-list-triggered-flow.md,yes,10911,publish,如何创建分段或列表触发的流,https://dynamicycle.com/docs/articles-how-to-create-a-segment-or-list-triggered-flow/
360017518492,How to create a sunset flow,https://help.klaviyo.com/hc/en-us/articles/360017518492-How-to-create-a-sunset-flow,flows,49375546655131,Lifecycle flows,flows/How-to-create-a-sunset-flow-360017518492.md,_source/articles/360017518492.json,_source/articles/360017518492.body.html,_source/rendered/360017518492.html,yes,flows/How-to-create-a-sunset-flow.md,yes,10784,publish,如何创建日落流,https://dynamicycle.com/docs/articles-how-to-create-a-sunset-flow/
115002779391,How to create a third-party product review flow,https://help.klaviyo.com/hc/en-us/articles/115002779391-How-to-create-a-third-party-product-review-flow,flows,49375576965019,Post-purchase flows,flows/How-to-create-a-third-party-product-review-flow-115002779391.md,_source/articles/115002779391.json,_source/articles/115002779391.body.html,_source/rendered/115002779391.html,yes,flows/How-to-create-a-third-party-product-review-flow.md,yes,11262,publish,如何创建第三方产品审核流程,https://dynamicycle.com/docs/articles-how-to-create-a-third-party-product-review-flow/
115002775192,How to create a winback flow,https://help.klaviyo.com/hc/en-us/articles/115002775192-How-to-create-a-winback-flow,flows,49375546655131,Lifecycle flows,flows/How-to-create-a-winback-flow-115002775192.md,_source/articles/115002775192.json,_source/articles/115002775192.body.html,_source/rendered/115002775192.html,yes,flows/How-to-create-a-winback-flow.md,yes,11464,publish,如何创建赢回流程,https://dynamicycle.com/docs/articles-how-to-create-a-winback-flow/
115002779411,How to create an abandoned cart flow,https://help.klaviyo.com/hc/en-us/articles/115002779411-How-to-create-an-abandoned-cart-flow,flows,49375519423259,Abandoned cart flows,flows/How-to-create-an-abandoned-cart-flow-115002779411.md,_source/articles/115002779411.json,_source/articles/115002779411.body.html,_source/rendered/115002779411.html,yes,flows/How-to-create-an-abandoned-cart-flow.md,yes,11450,publish,如何创建废弃的购物车流程,https://dynamicycle.com/docs/articles-how-to-create-an-abandoned-cart-flow/
21137997887771,How to create an abandoned site flow with email and SMS,https://help.klaviyo.com/hc/en-us/articles/21137997887771-How-to-create-an-abandoned-site-flow-with-email-and-SMS,flows,49375568542619,Browse abandonment flows,flows/How-to-create-an-abandoned-site-flow-with-email-and-SMS-21137997887771.md,_source/articles/21137997887771.json,_source/articles/21137997887771.body.html,_source/rendered/21137997887771.html,yes,flows/How-to-create-an-abandoned-site-flow-with-email-and-SMS.md,yes,10486,upload_meta_only,如何使用电子邮件和短信创建废弃的网站流程,
8136137671579,How to create an advanced abandoned cart flow,https://help.klaviyo.com/hc/en-us/articles/8136137671579-How-to-create-an-advanced-abandoned-cart-flow,flows,49375519423259,Abandoned cart flows,flows/How-to-create-an-advanced-abandoned-cart-flow-8136137671579.md,_source/articles/8136137671579.json,_source/articles/8136137671579.body.html,,yes,flows/How-to-create-an-advanced-abandoned-cart-flow.md,yes,10580,upload_meta_only,如何创建高级废弃购物车流程,
115002775172,How to create an email welcome series,https://help.klaviyo.com/hc/en-us/articles/115002775172-How-to-create-an-email-welcome-series,flows,49375513668763,Welcome series flows,flows/How-to-create-an-email-welcome-series-115002775172.md,_source/articles/115002775172.json,_source/articles/115002775172.body.html,_source/rendered/115002775172.html,yes,flows/How-to-create-an-email-welcome-series.md,yes,11431,publish,如何创建电子邮件欢迎系列,https://dynamicycle.com/docs/articles-how-to-create-an-email-welcome-series/
115002775212,How to create an upsell or cross-sell flow,https://help.klaviyo.com/hc/en-us/articles/115002775212-How-to-create-an-upsell-or-cross-sell-flow,flows,49375576965019,Post-purchase flows,flows/How-to-create-an-upsell-or-cross-sell-flow-115002775212.md,_source/articles/115002775212.json,_source/articles/115002775212.body.html,_source/rendered/115002775212.html,yes,flows/How-to-create-an-upsell-or-cross-sell-flow.md,yes,11335,publish,如何创建追加销售或交叉销售流程,https://dynamicycle.com/docs/articles-how-to-create-an-upsell-or-cross-sell-flow/
115002779371,How to export flow analytics,https://help.klaviyo.com/hc/en-us/articles/115002779371-How-to-export-flow-analytics,flows,49375512180123,Manage flows,flows/How-to-export-flow-analytics-115002779371.md,_source/articles/115002779371.json,_source/articles/115002779371.body.html,_source/rendered/115002779371.html,yes,flows/How-to-export-flow-analytics.md,yes,10917,publish,如何导出流量分析,https://dynamicycle.com/docs/articles-how-to-export-flow-analytics/
115002779331,How to manually send flow messages to recipients,https://help.klaviyo.com/hc/en-us/articles/115002779331-How-to-manually-send-flow-messages-to-recipients,flows,49375541273627,"Send, resend, and pause flows",flows/How-to-manually-send-flow-messages-to-recipients-115002779331.md,_source/articles/115002779331.json,_source/articles/115002779331.body.html,_source/rendered/115002779331.html,yes,flows/How-to-manually-send-flow-messages-to-recipients.md,yes,11302,publish,如何手动向收件人发送流消息,https://dynamicycle.com/docs/articles-how-to-manually-send-flow-messages-to-recipients/
6960265887259,How to migrate to the updated flows A/B testing experience,https://help.klaviyo.com/hc/en-us/articles/6960265887259-How-to-migrate-to-the-updated-flows-A-B-testing-experience,flows,49375565920923,Test and optimize flows,flows/How-to-migrate-to-the-updated-flows-AB-testing-experience-6960265887259.md,_source/articles/6960265887259.json,_source/articles/6960265887259.body.html,,yes,flows/How-to-migrate-to-the-updated-flows-AB-testing-experience.md,yes,11395,publish,如何迁移到更新的流程 A/B 测试体验,https://dynamicycle.com/docs/articles-how-to-migrate-to-the-updated-flows-a-b-testing-experience/
360050242551,How to opt in and out of an internal alert action,https://help.klaviyo.com/hc/en-us/articles/360050242551-How-to-opt-in-and-out-of-an-internal-alert-action,flows,49375527980059,Add steps or actions to flows,flows/How-to-opt-in-and-out-of-an-internal-alert-action-360050242551.md,_source/articles/360050242551.json,_source/articles/360050242551.body.html,_source/rendered/360050242551.html,yes,flows/How-to-opt-in-and-out-of-an-internal-alert-action.md,yes,10660,upload_meta_only,如何选择加入和退出内部警报操作,
10948996125083,How to optimize your flow sending frequency,https://help.klaviyo.com/hc/en-us/articles/10948996125083-How-to-optimize-your-flow-sending-frequency,flows,49375565920923,Test and optimize flows,flows/How-to-optimize-your-flow-sending-frequency-10948996125083.md,_source/articles/10948996125083.json,_source/articles/10948996125083.body.html,_source/rendered/10948996125083.html,yes,flows/How-to-optimize-your-flow-sending-frequency.md,yes,11285,publish,如何优化流量发送频率,https://dynamicycle.com/docs/articles-how-to-optimize-your-flow-sending-frequency/
115002779291,How to pause an individual flow message,https://help.klaviyo.com/hc/en-us/articles/115002779291-How-to-pause-an-individual-flow-message,flows,49375541273627,"Send, resend, and pause flows",flows/How-to-pause-an-individual-flow-message-115002779291.md,_source/articles/115002779291.json,_source/articles/115002779291.body.html,_source/rendered/115002779291.html,yes,flows/How-to-pause-an-individual-flow-message.md,yes,11088,publish,如何暂停单个流消息,https://dynamicycle.com/docs/articles-how-to-pause-an-individual-flow-message/
360028374111,How to preview a flow trigger setup,https://help.klaviyo.com/hc/en-us/articles/360028374111-How-to-preview-a-flow-trigger-setup,flows,49375488863387,Set up flow filters and triggers,flows/How-to-preview-a-flow-trigger-setup-360028374111.md,_source/articles/360028374111.json,_source/articles/360028374111.body.html,_source/rendered/360028374111.html,yes,flows/How-to-preview-a-flow-trigger-setup.md,yes,10781,publish,如何预览流量触发器设置,https://dynamicycle.com/docs/articles-how-to-preview-a-flow-trigger-setup/
30325266432539,How to preview a profile's journey through a flow,https://help.klaviyo.com/hc/en-us/articles/30325266432539-How-to-preview-a-profile-s-journey-through-a-flow,flows,49375565920923,Test and optimize flows,flows/How-to-preview-a-profile's-journey-through-a-flow-30325266432539.md,_source/articles/30325266432539.json,_source/articles/30325266432539.body.html,_source/rendered/30325266432539.html,yes,flows/How-to-preview-a-profile's-journey-through-a-flow.md,yes,10412,upload_meta_only,如何预览个人资料在流程中的旅程,
10862162214811,How to recover an archived flow,https://help.klaviyo.com/hc/en-us/articles/10862162214811-How-to-recover-an-archived-flow,flows,49375512180123,Manage flows,flows/How-to-recover-an-archived-flow-10862162214811.md,_source/articles/10862162214811.json,_source/articles/10862162214811.body.html,_source/rendered/10862162214811.html,yes,flows/How-to-recover-an-archived-flow.md,yes,10568,upload_meta_only,如何恢复存档的流程,
360002419512,How to rejoin and disconnect a flow split,https://help.klaviyo.com/hc/en-us/articles/360002419512-How-to-rejoin-and-disconnect-a-flow-split,flows,49375527980059,Add steps or actions to flows,flows/How-to-rejoin-and-disconnect-a-flow-split-360002419512.md,_source/articles/360002419512.json,_source/articles/360002419512.body.html,_source/rendered/360002419512.html,yes,flows/How-to-rejoin-and-disconnect-a-flow-split.md,yes,11146,publish,如何重新加入和断开流拆分,https://dynamicycle.com/docs/articles-how-to-rejoin-and-disconnect-a-flow-split/
360046797191,How to resend emails in Klaviyo,https://help.klaviyo.com/hc/en-us/articles/360046797191-How-to-resend-emails-in-Klaviyo,flows,49375541273627,"Send, resend, and pause flows",flows/How-to-resend-emails-in-Klaviyo-360046797191.md,_source/articles/360046797191.json,_source/articles/360046797191.body.html,_source/rendered/360046797191.html,yes,flows/How-to-resend-emails-in-Klaviyo.md,yes,11000,publish,如何在 Klaviyo 中重新发送电子邮件,https://dynamicycle.com/docs/articles-how-to-resend-emails-in-klaviyo/
115002779111,How to review a flow email’s settings,https://help.klaviyo.com/hc/en-us/articles/115002779111-How-to-review-a-flow-email-s-settings,flows,49375527980059,Add steps or actions to flows,flows/How-to-review-a-flow-email’s-settings-115002779111.md,_source/articles/115002779111.json,_source/articles/115002779111.body.html,_source/rendered/115002779111.html,yes,flows/How-to-review-a-flow-email’s-settings.md,yes,11150,publish,如何查看流程电子邮件的设置,https://dynamicycle.com/docs/articles-how-to-review-a-flow-email-s-settings/
4402385748635,How to review a flow's history,https://help.klaviyo.com/hc/en-us/articles/4402385748635-How-to-review-a-flow-s-history,flows,49375618030107,Troubleshooting flows,flows/How-to-review-a-flow's-history-4402385748635.md,_source/articles/4402385748635.json,_source/articles/4402385748635.body.html,_source/rendered/4402385748635.html,yes,flows/How-to-review-a-flow's-history.md,yes,10891,publish,如何查看流的历史记录,https://dynamicycle.com/docs/articles-how-to-review-a-flow-s-history/
9360405808027,How to review email A/B test results for flows,https://help.klaviyo.com/hc/en-us/articles/9360405808027-How-to-review-email-A-B-test-results-for-flows,flows,49375565920923,Test and optimize flows,flows/How-to-review-email-AB-test-results-for-flows-9360405808027.md,_source/articles/9360405808027.json,_source/articles/9360405808027.body.html,_source/rendered/9360405808027.html,yes,flows/How-to-review-email-AB-test-results-for-flows.md,yes,11351,publish,如何查看流的电子邮件 A/B 测试结果,https://dynamicycle.com/docs/articles-how-to-review-email-a-b-test-results-for-flows/
7992744732187,How to review your abandoned cart flow's performance,https://help.klaviyo.com/hc/en-us/articles/7992744732187-How-to-review-your-abandoned-cart-flow-s-performance,flows,49375519423259,Abandoned cart flows,flows/How-to-review-your-abandoned-cart-flow's-performance-7992744732187.md,_source/articles/7992744732187.json,_source/articles/7992744732187.body.html,,no,,no,,not_uploaded,,
115002775272,How to send a campaign to people skipped by a list-triggered flow,https://help.klaviyo.com/hc/en-us/articles/115002775272-How-to-send-a-campaign-to-people-skipped-by-a-list-triggered-flow,flows,49375618030107,Troubleshooting flows,flows/How-to-send-a-campaign-to-people-skipped-by-a-list-triggered-flow-115002775272.md,_source/articles/115002775272.json,_source/articles/115002775272.body.html,_source/rendered/115002775272.html,yes,flows/How-to-send-a-campaign-to-people-skipped-by-a-list-triggered-flow.md,yes,10791,publish,如何向列表触发流程跳过的人员发送营销活动,https://dynamicycle.com/docs/articles-how-to-send-a-campaign-to-people-skipped-by-a-list-triggered-flow/
8458786130331,How to set up virtual contact cards for flows,https://help.klaviyo.com/hc/en-us/articles/8458786130331-How-to-set-up-virtual-contact-cards-for-flows,flows,49375527980059,Add steps or actions to flows,flows/How-to-set-up-virtual-contact-cards-for-flows-8458786130331.md,_source/articles/8458786130331.json,_source/articles/8458786130331.body.html,_source/rendered/8458786130331.html,yes,flows/How-to-set-up-virtual-contact-cards-for-flows.md,yes,10578,upload_meta_only,如何为流程设置虚拟联系人卡,
360036881312,How to target contest entrants with flows,https://help.klaviyo.com/hc/en-us/articles/360036881312-How-to-target-contest-entrants-with-flows,flows,49375546655131,Lifecycle flows,flows/How-to-target-contest-entrants-with-flows-360036881312.md,_source/articles/360036881312.json,_source/articles/360036881312.body.html,_source/rendered/360036881312.html,yes,flows/How-to-target-contest-entrants-with-flows.md,yes,10685,upload_meta_only,如何利用流量锁定参赛者,
115002774972,How to test and preview flow messages,https://help.klaviyo.com/hc/en-us/articles/115002774972-How-to-test-and-preview-flow-messages,flows,49375488863387,Set up flow filters and triggers,flows/How-to-test-and-preview-flow-messages-115002774972.md,_source/articles/115002774972.json,_source/articles/115002774972.body.html,_source/rendered/115002774972.html,yes,flows/How-to-test-and-preview-flow-messages.md,yes,11263,publish,如何测试和预览流消息,https://dynamicycle.com/docs/articles-how-to-test-and-preview-flow-messages/
115002779071,How to use event data to personalize email and SMS flows,https://help.klaviyo.com/hc/en-us/articles/115002779071-How-to-use-event-data-to-personalize-email-and-SMS-flows,flows,49375527980059,Add steps or actions to flows,flows/How-to-use-event-data-to-personalize-email-and-SMS-flows-115002779071.md,_source/articles/115002779071.json,_source/articles/115002779071.body.html,_source/rendered/115002779071.html,yes,flows/How-to-use-event-data-to-personalize-email-and-SMS-flows.md,yes,11401,publish,如何使用事件数据个性化电子邮件和短信流,https://dynamicycle.com/docs/articles-how-to-use-event-data-to-personalize-email-and-sms-flows/
360003165732,How to use flows to send transactional emails,https://help.klaviyo.com/hc/en-us/articles/360003165732-How-to-use-flows-to-send-transactional-emails,flows,49375576965019,Post-purchase flows,flows/How-to-use-flows-to-send-transactional-emails-360003165732.md,_source/articles/360003165732.json,_source/articles/360003165732.body.html,_source/rendered/360003165732.html,yes,flows/How-to-use-flows-to-send-transactional-emails.md,yes,11299,publish,如何使用流发送交易电子邮件,https://dynamicycle.com/docs/articles-how-to-use-flows-to-send-transactional-emails/
115002779191,How to use tags to organize flows,https://help.klaviyo.com/hc/en-us/articles/115002779191-How-to-use-tags-to-organize-flows,flows,49375512180123,Manage flows,flows/How-to-use-tags-to-organize-flows-115002779191.md,_source/articles/115002779191.json,_source/articles/115002779191.body.html,_source/rendered/115002779191.html,yes,flows/How-to-use-tags-to-organize-flows.md,yes,11149,publish,如何使用标签来组织流程,https://dynamicycle.com/docs/articles-how-to-use-tags-to-organize-flows/
115002779471,Troubleshooting a flow,https://help.klaviyo.com/hc/en-us/articles/115002779471-Troubleshooting-a-flow,flows,49375618030107,Troubleshooting flows,flows/Troubleshooting-a-flow-115002779471.md,_source/articles/115002779471.json,_source/articles/115002779471.body.html,_source/rendered/115002779471.html,yes,flows/Troubleshooting-a-flow.md,yes,10790,publish,排除流程故障,https://dynamicycle.com/docs/articles-troubleshooting-a-flow/
12414318812827,Troubleshooting a list- or segment-triggered flow,https://help.klaviyo.com/hc/en-us/articles/12414318812827-Troubleshooting-a-list-or-segment-triggered-flow,flows,49375618030107,Troubleshooting flows,flows/Troubleshooting-a-list--or-segment-triggered-flow-12414318812827.md,_source/articles/12414318812827.json,_source/articles/12414318812827.body.html,_source/rendered/12414318812827.html,yes,flows/Troubleshooting-a-list--or-segment-triggered-flow.md,yes,10970,publish,对列表或段触发的流进行故障排除,https://dynamicycle.com/docs/articles-troubleshooting-a-list-or-segment-triggered-flow/
12278373016603,Troubleshooting a metric-triggered flow,https://help.klaviyo.com/hc/en-us/articles/12278373016603-Troubleshooting-a-metric-triggered-flow,flows,49375618030107,Troubleshooting flows,flows/Troubleshooting-a-metric-triggered-flow-12278373016603.md,_source/articles/12278373016603.json,_source/articles/12278373016603.body.html,_source/rendered/12278373016603.html,yes,flows/Troubleshooting-a-metric-triggered-flow.md,yes,11055,publish,对指标触发的流进行故障排除,https://dynamicycle.com/docs/articles-troubleshooting-a-metric-triggered-flow/
1260805003210,Troubleshooting why a flow message skipped a profile,https://help.klaviyo.com/hc/en-us/articles/1260805003210-Troubleshooting-why-a-flow-message-skipped-a-profile,flows,49375618030107,Troubleshooting flows,flows/Troubleshooting-why-a-flow-message-skipped-a-profile-1260805003210.md,_source/articles/1260805003210.json,_source/articles/1260805003210.body.html,_source/rendered/1260805003210.html,yes,flows/Troubleshooting-why-a-flow-message-skipped-a-profile.md,yes,11412,publish,排查流消息跳过配置文件的原因,https://dynamicycle.com/docs/articles-troubleshooting-why-a-flow-message-skipped-a-profile/
115002779491,Troubleshooting why a profile is scheduled in a flow multiple times,https://help.klaviyo.com/hc/en-us/articles/115002779491-Troubleshooting-why-a-profile-is-scheduled-in-a-flow-multiple-times,flows,49375618030107,Troubleshooting flows,flows/Troubleshooting-why-a-profile-is-scheduled-in-a-flow-multiple-times-115002779491.md,_source/articles/115002779491.json,_source/articles/115002779491.body.html,_source/rendered/115002779491.html,yes,flows/Troubleshooting-why-a-profile-is-scheduled-in-a-flow-multiple-times.md,yes,11148,publish,排查为何在流程中多次安排配置文件的原因,https://dynamicycle.com/docs/articles-troubleshooting-why-a-profile-is-scheduled-in-a-flow-multiple-times/
4408737146651,Understanding SMS and MMS quiet hours in flows,https://help.klaviyo.com/hc/en-us/articles/4408737146651-Understanding-SMS-and-MMS-quiet-hours-in-flows,flows,49375527980059,Add steps or actions to flows,flows/Understanding-SMS-and-MMS-quiet-hours-in-flows-4408737146651.md,_source/articles/4408737146651.json,_source/articles/4408737146651.body.html,_source/rendered/4408737146651.html,yes,flows/Understanding-SMS-and-MMS-quiet-hours-in-flows.md,yes,11411,publish,了解短信和彩信流程中的安静时间,https://dynamicycle.com/docs/articles-understanding-sms-and-mms-quiet-hours-in-flows/
360051182592,Understanding branching best practices for flows,https://help.klaviyo.com/hc/en-us/articles/360051182592-Understanding-branching-best-practices-for-flows,flows,49375527980059,Add steps or actions to flows,flows/Understanding-branching-best-practices-for-flows-360051182592.md,_source/articles/360051182592.json,_source/articles/360051182592.body.html,_source/rendered/360051182592.html,yes,flows/Understanding-branching-best-practices-for-flows.md,yes,10648,upload_meta_only,了解流的分支最佳实践,
29091293276187,Understanding flow alerts,https://help.klaviyo.com/hc/en-us/articles/29091293276187-Understanding-flow-alerts,flows,49375618030107,Troubleshooting flows,flows/Understanding-flow-alerts-29091293276187.md,_source/articles/29091293276187.json,_source/articles/29091293276187.body.html,_source/rendered/29091293276187.html,no,,no,,not_uploaded,,
115002779351,Understanding flow analytics,https://help.klaviyo.com/hc/en-us/articles/115002779351-Understanding-flow-analytics,flows,49375526765723,Understand flows,flows/Understanding-flow-analytics-115002779351.md,_source/articles/115002779351.json,_source/articles/115002779351.body.html,_source/rendered/115002779351.html,yes,flows/Understanding-flow-analytics.md,yes,10792,publish,了解流量分析,https://dynamicycle.com/docs/articles-understanding-flow-analytics/
115003883992,Understanding flow branching,https://help.klaviyo.com/hc/en-us/articles/115003883992-Understanding-flow-branching,flows,49375527980059,Add steps or actions to flows,flows/Understanding-flow-branching-115003883992.md,_source/articles/115003883992.json,_source/articles/115003883992.body.html,_source/rendered/115003883992.html,yes,flows/Understanding-flow-branching.md,yes,11015,publish,了解流程分支,https://dynamicycle.com/docs/articles-understanding-flow-branching/
115002779051,Understanding flow triggers and filters,https://help.klaviyo.com/hc/en-us/articles/115002779051-Understanding-flow-triggers-and-filters,flows,49375488863387,Set up flow filters and triggers,flows/Understanding-flow-triggers-and-filters-115002779051.md,_source/articles/115002779051.json,_source/articles/115002779051.body.html,_source/rendered/115002779051.html,yes,flows/Understanding-flow-triggers-and-filters.md,yes,10920,publish,了解流触发器和过滤器,https://dynamicycle.com/docs/articles-understanding-flow-triggers-and-filters/
15768091187227,Understanding how Klaviyo monitors flow performance,https://help.klaviyo.com/hc/en-us/articles/15768091187227-Understanding-how-Klaviyo-monitors-flow-performance,flows,49375565920923,Test and optimize flows,flows/Understanding-how-Klaviyo-monitors-flow-performance-15768091187227.md,_source/articles/15768091187227.json,_source/articles/15768091187227.body.html,_source/rendered/15768091187227.html,yes,flows/Understanding-how-Klaviyo-monitors-flow-performance.md,yes,10541,upload_meta_only,了解 Klaviyo 如何监控流量性能,
13913401149595,Understanding how Klaviyo monitors metric activity for flows,https://help.klaviyo.com/hc/en-us/articles/13913401149595-Understanding-how-Klaviyo-monitors-metric-activity-for-flows,flows,49375565920923,Test and optimize flows,flows/Understanding-how-Klaviyo-monitors-metric-activity-for-flows-13913401149595.md,_source/articles/13913401149595.json,_source/articles/13913401149595.body.html,_source/rendered/13913401149595.html,yes,flows/Understanding-how-Klaviyo-monitors-metric-activity-for-flows.md,yes,11181,publish,了解 Klaviyo 如何监控流量的指标活动,https://dynamicycle.com/docs/articles-understanding-how-klaviyo-monitors-metric-activity-for-flows/
115002779231,Understanding how adding past profiles works in Klaviyo,https://help.klaviyo.com/hc/en-us/articles/115002779231-Understanding-how-adding-past-profiles-works-in-Klaviyo,flows,49375505484315,Add past profiles to flows,flows/Understanding-how-adding-past-profiles-works-in-Klaviyo-115002779231.md,_source/articles/115002779231.json,_source/articles/115002779231.body.html,_source/rendered/115002779231.html,yes,flows/Understanding-how-adding-past-profiles-works-in-Klaviyo.md,yes,11336,publish,了解如何在 Klaviyo 中添加过去的配置文件,https://dynamicycle.com/docs/articles-understanding-how-adding-past-profiles-works-in-klaviyo/
360051612551,Understanding how back in stock flows work,https://help.klaviyo.com/hc/en-us/articles/360051612551-Understanding-how-back-in-stock-flows-work,flows,49375575868699,Back in stock flows,flows/Understanding-how-back-in-stock-flows-work-360051612551.md,_source/articles/360051612551.json,_source/articles/360051612551.body.html,_source/rendered/360051612551.html,yes,flows/Understanding-how-back-in-stock-flows-work.md,yes,10650,upload_meta_only,了解库存流量回流如何运作,
360017706091,Understanding how contacts move through a flow,https://help.klaviyo.com/hc/en-us/articles/360017706091-Understanding-how-contacts-move-through-a-flow,flows,49375526765723,Understand flows,flows/Understanding-how-contacts-move-through-a-flow-360017706091.md,_source/articles/360017706091.json,_source/articles/360017706091.body.html,_source/rendered/360017706091.html,yes,flows/Understanding-how-contacts-move-through-a-flow.md,yes,10785,publish,了解联系人如何在流程中移动,https://dynamicycle.com/docs/articles-understanding-how-contacts-move-through-a-flow/
360054240252,Understanding how date-based flows schedule recipients,https://help.klaviyo.com/hc/en-us/articles/360054240252-Understanding-how-date-based-flows-schedule-recipients,flows,49375546655131,Lifecycle flows,flows/Understanding-how-date-based-flows-schedule-recipients-360054240252.md,_source/articles/360054240252.json,_source/articles/360054240252.body.html,_source/rendered/360054240252.html,yes,flows/Understanding-how-date-based-flows-schedule-recipients.md,yes,10643,upload_meta_only,了解基于日期的流程如何安排收件人,
360049857552,Understanding internal alert use cases,https://help.klaviyo.com/hc/en-us/articles/360049857552-Understanding-internal-alert-use-cases,flows,49375527980059,Add steps or actions to flows,flows/Understanding-internal-alert-use-cases-360049857552.md,_source/articles/360049857552.json,_source/articles/360049857552.body.html,_source/rendered/360049857552.html,yes,flows/Understanding-internal-alert-use-cases.md,yes,10659,upload_meta_only,了解内部警报用例,
11233978755611,Understanding statistical significance in flows,https://help.klaviyo.com/hc/en-us/articles/11233978755611-Understanding-statistical-significance-in-flows,flows,49375565920923,Test and optimize flows,flows/Understanding-statistical-significance-in-flows-11233978755611.md,_source/articles/11233978755611.json,_source/articles/11233978755611.body.html,_source/rendered/11233978755611.html,yes,flows/Understanding-statistical-significance-in-flows.md,yes,11240,publish,了解流量的统计显着性,https://dynamicycle.com/docs/articles-understanding-statistical-significance-in-flows/
360051127672,Understanding the absolute flow timeline and rejoining splits,https://help.klaviyo.com/hc/en-us/articles/360051127672-Understanding-the-absolute-flow-timeline-and-rejoining-splits,flows,49375527980059,Add steps or actions to flows,flows/Understanding-the-absolute-flow-timeline-and-rejoining-splits-360051127672.md,_source/articles/360051127672.json,_source/articles/360051127672.body.html,_source/rendered/360051127672.html,yes,flows/Understanding-the-absolute-flow-timeline-and-rejoining-splits.md,yes,10651,upload_meta_only,了解绝对流程时间线和重新加入拆分,
360046164352,Understanding the timing of a flow,https://help.klaviyo.com/hc/en-us/articles/360046164352-Understanding-the-timing-of-a-flow,flows,49375526765723,Understand flows,flows/Understanding-the-timing-of-a-flow-360046164352.md,_source/articles/360046164352.json,_source/articles/360046164352.body.html,_source/rendered/360046164352.html,yes,flows/Understanding-the-timing-of-a-flow.md,yes,10669,upload_meta_only,了解流程的时间安排,
360054705431,Understanding time delays in date property flows,https://help.klaviyo.com/hc/en-us/articles/360054705431-Understanding-time-delays-in-date-property-flows,flows,49375546655131,Lifecycle flows,flows/Understanding-time-delays-in-date-property-flows-360054705431.md,_source/articles/360054705431.json,_source/articles/360054705431.body.html,_source/rendered/360054705431.html,yes,flows/Understanding-time-delays-in-date-property-flows.md,yes,10642,upload_meta_only,了解日期财产流中的时间延迟,
360050334651,Understanding time delays near splits,https://help.klaviyo.com/hc/en-us/articles/360050334651-Understanding-time-delays-near-splits,flows,49375527980059,Add steps or actions to flows,flows/Understanding-time-delays-near-splits-360050334651.md,_source/articles/360050334651.json,_source/articles/360050334651.body.html,_source/rendered/360050334651.html,yes,flows/Understanding-time-delays-near-splits.md,yes,10658,upload_meta_only,了解分裂附近的时间延迟,
4534329515931,Understanding webhooks in flows,https://help.klaviyo.com/hc/en-us/articles/4534329515931-Understanding-webhooks-in-flows,flows,49375527980059,Add steps or actions to flows,flows/Understanding-webhooks-in-flows-4534329515931.md,_source/articles/4534329515931.json,_source/articles/4534329515931.body.html,_source/rendered/4534329515931.html,yes,flows/Understanding-webhooks-in-flows.md,yes,10597,upload_meta_only,了解流中的 Webhook,
360054629031,Understanding what to A/B test in your flows,https://help.klaviyo.com/hc/en-us/articles/360054629031-Understanding-what-to-A-B-test-in-your-flows,flows,49375565920923,Test and optimize flows,flows/Understanding-what-to-AB-test-in-your-flows-360054629031.md,_source/articles/360054629031.json,_source/articles/360054629031.body.html,_source/rendered/360054629031.html,yes,flows/Understanding-what-to-AB-test-in-your-flows.md,yes,11423,publish,了解流程中要进行 A/B 测试的内容,https://dynamicycle.com/docs/articles-understanding-what-to-a-b-test-in-your-flows/
360050420371,Update profile property action use cases reference,https://help.klaviyo.com/hc/en-us/articles/360050420371-Update-profile-property-action-use-cases-reference,flows,49375527980059,Add steps or actions to flows,flows/Update-profile-property-action-use-cases-reference-360050420371.md,_source/articles/360050420371.json,_source/articles/360050420371.body.html,_source/rendered/360050420371.html,yes,flows/Update-profile-property-action-use-cases-reference.md,yes,10655,upload_meta_only,更新配置文件属性操作用例参考,
40813569379611,Edit Recharge Subscriptions with Klaviyo Helpdesk,https://help.klaviyo.com/hc/en-us/articles/40813569379611-Edit-Recharge-Subscriptions-with-Klaviyo-Helpdesk,helpdesk,45954133286171,Channel & Integration Management,helpdesk/Edit-Recharge-Subscriptions-with-Klaviyo-Helpdesk-40813569379611.md,_source/articles/40813569379611.json,_source/articles/40813569379611.body.html,_source/rendered/40813569379611.html,yes,helpdesk/Edit-Recharge-Subscriptions-with-Klaviyo-Helpdesk.md,yes,10320,upload_meta_only,使用 Klaviyo Helpdesk 编辑充值订阅,
360059002271,Guide to Klaviyo Helpdesk,https://help.klaviyo.com/hc/en-us/articles/360059002271-Guide-to-Klaviyo-Helpdesk,helpdesk,45954083727259,Foundation & Setup,helpdesk/Guide-to-Klaviyo-Helpdesk-360059002271.md,_source/articles/360059002271.json,_source/articles/360059002271.body.html,_source/rendered/360059002271.html,yes,helpdesk/Guide-to-Klaviyo-Helpdesk.md,yes,10627,upload_meta_only,Klaviyo 服务台指南,
44439107908635,How to Configure Advanced Routing Rules in Klaviyo Helpdesk,https://help.klaviyo.com/hc/en-us/articles/44439107908635-How-to-Configure-Advanced-Routing-Rules-in-Klaviyo-Helpdesk,helpdesk,45954159809179,Routing & Automation,helpdesk/How-to-Configure-Advanced-Routing-Rules-in-Klaviyo-Helpdesk-44439107908635.md,_source/articles/44439107908635.json,_source/articles/44439107908635.body.html,_source/rendered/44439107908635.html,yes,helpdesk/How-to-Configure-Advanced-Routing-Rules-in-Klaviyo-Helpdesk.md,yes,10285,upload_meta_only,如何在 Klaviyo Helpdesk 中配置高级路由规则,
35970894978075,How to assign tickets in your Klaviyo Helpdesk,https://help.klaviyo.com/hc/en-us/articles/35970894978075-How-to-assign-tickets-in-your-Klaviyo-Helpdesk,helpdesk,45954159809179,Routing & Automation,helpdesk/How-to-assign-tickets-in-your-Klaviyo-Helpdesk-35970894978075.md,_source/articles/35970894978075.json,_source/articles/35970894978075.body.html,_source/rendered/35970894978075.html,yes,helpdesk/How-to-assign-tickets-in-your-Klaviyo-Helpdesk.md,yes,11032,publish,如何在 Klaviyo 帮助台中分配票证,https://dynamicycle.com/docs/articles-how-to-assign-tickets-in-your-klaviyo-helpdesk/
39689963719835,How to automatically close Helpdesk tickets after customer inactivity,https://help.klaviyo.com/hc/en-us/articles/39689963719835-How-to-automatically-close-Helpdesk-tickets-after-customer-inactivity,helpdesk,45954159809179,Routing & Automation,helpdesk/How-to-automatically-close-Helpdesk-tickets-after-customer-inactivity-39689963719835.md,_source/articles/39689963719835.json,_source/articles/39689963719835.body.html,_source/rendered/39689963719835.html,yes,helpdesk/How-to-automatically-close-Helpdesk-tickets-after-customer-inactivity.md,yes,10831,publish,如何在客户不活动后自动关闭帮助台票证,https://dynamicycle.com/docs/articles-how-to-automatically-close-helpdesk-tickets-after-customer-inactivity/
38938328988827,How to automatically forward support emails to Klaviyo Helpdesk,https://help.klaviyo.com/hc/en-us/articles/38938328988827-How-to-automatically-forward-support-emails-to-Klaviyo-Helpdesk,helpdesk,45954083727259,Foundation & Setup,helpdesk/How-to-automatically-forward-support-emails-to-Klaviyo-Helpdesk-38938328988827.md,_source/articles/38938328988827.json,_source/articles/38938328988827.body.html,_source/rendered/38938328988827.html,yes,helpdesk/How-to-automatically-forward-support-emails-to-Klaviyo-Helpdesk.md,yes,10832,publish,如何自动将支持电子邮件转发到 Klaviyo Helpdesk,https://dynamicycle.com/docs/articles-how-to-automatically-forward-support-emails-to-klaviyo-helpdesk/
4405329314331,How to change the status of a ticket in Helpdesk,https://help.klaviyo.com/hc/en-us/articles/4405329314331-How-to-change-the-status-of-a-ticket-in-Helpdesk,helpdesk,45954205436059,Team Workflow & Productivity,helpdesk/How-to-change-the-status-of-a-ticket-in-Helpdesk-4405329314331.md,_source/articles/4405329314331.json,_source/articles/4405329314331.body.html,_source/rendered/4405329314331.html,yes,helpdesk/How-to-change-the-status-of-a-ticket-in-Helpdesk.md,yes,11326,publish,如何在帮助台中更改票证的状态,https://dynamicycle.com/docs/articles-how-to-change-the-status-of-a-ticket-in-helpdesk/
9724254405787,How to change your notifications for new Inbox Helpdesk,https://help.klaviyo.com/hc/en-us/articles/9724254405787-How-to-change-your-notifications-for-new-Inbox-Helpdesk,helpdesk,45954083727259,Foundation & Setup,helpdesk/How-to-change-your-notifications-for-new-Inbox-Helpdesk-9724254405787.md,_source/articles/9724254405787.json,_source/articles/9724254405787.body.html,_source/rendered/9724254405787.html,yes,helpdesk/How-to-change-your-notifications-for-new-Inbox-Helpdesk.md,yes,11286,publish,如何更改新 Inbox 帮助台的通知,https://dynamicycle.com/docs/articles-how-to-change-your-notifications-for-new-inbox-helpdesk/
44439474248603,How to connect Loop Returns to Klaviyo Helpdesk,https://help.klaviyo.com/hc/en-us/articles/44439474248603-How-to-connect-Loop-Returns-to-Klaviyo-Helpdesk,helpdesk,45954133286171,Channel & Integration Management,helpdesk/How-to-connect-Loop-Returns-to-Klaviyo-Helpdesk-44439474248603.md,_source/articles/44439474248603.json,_source/articles/44439474248603.body.html,_source/rendered/44439474248603.html,yes,helpdesk/How-to-connect-Loop-Returns-to-Klaviyo-Helpdesk.md,yes,10284,upload_meta_only,如何将 Loop Returns 连接到 Klaviyo Helpdesk,
39691102278043,How to create a custom ticket view in Helpdesk,https://help.klaviyo.com/hc/en-us/articles/39691102278043-How-to-create-a-custom-ticket-view-in-Helpdesk,helpdesk,45954205436059,Team Workflow & Productivity,helpdesk/How-to-create-a-custom-ticket-view-in-Helpdesk-39691102278043.md,_source/articles/39691102278043.json,_source/articles/39691102278043.body.html,_source/rendered/39691102278043.html,yes,helpdesk/How-to-create-a-custom-ticket-view-in-Helpdesk.md,yes,11109,publish,如何在帮助台中创建自定义工单视图,https://dynamicycle.com/docs/articles-how-to-create-a-custom-ticket-view-in-helpdesk/
4995667413531,How to create and use macros for Helpdesk tickets,https://help.klaviyo.com/hc/en-us/articles/4995667413531-How-to-create-and-use-macros-for-Helpdesk-tickets,helpdesk,45954205436059,Team Workflow & Productivity,helpdesk/How-to-create-and-use-macros-for-Helpdesk-tickets-4995667413531.md,_source/articles/4995667413531.json,_source/articles/4995667413531.body.html,_source/rendered/4995667413531.html,yes,helpdesk/How-to-create-and-use-macros-for-Helpdesk-tickets.md,yes,10593,upload_meta_only,如何为帮助台票证创建和使用宏,
44438101121563,How to create outbound tickets and log Phone Calls in Helpdesk,https://help.klaviyo.com/hc/en-us/articles/44438101121563-How-to-create-outbound-tickets-and-log-Phone-Calls-in-Helpdesk,helpdesk,45954205436059,Team Workflow & Productivity,helpdesk/How-to-create-outbound-tickets-and-log-Phone-Calls-in-Helpdesk-44438101121563.md,_source/articles/44438101121563.json,_source/articles/44438101121563.body.html,_source/rendered/44438101121563.html,yes,helpdesk/How-to-create-outbound-tickets-and-log-Phone-Calls-in-Helpdesk.md,yes,10286,upload_meta_only,如何在服务台中创建出站票证并记录电话呼叫,
4998792999963,How to edit and delete macros,https://help.klaviyo.com/hc/en-us/articles/4998792999963-How-to-edit-and-delete-macros,helpdesk,45954205436059,Team Workflow & Productivity,helpdesk/How-to-edit-and-delete-macros-4998792999963.md,_source/articles/4998792999963.json,_source/articles/4998792999963.body.html,_source/rendered/4998792999963.html,yes,helpdesk/How-to-edit-and-delete-macros.md,yes,11352,publish,如何编辑和删除宏,https://dynamicycle.com/docs/articles-how-to-edit-and-delete-macros/
35728181961499,How to leave internal notes on Helpdesk tickets,https://help.klaviyo.com/hc/en-us/articles/35728181961499-How-to-leave-internal-notes-on-Helpdesk-tickets,helpdesk,45954205436059,Team Workflow & Productivity,helpdesk/How-to-leave-internal-notes-on-Helpdesk-tickets-35728181961499.md,_source/articles/35728181961499.json,_source/articles/35728181961499.body.html,_source/rendered/35728181961499.html,yes,helpdesk/How-to-leave-internal-notes-on-Helpdesk-tickets.md,yes,11235,publish,如何在帮助台票证上留下内部注释,https://dynamicycle.com/docs/articles-how-to-leave-internal-notes-on-helpdesk-tickets/
1260804180889,How to provide mobile support with Klaviyo SMS,https://help.klaviyo.com/hc/en-us/articles/1260804180889-How-to-provide-mobile-support-with-Klaviyo-SMS,helpdesk,45954133286171,Channel & Integration Management,helpdesk/How-to-provide-mobile-support-with-Klaviyo-SMS-1260804180889.md,_source/articles/1260804180889.json,_source/articles/1260804180889.body.html,_source/rendered/1260804180889.html,yes,helpdesk/How-to-provide-mobile-support-with-Klaviyo-SMS.md,yes,11376,publish,如何通过 Klaviyo SMS 提供移动支持,https://dynamicycle.com/docs/articles-how-to-provide-mobile-support-with-klaviyo-sms/
36403236266139,How to save a view of metrics in a Helpdesk ticket,https://help.klaviyo.com/hc/en-us/articles/36403236266139-How-to-save-a-view-of-metrics-in-a-Helpdesk-ticket,helpdesk,45954205436059,Team Workflow & Productivity,helpdesk/How-to-save-a-view-of-metrics-in-a-Helpdesk-ticket-36403236266139.md,_source/articles/36403236266139.json,_source/articles/36403236266139.body.html,_source/rendered/36403236266139.html,yes,helpdesk/How-to-save-a-view-of-metrics-in-a-Helpdesk-ticket.md,yes,11171,publish,如何在帮助台票证中保存指标视图,https://dynamicycle.com/docs/articles-how-to-save-a-view-of-metrics-in-a-helpdesk-ticket/
39692891402907,How to use ticket tagging in Helpdesk,https://help.klaviyo.com/hc/en-us/articles/39692891402907-How-to-use-ticket-tagging-in-Helpdesk,helpdesk,45954159809179,Routing & Automation,helpdesk/How-to-use-ticket-tagging-in-Helpdesk-39692891402907.md,_source/articles/39692891402907.json,_source/articles/39692891402907.body.html,_source/rendered/39692891402907.html,yes,helpdesk/How-to-use-ticket-tagging-in-Helpdesk.md,yes,10944,publish,如何在帮助台中使用工单标签,https://dynamicycle.com/docs/articles-how-to-use-ticket-tagging-in-helpdesk/
40813462564763,Klaviyo Helpdesk Predictive Insights Panel,https://help.klaviyo.com/hc/en-us/articles/40813462564763-Klaviyo-Helpdesk-Predictive-Insights-Panel,helpdesk,45954205436059,Team Workflow & Productivity,helpdesk/Klaviyo-Helpdesk-Predictive-Insights-Panel-40813462564763.md,_source/articles/40813462564763.json,_source/articles/40813462564763.body.html,_source/rendered/40813462564763.html,yes,helpdesk/Klaviyo-Helpdesk-Predictive-Insights-Panel.md,yes,10324,upload_meta_only,Klaviyo 服务台预测洞察面板,
42861358490011,Klaviyo Helpdesk: CSAT,https://help.klaviyo.com/hc/en-us/articles/42861358490011-Klaviyo-Helpdesk-CSAT,helpdesk,45954230121499,Optimization & Analytics,helpdesk/Klaviyo-Helpdesk-CSAT-42861358490011.md,_source/articles/42861358490011.json,_source/articles/42861358490011.body.html,_source/rendered/42861358490011.html,yes,helpdesk/Klaviyo-Helpdesk-CSAT.md,yes,10297,upload_meta_only,Klaviyo 服务台：CSAT,
43416386141467,Klaviyo Helpdesk: Guide to Pinned Properties,https://help.klaviyo.com/hc/en-us/articles/43416386141467-Klaviyo-Helpdesk-Guide-to-Pinned-Properties,helpdesk,45954205436059,Team Workflow & Productivity,helpdesk/Klaviyo-Helpdesk-Guide-to-Pinned-Properties-43416386141467.md,_source/articles/43416386141467.json,_source/articles/43416386141467.body.html,_source/rendered/43416386141467.html,yes,helpdesk/Klaviyo-Helpdesk-Guide-to-Pinned-Properties.md,yes,10293,upload_meta_only,Klaviyo 帮助台：固定属性指南,
44437464852379,Klaviyo Helpdesk: How to send and receive media in a ticket,https://help.klaviyo.com/hc/en-us/articles/44437464852379-Klaviyo-Helpdesk-How-to-send-and-receive-media-in-a-ticket,helpdesk,45954205436059,Team Workflow & Productivity,helpdesk/Klaviyo-Helpdesk-How-to-send-and-receive-media-in-a-ticket-44437464852379.md,_source/articles/44437464852379.json,_source/articles/44437464852379.body.html,_source/rendered/44437464852379.html,yes,helpdesk/Klaviyo-Helpdesk-How-to-send-and-receive-media-in-a-ticket.md,yes,10287,upload_meta_only,Klaviyo 帮助台：如何发送和接收票证中的媒体,
40998058377371,Klaviyo Helpdesk: Instagram as a Channel,https://help.klaviyo.com/hc/en-us/articles/40998058377371-Klaviyo-Helpdesk-Instagram-as-a-Channel,helpdesk,45954133286171,Channel & Integration Management,helpdesk/Klaviyo-Helpdesk-Instagram-as-a-Channel-40998058377371.md,_source/articles/40998058377371.json,_source/articles/40998058377371.body.html,_source/rendered/40998058377371.html,yes,helpdesk/Klaviyo-Helpdesk-Instagram-as-a-Channel.md,yes,10316,upload_meta_only,Klaviyo Helpdesk：Instagram 作为渠道,
42877015465115,Klaviyo Helpdesk: Product Catalog Selector,https://help.klaviyo.com/hc/en-us/articles/42877015465115-Klaviyo-Helpdesk-Product-Catalog-Selector,helpdesk,45954133286171,Channel & Integration Management,helpdesk/Klaviyo-Helpdesk-Product-Catalog-Selector-42877015465115.md,_source/articles/42877015465115.json,_source/articles/42877015465115.body.html,_source/rendered/42877015465115.html,yes,helpdesk/Klaviyo-Helpdesk-Product-Catalog-Selector.md,yes,10296,upload_meta_only,Klaviyo Helpdesk：产品目录选择器,
40813566835611,Klaviyo Helpdesk: Round Robin Assignment,https://help.klaviyo.com/hc/en-us/articles/40813566835611-Klaviyo-Helpdesk-Round-Robin-Assignment,helpdesk,45954159809179,Routing & Automation,helpdesk/Klaviyo-Helpdesk-Round-Robin-Assignment-40813566835611.md,_source/articles/40813566835611.json,_source/articles/40813566835611.body.html,_source/rendered/40813566835611.html,yes,helpdesk/Klaviyo-Helpdesk-Round-Robin-Assignment.md,yes,10321,upload_meta_only,Klaviyo Helpdesk：循环分配,
40813502166171,"Klaviyo Helpdesk: Tag, Segment, and List routing",https://help.klaviyo.com/hc/en-us/articles/40813502166171-Klaviyo-Helpdesk-Tag-Segment-and-List-routing,helpdesk,45954205436059,Team Workflow & Productivity,"helpdesk/Klaviyo-Helpdesk-Tag,-Segment,-and-List-routing-40813502166171.md",_source/articles/40813502166171.json,_source/articles/40813502166171.body.html,_source/rendered/40813502166171.html,yes,"helpdesk/Klaviyo-Helpdesk-Tag,-Segment,-and-List-routing.md",yes,10323,upload_meta_only,Klaviyo Helpdesk：标签、分段和列表路由,
40813520074523,Klaviyo Helpdesk:  Shopify Order Editing,https://help.klaviyo.com/hc/en-us/articles/40813520074523-Klaviyo-Helpdesk-Shopify-Order-Editing,helpdesk,45954133286171,Channel & Integration Management,helpdesk/Klaviyo-Helpdesk-Shopify-Order-Editing-40813520074523.md,_source/articles/40813520074523.json,_source/articles/40813520074523.body.html,_source/rendered/40813520074523.html,yes,helpdesk/Klaviyo-Helpdesk-Shopify-Order-Editing.md,yes,10322,upload_meta_only,Klaviyo 帮助台：Shopify 订单编辑,
45953122676123,Setting up Autoresponders for Klaviyo Helpdesk,https://help.klaviyo.com/hc/en-us/articles/45953122676123-Setting-up-Autoresponders-for-Klaviyo-Helpdesk,helpdesk,45954159809179,Routing & Automation,helpdesk/Setting-up-Autoresponders-for-Klaviyo-Helpdesk-45953122676123.md,_source/articles/45953122676123.json,_source/articles/45953122676123.body.html,_source/rendered/45953122676123.html,yes,helpdesk/Setting-up-Autoresponders-for-Klaviyo-Helpdesk.md,yes,10264,upload_meta_only,为 Klaviyo Helpdesk 设置自动回复器,
39478286954395,Understanding the Helpdesk reporting dashboard,https://help.klaviyo.com/hc/en-us/articles/39478286954395-Understanding-the-Helpdesk-reporting-dashboard,helpdesk,45954230121499,Optimization & Analytics,helpdesk/Understanding-the-Helpdesk-reporting-dashboard-39478286954395.md,_source/articles/39478286954395.json,_source/articles/39478286954395.body.html,_source/rendered/39478286954395.html,yes,helpdesk/Understanding-the-Helpdesk-reporting-dashboard.md,yes,10945,publish,了解帮助台报告仪表板,https://dynamicycle.com/docs/articles-understanding-the-helpdesk-reporting-dashboard/
43415280821403,Use Customer sentiment analysis to route and prioritize support in Helpdesk,https://help.klaviyo.com/hc/en-us/articles/43415280821403-Use-Customer-sentiment-analysis-to-route-and-prioritize-support-in-Helpdesk,helpdesk,45954230121499,Optimization & Analytics,helpdesk/Use-Customer-sentiment-analysis-to-route-and-prioritize-support-in-Helpdesk-43415280821403.md,_source/articles/43415280821403.json,_source/articles/43415280821403.body.html,_source/rendered/43415280821403.html,yes,helpdesk/Use-Customer-sentiment-analysis-to-route-and-prioritize-support-in-Helpdesk.md,yes,10294,upload_meta_only,使用客户情绪分析来路由和优先考虑帮助台中的支持,
115001618871,Add a Klaviyo Embedded Form to a Shopify Free Theme,https://help.klaviyo.com/hc/en-us/articles/115001618871-Add-a-Klaviyo-Embedded-Form-to-a-Shopify-Free-Theme,integrations,49375337479451,Shopify best practices,integrations/Add-a-Klaviyo-Embedded-Form-to-a-Shopify-Free-Theme-115001618871.md,_source/articles/115001618871.json,_source/articles/115001618871.body.html,,yes,integrations/Add-a-Klaviyo-Embedded-Form-to-a-Shopify-Free-Theme.md,yes,11359,publish,将 Klaviyo 嵌入式表单添加到 Shopify 免费主题,https://dynamicycle.com/docs/articles-add-a-klaviyo-embedded-form-to-a-shopify-free-theme/
115005080847,Add a Klaviyo Pop Up or Fly Out to Your Shopify Store,https://help.klaviyo.com/hc/en-us/articles/115005080847-Add-a-Klaviyo-Pop-Up-or-Fly-Out-to-Your-Shopify-Store,integrations,49375337479451,Shopify best practices,integrations/Add-a-Klaviyo-Pop-Up-or-Fly-Out-to-Your-Shopify-Store-115005080847.md,_source/articles/115005080847.json,_source/articles/115005080847.body.html,,yes,integrations/Add-a-Klaviyo-Pop-Up-or-Fly-Out-to-Your-Shopify-Store.md,yes,11311,publish,将 Klaviyo 弹出窗口或飞出窗口添加到您的 Shopify 商店,https://dynamicycle.com/docs/articles-add-a-klaviyo-pop-up-or-fly-out-to-your-shopify-store/
115000099192,Adding a Klaviyo Signup Form to your BigCommerce Store,https://help.klaviyo.com/hc/en-us/articles/115000099192-Adding-a-Klaviyo-Signup-Form-to-your-BigCommerce-Store,integrations,49375361359643,BigCommerce best practices,integrations/Adding-a-Klaviyo-Signup-Form-to-your-BigCommerce-Store-115000099192.md,_source/articles/115000099192.json,_source/articles/115000099192.body.html,,yes,integrations/Adding-a-Klaviyo-Signup-Form-to-your-BigCommerce-Store.md,yes,11017,publish,将 Klaviyo 注册表单添加到您的 BigCommerce 商店,https://dynamicycle.com/docs/articles-adding-a-klaviyo-signup-form-to-your-bigcommerce-store/
360039532331,Advertising glossary,https://help.klaviyo.com/hc/en-us/articles/360039532331-Advertising-glossary,integrations,115000036291,Meta Ads,integrations/Advertising-glossary-360039532331.md,_source/articles/360039532331.json,_source/articles/360039532331.body.html,_source/rendered/360039532331.html,yes,integrations/Advertising-glossary.md,yes,11357,publish,广告词汇,https://dynamicycle.com/docs/articles-advertising-glossary/
14708160794779,Amazon Buy with Prime data reference,https://help.klaviyo.com/hc/en-us/articles/14708160794779-Amazon-Buy-with-Prime-data-reference,integrations,49375618546715,Amazon Buy with Prime,integrations/Amazon-Buy-with-Prime-data-reference-14708160794779.md,_source/articles/14708160794779.json,_source/articles/14708160794779.body.html,_source/rendered/14708160794779.html,yes,integrations/Amazon-Buy-with-Prime-data-reference.md,yes,10871,publish,亚马逊购买 Prime 数据参考,https://dynamicycle.com/docs/articles-amazon-buy-with-prime-data-reference/
115005082587,BigCommerce data reference,https://help.klaviyo.com/hc/en-us/articles/115005082587-BigCommerce-data-reference,integrations,49375348896539,Getting started with BigCommerce,integrations/BigCommerce-data-reference-115005082587.md,_source/articles/115005082587.json,_source/articles/115005082587.body.html,_source/rendered/115005082587.html,yes,integrations/BigCommerce-data-reference.md,yes,10930,publish,BigCommerce数据参考,https://dynamicycle.com/docs/articles-bigcommerce-data-reference/
16130796656667,Boulevard data reference,https://help.klaviyo.com/hc/en-us/articles/16130796656667-Boulevard-data-reference,integrations,49375648927771,Boulevard,integrations/Boulevard-data-reference-16130796656667.md,_source/articles/16130796656667.json,_source/articles/16130796656667.body.html,_source/rendered/16130796656667.html,yes,integrations/Boulevard-data-reference.md,yes,10538,upload_meta_only,大道数据参考,
24206475048219,ChowNow data reference,https://help.klaviyo.com/hc/en-us/articles/24206475048219-ChowNow-data-reference,integrations,49375712903579,ChowNow,integrations/ChowNow-data-reference-24206475048219.md,_source/articles/24206475048219.json,_source/articles/24206475048219.body.html,_source/rendered/24206475048219.html,yes,integrations/ChowNow-data-reference.md,yes,10461,upload_meta_only,ChowNow数据参考,
39406875083035,Cloudbeds data reference,https://help.klaviyo.com/hc/en-us/articles/39406875083035-Cloudbeds-data-reference,integrations,49375952441243,Cloudbeds,integrations/Cloudbeds-data-reference-39406875083035.md,_source/articles/39406875083035.json,_source/articles/39406875083035.body.html,_source/rendered/39406875083035.html,yes,integrations/Cloudbeds-data-reference.md,yes,10341,upload_meta_only,Cloudbeds数据参考,
31491379626267,Constant Contact data reference,https://help.klaviyo.com/hc/en-us/articles/31491379626267-Constant-Contact-data-reference,integrations,49375544319515,Migrate from an email service provider,integrations/Constant-Contact-data-reference-31491379626267.md,_source/articles/31491379626267.json,_source/articles/31491379626267.body.html,_source/rendered/31491379626267.html,no,,no,,not_uploaded,,
115005255528,Create a GoFundMe Pro Fundraising Page Kickoff Flow,https://help.klaviyo.com/hc/en-us/articles/115005255528-Create-a-GoFundMe-Pro-Fundraising-Page-Kickoff-Flow,integrations,49375355165723,Classy,integrations/Create-a-GoFundMe-Pro-Fundraising-Page-Kickoff-Flow-115005255528.md,_source/articles/115005255528.json,_source/articles/115005255528.body.html,,yes,integrations/Create-a-GoFundMe-Pro-Fundraising-Page-Kickoff-Flow.md,yes,11158,publish,创建 GoFundMe Pro 筹款页面启动流程,https://dynamicycle.com/docs/articles-create-a-gofundme-pro-fundraising-page-kickoff-flow/
360004775072,Custom Objects,https://help.klaviyo.com/hc/en-us/articles/360004775072-Custom-Objects,integrations,49375213829275,Custom integrations,integrations/Custom-Objects-360004775072.md,_source/articles/360004775072.json,_source/articles/360004775072.body.html,,yes,integrations/Custom-Objects.md,yes,11416,publish,自定义对象,https://dynamicycle.com/docs/articles-custom-objects/
22698234676507,Dutchie POS data reference,https://help.klaviyo.com/hc/en-us/articles/22698234676507-Dutchie-POS-data-reference,integrations,49375709970843,Dutchie POS,integrations/Dutchie-POS-data-reference-22698234676507.md,_source/articles/22698234676507.json,_source/articles/22698234676507.body.html,_source/rendered/22698234676507.html,yes,integrations/Dutchie-POS-data-reference.md,yes,10855,publish,Dutchie POS 数据参考,https://dynamicycle.com/docs/articles-dutchie-pos-data-reference/
46281487065243,Frequently Asked Questions for the Klaviyo app for ChatGPT,https://help.klaviyo.com/hc/en-us/articles/46281487065243-Frequently-Asked-Questions-for-the-Klaviyo-app-for-ChatGPT,integrations,46281687549467,Klaviyo app for ChatGPT,integrations/Frequently-Asked-Questions-for-the-Klaviyo-app-for-ChatGPT-46281487065243.md,_source/articles/46281487065243.json,_source/articles/46281487065243.body.html,_source/rendered/46281487065243.html,yes,integrations/Frequently-Asked-Questions-for-the-Klaviyo-app-for-ChatGPT.md,yes,10260,upload_meta_only,ChatGPT 的 Klaviyo 应用程序的常见问题解答,
115005081007,Frequently asked questions about integrations,https://help.klaviyo.com/hc/en-us/articles/115005081007-Frequently-asked-questions-about-integrations,integrations,49375437778587,All integrations,integrations/Frequently-asked-questions-about-integrations-115005081007.md,_source/articles/115005081007.json,_source/articles/115005081007.body.html,_source/rendered/115005081007.html,yes,integrations/Frequently-asked-questions-about-integrations.md,yes,11342,publish,有关集成的常见问题,https://dynamicycle.com/docs/articles-frequently-asked-questions-about-integrations/
14708088221467,Getting started with Amazon Buy with Prime,https://help.klaviyo.com/hc/en-us/articles/14708088221467-Getting-started-with-Amazon-Buy-with-Prime,integrations,49375618546715,Amazon Buy with Prime,integrations/Getting-started-with-Amazon-Buy-with-Prime-14708088221467.md,_source/articles/14708088221467.json,_source/articles/14708088221467.body.html,_source/rendered/14708088221467.html,yes,integrations/Getting-started-with-Amazon-Buy-with-Prime.md,yes,10553,upload_meta_only,开始使用亚马逊 Prime 购买,
115005082547,Getting started with BigCommerce,https://help.klaviyo.com/hc/en-us/articles/115005082547-Getting-started-with-BigCommerce,integrations,49375348896539,Getting started with BigCommerce,integrations/Getting-started-with-BigCommerce-115005082547.md,_source/articles/115005082547.json,_source/articles/115005082547.body.html,_source/rendered/115005082547.html,yes,integrations/Getting-started-with-BigCommerce.md,yes,10808,publish,BigCommerce 入门,https://dynamicycle.com/docs/articles-getting-started-with-bigcommerce/
16131320434459,Getting started with Boulevard,https://help.klaviyo.com/hc/en-us/articles/16131320434459-Getting-started-with-Boulevard,integrations,49375648927771,Boulevard,integrations/Getting-started-with-Boulevard-16131320434459.md,_source/articles/16131320434459.json,_source/articles/16131320434459.body.html,_source/rendered/16131320434459.html,yes,integrations/Getting-started-with-Boulevard.md,yes,10537,upload_meta_only,开始使用大道,
23364424365339,Getting started with Canva,https://help.klaviyo.com/hc/en-us/articles/23364424365339-Getting-started-with-Canva,integrations,49375695997851,Canva,integrations/Getting-started-with-Canva-23364424365339.md,_source/articles/23364424365339.json,_source/articles/23364424365339.body.html,_source/rendered/23364424365339.html,yes,integrations/Getting-started-with-Canva.md,yes,10466,upload_meta_only,Canva 入门,
24206444868251,Getting started with ChowNow,https://help.klaviyo.com/hc/en-us/articles/24206444868251-Getting-started-with-ChowNow,integrations,49375712903579,ChowNow,integrations/Getting-started-with-ChowNow-24206444868251.md,_source/articles/24206444868251.json,_source/articles/24206444868251.body.html,_source/rendered/24206444868251.html,yes,integrations/Getting-started-with-ChowNow.md,yes,10462,upload_meta_only,开始使用 ChowNow,
39406849361691,Getting started with Cloudbeds,https://help.klaviyo.com/hc/en-us/articles/39406849361691-Getting-started-with-Cloudbeds,integrations,49375952441243,Cloudbeds,integrations/Getting-started-with-Cloudbeds-39406849361691.md,_source/articles/39406849361691.json,_source/articles/39406849361691.body.html,_source/rendered/39406849361691.html,yes,integrations/Getting-started-with-Cloudbeds.md,yes,10342,upload_meta_only,Cloudbed 入门,
22698258709531,Getting started with Dutchie POS,https://help.klaviyo.com/hc/en-us/articles/22698258709531-Getting-started-with-Dutchie-POS,integrations,49375709970843,Dutchie POS,integrations/Getting-started-with-Dutchie-POS-22698258709531.md,_source/articles/22698258709531.json,_source/articles/22698258709531.body.html,_source/rendered/22698258709531.html,yes,integrations/Getting-started-with-Dutchie-POS.md,yes,10471,upload_meta_only,开始使用 Dutchie POS,
115005083387,Getting started with GoFundMe Pro,https://help.klaviyo.com/hc/en-us/articles/115005083387-Getting-started-with-GoFundMe-Pro,integrations,49375355165723,Classy,integrations/Getting-started-with-GoFundMe-Pro-115005083387.md,_source/articles/115005083387.json,_source/articles/115005083387.body.html,_source/rendered/115005083387.html,yes,integrations/Getting-started-with-GoFundMe-Pro.md,yes,10928,publish,GoFundMe Pro 入门,https://dynamicycle.com/docs/articles-getting-started-with-gofundme-pro/
6353315757211,Getting started with Google Ads,https://help.klaviyo.com/hc/en-us/articles/6353315757211-Getting-started-with-Google-Ads,integrations,49375957106587,Google Ads,integrations/Getting-started-with-Google-Ads-6353315757211.md,_source/articles/6353315757211.json,_source/articles/6353315757211.body.html,_source/rendered/6353315757211.html,yes,integrations/Getting-started-with-Google-Ads.md,yes,10590,upload_meta_only,Google Ads 入门,
4408023789083,Getting started with Gorgias,https://help.klaviyo.com/hc/en-us/articles/4408023789083-Getting-started-with-Gorgias,integrations,49375230792219,Gorgias,integrations/Getting-started-with-Gorgias-4408023789083.md,_source/articles/4408023789083.json,_source/articles/4408023789083.body.html,_source/rendered/4408023789083.html,yes,integrations/Getting-started-with-Gorgias.md,yes,10601,upload_meta_only,高尔吉亚入门,
37673288455323,Getting started with Guesty,https://help.klaviyo.com/hc/en-us/articles/37673288455323-Getting-started-with-Guesty,integrations,49375906904603,Guesty,integrations/Getting-started-with-Guesty-37673288455323.md,_source/articles/37673288455323.json,_source/articles/37673288455323.body.html,_source/rendered/37673288455323.html,yes,integrations/Getting-started-with-Guesty.md,yes,10351,upload_meta_only,开始使用 Guesty,
24016528108315,Getting started with Intercom,https://help.klaviyo.com/hc/en-us/articles/24016528108315-Getting-started-with-Intercom,integrations,49375712221211,Intercom,integrations/Getting-started-with-Intercom-24016528108315.md,_source/articles/24016528108315.json,_source/articles/24016528108315.body.html,_source/rendered/24016528108315.html,yes,integrations/Getting-started-with-Intercom.md,yes,10463,upload_meta_only,对讲机入门,
360045726811,Getting started with Klaviyo APIs,https://help.klaviyo.com/hc/en-us/articles/360045726811-Getting-started-with-Klaviyo-APIs,integrations,49375213829275,Custom integrations,integrations/Getting-started-with-Klaviyo-APIs-360045726811.md,_source/articles/360045726811.json,_source/articles/360045726811.body.html,_source/rendered/360045726811.html,yes,integrations/Getting-started-with-Klaviyo-APIs.md,yes,10670,upload_meta_only,Klaviyo API 入门,
115005081987,Getting started with Lightspeed POS,https://help.klaviyo.com/hc/en-us/articles/115005081987-Getting-started-with-Lightspeed-POS,integrations,49375208299035,Lightspeed,integrations/Getting-started-with-Lightspeed-POS-115005081987.md,_source/articles/115005081987.json,_source/articles/115005081987.body.html,_source/rendered/115005081987.html,yes,integrations/Getting-started-with-Lightspeed-POS.md,yes,10812,publish,Lightspeed POS 入门,https://dynamicycle.com/docs/articles-getting-started-with-lightspeed-pos/
115005254348,Getting started with Magento 2.x (CE and EE),https://help.klaviyo.com/hc/en-us/articles/115005254348-Getting-started-with-Magento-2-x-CE-and-EE,integrations,49375848540187,Magento 2,integrations/Getting-started-with-Magento-2.x-(CE-and-EE)-115005254348.md,_source/articles/115005254348.json,_source/articles/115005254348.body.html,_source/rendered/115005254348.html,yes,integrations/Getting-started-with-Magento-2.x-(CE-and-EE).md,yes,10810,publish,Magento 2.x 入门（CE 和 EE）,https://dynamicycle.com/docs/articles-getting-started-with-magento-2-x-ce-and-ee/
115005082127,Getting started with Meta Ads,https://help.klaviyo.com/hc/en-us/articles/115005082127-Getting-started-with-Meta-Ads,integrations,115000036291,Meta Ads,integrations/Getting-started-with-Meta-Ads-115005082127.md,_source/articles/115005082127.json,_source/articles/115005082127.body.html,_source/rendered/115005082127.html,yes,integrations/Getting-started-with-Meta-Ads.md,yes,10811,publish,元广告入门,https://dynamicycle.com/docs/articles-getting-started-with-meta-ads/
38311148860955,Getting started with Mews,https://help.klaviyo.com/hc/en-us/articles/38311148860955-Getting-started-with-Mews,integrations,49375921845787,Mews,integrations/Getting-started-with-Mews-38311148860955.md,_source/articles/38311148860955.json,_source/articles/38311148860955.body.html,_source/rendered/38311148860955.html,yes,integrations/Getting-started-with-Mews.md,yes,10347,upload_meta_only,开始使用 Mews,
15348624462747,Getting started with Mindbody,https://help.klaviyo.com/hc/en-us/articles/15348624462747-Getting-started-with-Mindbody,integrations,49375589754907,Mindbody,integrations/Getting-started-with-Mindbody-15348624462747.md,_source/articles/15348624462747.json,_source/articles/15348624462747.body.html,_source/rendered/15348624462747.html,yes,integrations/Getting-started-with-Mindbody.md,yes,10544,upload_meta_only,开始使用 Mindbody,
15751697785883,Getting started with Olo,https://help.klaviyo.com/hc/en-us/articles/15751697785883-Getting-started-with-Olo,integrations,49375633481115,Olo,integrations/Getting-started-with-Olo-15751697785883.md,_source/articles/15751697785883.json,_source/articles/15751697785883.body.html,_source/rendered/15751697785883.html,yes,integrations/Getting-started-with-Olo.md,yes,10543,upload_meta_only,开始使用 Olo,
23112971772699,Getting started with OpenTable,https://help.klaviyo.com/hc/en-us/articles/23112971772699-Getting-started-with-OpenTable,integrations,49375703042715,OpenTable,integrations/Getting-started-with-OpenTable-23112971772699.md,_source/articles/23112971772699.json,_source/articles/23112971772699.body.html,_source/rendered/23112971772699.html,yes,integrations/Getting-started-with-OpenTable.md,yes,10469,upload_meta_only,OpenTable 入门,
19895874407579,Getting started with PAR Punchh,https://help.klaviyo.com/hc/en-us/articles/19895874407579-Getting-started-with-PAR-Punchh,integrations,49375701875995,PAR Punchh,integrations/Getting-started-with-PAR-Punchh-19895874407579.md,_source/articles/19895874407579.json,_source/articles/19895874407579.body.html,_source/rendered/19895874407579.html,yes,integrations/Getting-started-with-PAR-Punchh.md,yes,10493,upload_meta_only,PAR Punchh 入门,
25594493075227,Getting started with Pinterest Audiences,https://help.klaviyo.com/hc/en-us/articles/25594493075227-Getting-started-with-Pinterest-Audiences,integrations,49375731271323,Pinterest,integrations/Getting-started-with-Pinterest-Audiences-25594493075227.md,_source/articles/25594493075227.json,_source/articles/25594493075227.body.html,_source/rendered/25594493075227.html,yes,integrations/Getting-started-with-Pinterest-Audiences.md,yes,10448,upload_meta_only,Pinterest 受众入门,
360054551492,Getting started with PrestaShop,https://help.klaviyo.com/hc/en-us/articles/360054551492-Getting-started-with-PrestaShop,integrations,49375889864603,PrestaShop,integrations/Getting-started-with-PrestaShop-360054551492.md,_source/articles/360054551492.json,_source/articles/360054551492.body.html,_source/rendered/360054551492.html,yes,integrations/Getting-started-with-PrestaShop.md,yes,10639,upload_meta_only,PrestaShop 入门,
360033744951,Getting started with Salesforce Commerce Cloud,https://help.klaviyo.com/hc/en-us/articles/360033744951-Getting-started-with-Salesforce-Commerce-Cloud,integrations,49375912534427,Salesforce Commerce Cloud,integrations/Getting-started-with-Salesforce-Commerce-Cloud-360033744951.md,_source/articles/360033744951.json,_source/articles/360033744951.body.html,_source/rendered/360033744951.html,yes,integrations/Getting-started-with-Salesforce-Commerce-Cloud.md,yes,10779,publish,Salesforce 商务云入门,https://dynamicycle.com/docs/articles-getting-started-with-salesforce-commerce-cloud/
115005083107,Getting started with Shift4Shop,https://help.klaviyo.com/hc/en-us/articles/115005083107-Getting-started-with-Shift4Shop,integrations,49375320292763,Shift4Shop,integrations/Getting-started-with-Shift4Shop-115005083107.md,_source/articles/115005083107.json,_source/articles/115005083107.body.html,_source/rendered/115005083107.html,yes,integrations/Getting-started-with-Shift4Shop.md,yes,11021,publish,Shift4Shop 入门,https://dynamicycle.com/docs/articles-getting-started-with-shift4shop/
115005080407,Getting started with Shopify,https://help.klaviyo.com/hc/en-us/articles/115005080407-Getting-started-with-Shopify,integrations,49375363814555,Getting started with Shopify,integrations/Getting-started-with-Shopify-115005080407.md,_source/articles/115005080407.json,_source/articles/115005080407.body.html,_source/rendered/115005080407.html,yes,integrations/Getting-started-with-Shopify.md,yes,10815,publish,开始使用 Shopify,https://dynamicycle.com/docs/articles-getting-started-with-shopify/
13001662470939,Getting started with Shopware,https://help.klaviyo.com/hc/en-us/articles/13001662470939-Getting-started-with-Shopware,integrations,49375225542683,Shopware,integrations/Getting-started-with-Shopware-13001662470939.md,_source/articles/13001662470939.json,_source/articles/13001662470939.body.html,_source/rendered/13001662470939.html,yes,integrations/Getting-started-with-Shopware.md,yes,10557,upload_meta_only,开始使用 Shopware,
11117215837211,Getting started with Square,https://help.klaviyo.com/hc/en-us/articles/11117215837211-Getting-started-with-Square,integrations,49375204777755,Square,integrations/Getting-started-with-Square-11117215837211.md,_source/articles/11117215837211.json,_source/articles/11117215837211.body.html,_source/rendered/11117215837211.html,yes,integrations/Getting-started-with-Square.md,yes,10566,upload_meta_only,开始使用 Square,
115005082267,Getting started with Stripe,https://help.klaviyo.com/hc/en-us/articles/115005082267-Getting-started-with-Stripe,integrations,49375433788699,Stripe,integrations/Getting-started-with-Stripe-115005082267.md,_source/articles/115005082267.json,_source/articles/115005082267.body.html,_source/rendered/115005082267.html,yes,integrations/Getting-started-with-Stripe.md,yes,11095,publish,开始使用条纹,https://dynamicycle.com/docs/articles-getting-started-with-stripe/
19458074597659,Getting started with Thanx,https://help.klaviyo.com/hc/en-us/articles/19458074597659-Getting-started-with-Thanx,integrations,49375725776283,Thanx,integrations/Getting-started-with-Thanx-19458074597659.md,_source/articles/19458074597659.json,_source/articles/19458074597659.body.html,_source/rendered/19458074597659.html,yes,integrations/Getting-started-with-Thanx.md,yes,10499,upload_meta_only,开始使用 Thanx,
22541043261851,Getting started with TikTok Audiences,https://help.klaviyo.com/hc/en-us/articles/22541043261851-Getting-started-with-TikTok-Audiences,integrations,49375686859419,TikTok Audiences,integrations/Getting-started-with-TikTok-Audiences-22541043261851.md,_source/articles/22541043261851.json,_source/articles/22541043261851.body.html,_source/rendered/22541043261851.html,yes,integrations/Getting-started-with-TikTok-Audiences.md,yes,10473,upload_meta_only,TikTok 受众入门,
24302505547163,Getting started with Toast,https://help.klaviyo.com/hc/en-us/articles/24302505547163-Getting-started-with-Toast,integrations,49375688471707,Toast,integrations/Getting-started-with-Toast-24302505547163.md,_source/articles/24302505547163.json,_source/articles/24302505547163.body.html,_source/rendered/24302505547163.html,yes,integrations/Getting-started-with-Toast.md,yes,10459,upload_meta_only,开始使用吐司,
115005082507,Getting started with Unbounce,https://help.klaviyo.com/hc/en-us/articles/115005082507-Getting-started-with-Unbounce,integrations,49375306241051,Unbounce,integrations/Getting-started-with-Unbounce-115005082507.md,_source/articles/115005082507.json,_source/articles/115005082507.body.html,_source/rendered/115005082507.html,yes,integrations/Getting-started-with-Unbounce.md,yes,11461,publish,开始使用取消弹跳,https://dynamicycle.com/docs/articles-getting-started-with-unbounce/
6202669053723,Getting started with Wix,https://help.klaviyo.com/hc/en-us/articles/6202669053723-Getting-started-with-Wix,integrations,49375976757403,Wix,integrations/Getting-started-with-Wix-6202669053723.md,_source/articles/6202669053723.json,_source/articles/6202669053723.body.html,_source/rendered/6202669053723.html,yes,integrations/Getting-started-with-Wix.md,yes,10591,upload_meta_only,开始使用 Wix,
115005255808,Getting started with WooCommerce,https://help.klaviyo.com/hc/en-us/articles/115005255808-Getting-started-with-WooCommerce,integrations,49375361959963,Getting started with WooCommerce,integrations/Getting-started-with-WooCommerce-115005255808.md,_source/articles/115005255808.json,_source/articles/115005255808.body.html,_source/rendered/115005255808.html,yes,integrations/Getting-started-with-WooCommerce.md,yes,10804,publish,WooCommerce 入门,https://dynamicycle.com/docs/articles-getting-started-with-woocommerce/
115005253728,Getting started with Zendesk,https://help.klaviyo.com/hc/en-us/articles/115005253728-Getting-started-with-Zendesk,integrations,49375324517787,Zendesk,integrations/Getting-started-with-Zendesk-115005253728.md,_source/articles/115005253728.json,_source/articles/115005253728.body.html,_source/rendered/115005253728.html,yes,integrations/Getting-started-with-Zendesk.md,yes,11224,publish,Zendesk 入门,https://dynamicycle.com/docs/articles-getting-started-with-zendesk/
15752461211547,Getting started with Zenoti,https://help.klaviyo.com/hc/en-us/articles/15752461211547-Getting-started-with-Zenoti,integrations,49375631549979,Zenoti,integrations/Getting-started-with-Zenoti-15752461211547.md,_source/articles/15752461211547.json,_source/articles/15752461211547.body.html,_source/rendered/15752461211547.html,yes,integrations/Getting-started-with-Zenoti.md,yes,10542,upload_meta_only,Zenoti 入门,
20920631501979,Getting started with data capture in Klaviyo,https://help.klaviyo.com/hc/en-us/articles/20920631501979-Getting-started-with-data-capture-in-Klaviyo,integrations,49375437778587,All integrations,integrations/Getting-started-with-data-capture-in-Klaviyo-20920631501979.md,_source/articles/20920631501979.json,_source/articles/20920631501979.body.html,_source/rendered/20920631501979.html,yes,integrations/Getting-started-with-data-capture-in-Klaviyo.md,yes,11175,publish,Klaviyo 中的数据捕获入门,https://dynamicycle.com/docs/articles-getting-started-with-data-capture-in-klaviyo/
37673417604507,Guesty data reference,https://help.klaviyo.com/hc/en-us/articles/37673417604507-Guesty-data-reference,integrations,49375906904603,Guesty,integrations/Guesty-data-reference-37673417604507.md,_source/articles/37673417604507.json,_source/articles/37673417604507.body.html,_source/rendered/37673417604507.html,yes,integrations/Guesty-data-reference.md,yes,10836,publish,客座数据参考,https://dynamicycle.com/docs/articles-guesty-data-reference/
115003492771,Guide to supporting multiple Magento stores (for Magento 2.x),https://help.klaviyo.com/hc/en-us/articles/115003492771-Guide-to-supporting-multiple-Magento-stores-for-Magento-2-x,integrations,49375848540187,Magento 2,integrations/Guide-to-supporting-multiple-Magento-stores-(for-Magento-2.x)-115003492771.md,_source/articles/115003492771.json,_source/articles/115003492771.body.html,_source/rendered/115003492771.html,yes,integrations/Guide-to-supporting-multiple-Magento-stores-(for-Magento-2.x).md,yes,11381,publish,支持多个 Magento 商店的指南（适用于 Magento 2.x）,https://dynamicycle.com/docs/articles-guide-to-supporting-multiple-magento-stores-for-magento-2-x/
48920041574811,Hotel Enablement Guide,https://help.klaviyo.com/hc/en-us/articles/48920041574811-Hotel-Enablement-Guide,integrations,48484642896283,General,integrations/Hotel-Enablement-Guide-48920041574811.md,_source/articles/48920041574811.json,_source/articles/48920041574811.body.html,_source/rendered/48920041574811.html,yes,integrations/Hotel-Enablement-Guide.md,yes,10224,upload_meta_only,酒店启用指南,
33997568400539,How enable multi-brand support for Gorgias,https://help.klaviyo.com/hc/en-us/articles/33997568400539-How-enable-multi-brand-support-for-Gorgias,integrations,49375230792219,Gorgias,integrations/How-enable-multi-brand-support-for-Gorgias-33997568400539.md,_source/articles/33997568400539.json,_source/articles/33997568400539.body.html,_source/rendered/33997568400539.html,yes,integrations/How-enable-multi-brand-support-for-Gorgias.md,yes,10382,upload_meta_only,如何为 Gorgias 启用多品牌支持,
115005253208,How often integrations sync reference,https://help.klaviyo.com/hc/en-us/articles/115005253208-How-often-integrations-sync-reference,integrations,49375437778587,All integrations,integrations/How-often-integrations-sync-reference-115005253208.md,_source/articles/115005253208.json,_source/articles/115005253208.body.html,_source/rendered/115005253208.html,no,,no,,not_uploaded,,
46643094275099,How to Add Klaviyo Onsite Tracking to Your Booking Engine,https://help.klaviyo.com/hc/en-us/articles/46643094275099-How-to-Add-Klaviyo-Onsite-Tracking-to-Your-Booking-Engine,integrations,48484642896283,General,integrations/How-to-Add-Klaviyo-Onsite-Tracking-to-Your-Booking-Engine-46643094275099.md,_source/articles/46643094275099.json,_source/articles/46643094275099.body.html,_source/rendered/46643094275099.html,yes,integrations/How-to-Add-Klaviyo-Onsite-Tracking-to-Your-Booking-Engine.md,yes,10250,upload_meta_only,如何将 Klaviyo 现场跟踪添加到您的预订引擎,
115005255208,How to Integrate with ActBlue,https://help.klaviyo.com/hc/en-us/articles/115005255208-How-to-Integrate-with-ActBlue,integrations,49375418063899,ActBlue,integrations/How-to-Integrate-with-ActBlue-115005255208.md,_source/articles/115005255208.json,_source/articles/115005255208.body.html,_source/rendered/115005255208.html,yes,integrations/How-to-Integrate-with-ActBlue.md,yes,10805,publish,如何与 ActBlue 集成,https://dynamicycle.com/docs/articles-how-to-integrate-with-actblue/
115005254468,How to Set Up a Magento Cron Job (for Magento 1.x),https://help.klaviyo.com/hc/en-us/articles/115005254468-How-to-Set-Up-a-Magento-Cron-Job-for-Magento-1-x,integrations,49375230225051,Magento 1,integrations/How-to-Set-Up-a-Magento-Cron-Job-(for-Magento-1.x)-115005254468.md,_source/articles/115005254468.json,_source/articles/115005254468.body.html,,yes,integrations/How-to-Set-Up-a-Magento-Cron-Job-(for-Magento-1.x).md,yes,11160,publish,如何设置 Magento Cron 作业（适用于 Magento 1.x）,https://dynamicycle.com/docs/articles-how-to-set-up-a-magento-cron-job-for-magento-1-x/
360044013412,How to access your browser's developer console,https://help.klaviyo.com/hc/en-us/articles/360044013412-How-to-access-your-browser-s-developer-console,integrations,49375213829275,Custom integrations,integrations/How-to-access-your-browser's-developer-console-360044013412.md,_source/articles/360044013412.json,_source/articles/360044013412.body.html,_source/rendered/360044013412.html,yes,integrations/How-to-access-your-browser's-developer-console.md,yes,11076,publish,如何访问浏览器的开发者控制台,https://dynamicycle.com/docs/articles-how-to-access-your-browser-s-developer-console/
360022594552,How to add a Klaviyo embed form to your BigCommerce site,https://help.klaviyo.com/hc/en-us/articles/360022594552-How-to-add-a-Klaviyo-embed-form-to-your-BigCommerce-site,integrations,49375361359643,BigCommerce best practices,integrations/How-to-add-a-Klaviyo-embed-form-to-your-BigCommerce-site-360022594552.md,_source/articles/360022594552.json,_source/articles/360022594552.body.html,_source/rendered/360022594552.html,yes,integrations/How-to-add-a-Klaviyo-embed-form-to-your-BigCommerce-site.md,yes,11145,publish,如何将 Klaviyo 嵌入表单添加到您的 BigCommerce 网站,https://dynamicycle.com/docs/articles-how-to-add-a-klaviyo-embed-form-to-your-bigcommerce-site/
18229698831003,How to add a Klaviyo embed form to your Square Online site,https://help.klaviyo.com/hc/en-us/articles/18229698831003-How-to-add-a-Klaviyo-embed-form-to-your-Square-Online-site,integrations,49375204777755,Square,integrations/How-to-add-a-Klaviyo-embed-form-to-your-Square-Online-site-18229698831003.md,_source/articles/18229698831003.json,_source/articles/18229698831003.body.html,_source/rendered/18229698831003.html,yes,integrations/How-to-add-a-Klaviyo-embed-form-to-your-Square-Online-site.md,yes,11043,publish,如何将 Klaviyo 嵌入表单添加到您的 Square Online 网站,https://dynamicycle.com/docs/articles-how-to-add-a-klaviyo-embed-form-to-your-square-online-site/
360030058772,How to add a Klaviyo embed form to your WooCommerce site,https://help.klaviyo.com/hc/en-us/articles/360030058772-How-to-add-a-Klaviyo-embed-form-to-your-WooCommerce-site,integrations,49375361959963,Getting started with WooCommerce,integrations/How-to-add-a-Klaviyo-embed-form-to-your-WooCommerce-site-360030058772.md,_source/articles/360030058772.json,_source/articles/360030058772.body.html,_source/rendered/360030058772.html,yes,integrations/How-to-add-a-Klaviyo-embed-form-to-your-WooCommerce-site.md,yes,11143,publish,如何将 Klaviyo 嵌入表单添加到您的 WooCommerce 网站,https://dynamicycle.com/docs/articles-how-to-add-a-klaviyo-embed-form-to-your-woocommerce-site/
115005082747,How to add a link that applies an item to a BigCommerce cart,https://help.klaviyo.com/hc/en-us/articles/115005082747-How-to-add-a-link-that-applies-an-item-to-a-BigCommerce-cart,integrations,49375361359643,BigCommerce best practices,integrations/How-to-add-a-link-that-applies-an-item-to-a-BigCommerce-cart-115005082747.md,_source/articles/115005082747.json,_source/articles/115005082747.body.html,_source/rendered/115005082747.html,yes,integrations/How-to-add-a-link-that-applies-an-item-to-a-BigCommerce-cart.md,yes,11269,publish,如何添加将商品应用到 BigCommerce 购物车的链接,https://dynamicycle.com/docs/articles-how-to-add-a-link-that-applies-an-item-to-a-bigcommerce-cart/
32004602396443,How to add an embed form to your Shopify site,https://help.klaviyo.com/hc/en-us/articles/32004602396443-How-to-add-an-embed-form-to-your-Shopify-site,integrations,49375337479451,Shopify best practices,integrations/How-to-add-an-embed-form-to-your-Shopify-site-32004602396443.md,_source/articles/32004602396443.json,_source/articles/32004602396443.body.html,_source/rendered/32004602396443.html,yes,integrations/How-to-add-an-embed-form-to-your-Shopify-site.md,yes,10404,upload_meta_only,如何将嵌入表单添加到您的 Shopify 网站,
25184840445467,How to add historical Shopify SMS subscribers to your list,https://help.klaviyo.com/hc/en-us/articles/25184840445467-How-to-add-historical-Shopify-SMS-subscribers-to-your-list,integrations,49375337479451,Shopify best practices,integrations/How-to-add-historical-Shopify-SMS-subscribers-to-your-list-25184840445467.md,_source/articles/25184840445467.json,_source/articles/25184840445467.body.html,_source/rendered/25184840445467.html,yes,integrations/How-to-add-historical-Shopify-SMS-subscribers-to-your-list.md,yes,10955,publish,如何将历史 Shopify SMS 订阅者添加到您的列表,https://dynamicycle.com/docs/articles-how-to-add-historical-shopify-sms-subscribers-to-your-list/
19143781289115,How to allowlist Klaviyo integration traffic IP addresses,https://help.klaviyo.com/hc/en-us/articles/19143781289115-How-to-allowlist-Klaviyo-integration-traffic-IP-addresses,integrations,49375437778587,All integrations,integrations/How-to-allowlist-Klaviyo-integration-traffic-IP-addresses-19143781289115.md,_source/articles/19143781289115.json,_source/articles/19143781289115.body.html,_source/rendered/19143781289115.html,yes,integrations/How-to-allowlist-Klaviyo-integration-traffic-IP-addresses.md,yes,11280,publish,如何将 Klaviyo 集成流量 IP 地址列入白名单,https://dynamicycle.com/docs/articles-how-to-allowlist-klaviyo-integration-traffic-ip-addresses/
35067557759771,How to collect transactional SMS consent on Shopify checkout pages,https://help.klaviyo.com/hc/en-us/articles/35067557759771-How-to-collect-transactional-SMS-consent-on-Shopify-checkout-pages,integrations,49375363814555,Getting started with Shopify,integrations/How-to-collect-transactional-SMS-consent-on-Shopify-checkout-pages-35067557759771.md,_source/articles/35067557759771.json,_source/articles/35067557759771.body.html,_source/rendered/35067557759771.html,yes,integrations/How-to-collect-transactional-SMS-consent-on-Shopify-checkout-pages.md,yes,10373,upload_meta_only,如何在 Shopify 结帐页面上收集交易短信同意,
115005253188,How to configure out-of-stock items for automated flows on Shopify,https://help.klaviyo.com/hc/en-us/articles/115005253188-How-to-configure-out-of-stock-items-for-automated-flows-on-Shopify,integrations,49375337479451,Shopify best practices,integrations/How-to-configure-out-of-stock-items-for-automated-flows-on-Shopify-115005253188.md,_source/articles/115005253188.json,_source/articles/115005253188.body.html,_source/rendered/115005253188.html,yes,integrations/How-to-configure-out-of-stock-items-for-automated-flows-on-Shopify.md,yes,11432,publish,如何在 Shopify 上为自动化流程配置缺货商品,https://dynamicycle.com/docs/articles-how-to-configure-out-of-stock-items-for-automated-flows-on-shopify/
13325405718939,How to create a back in stock flow for Shopware,https://help.klaviyo.com/hc/en-us/articles/13325405718939-How-to-create-a-back-in-stock-flow-for-Shopware,integrations,49375225542683,Shopware,integrations/How-to-create-a-back-in-stock-flow-for-Shopware-13325405718939.md,_source/articles/13325405718939.json,_source/articles/13325405718939.body.html,_source/rendered/13325405718939.html,yes,integrations/How-to-create-a-back-in-stock-flow-for-Shopware.md,yes,11052,publish,如何为 Shopware 创建库存返还流程,https://dynamicycle.com/docs/articles-how-to-create-a-back-in-stock-flow-for-shopware/
360015054631,How to create a value-based lookalike audience in Meta Ads,https://help.klaviyo.com/hc/en-us/articles/360015054631-How-to-create-a-value-based-lookalike-audience-in-Meta-Ads,integrations,115000036291,Meta Ads,integrations/How-to-create-a-value-based-lookalike-audience-in-Meta-Ads-360015054631.md,_source/articles/360015054631.json,_source/articles/360015054631.body.html,_source/rendered/360015054631.html,yes,integrations/How-to-create-a-value-based-lookalike-audience-in-Meta-Ads.md,yes,11332,publish,如何在元广告中创建基于价值的相似受众群体,https://dynamicycle.com/docs/articles-how-to-create-a-value-based-lookalike-audience-in-meta-ads/
15156331062171,How to create a winback flow for Amazon Buy with Prime,https://help.klaviyo.com/hc/en-us/articles/15156331062171-How-to-create-a-winback-flow-for-Amazon-Buy-with-Prime,integrations,49375618546715,Amazon Buy with Prime,integrations/How-to-create-a-winback-flow-for-Amazon-Buy-with-Prime-15156331062171.md,_source/articles/15156331062171.json,_source/articles/15156331062171.body.html,_source/rendered/15156331062171.html,yes,integrations/How-to-create-a-winback-flow-for-Amazon-Buy-with-Prime.md,yes,10966,publish,如何为 Amazon Buy with Prime 创建赢回流程,https://dynamicycle.com/docs/articles-how-to-create-a-winback-flow-for-amazon-buy-with-prime/
360024310292,"How to create an ""Added to Cart"" event for BigCommerce",https://help.klaviyo.com/hc/en-us/articles/360024310292-How-to-create-an-Added-to-Cart-event-for-BigCommerce,integrations,49375361359643,BigCommerce best practices,integrations/How-to-create-an-Added-to-Cart-event-for-BigCommerce-360024310292.md,_source/articles/360024310292.json,_source/articles/360024310292.body.html,_source/rendered/360024310292.html,yes,integrations/How-to-create-an-Added-to-Cart-event-for-BigCommerce.md,yes,11207,publish,如何为 BigCommerce 创建“添加到购物车”事件,https://dynamicycle.com/docs/articles-how-to-create-an-added-to-cart-event-for-bigcommerce/
35510464880027,"How to create an abandoned ""Added to Cart"" flow for Shopify",https://help.klaviyo.com/hc/en-us/articles/35510464880027-How-to-create-an-abandoned-Added-to-Cart-flow-for-Shopify,integrations,49375337479451,Shopify best practices,integrations/How-to-create-an-abandoned-Added-to-Cart-flow-for-Shopify-35510464880027.md,_source/articles/35510464880027.json,_source/articles/35510464880027.body.html,_source/rendered/35510464880027.html,yes,integrations/How-to-create-an-abandoned-Added-to-Cart-flow-for-Shopify.md,yes,10366,upload_meta_only,如何为 Shopify 创建废弃的“添加到购物车”流程,
14985388418331,How to create an abandoned cart flow for Amazon Buy with Prime,https://help.klaviyo.com/hc/en-us/articles/14985388418331-How-to-create-an-abandoned-cart-flow-for-Amazon-Buy-with-Prime,integrations,49375618546715,Amazon Buy with Prime,integrations/How-to-create-an-abandoned-cart-flow-for-Amazon-Buy-with-Prime-14985388418331.md,_source/articles/14985388418331.json,_source/articles/14985388418331.body.html,_source/rendered/14985388418331.html,yes,integrations/How-to-create-an-abandoned-cart-flow-for-Amazon-Buy-with-Prime.md,yes,11049,publish,如何为 Amazon Buy with Prime 创建废弃购物车流程,https://dynamicycle.com/docs/articles-how-to-create-an-abandoned-cart-flow-for-amazon-buy-with-prime/
13323494909083,How to create an abandoned cart flow for Shopware,https://help.klaviyo.com/hc/en-us/articles/13323494909083-How-to-create-an-abandoned-cart-flow-for-Shopware,integrations,49375225542683,Shopware,integrations/How-to-create-an-abandoned-cart-flow-for-Shopware-13323494909083.md,_source/articles/13323494909083.json,_source/articles/13323494909083.body.html,_source/rendered/13323494909083.html,yes,integrations/How-to-create-an-abandoned-cart-flow-for-Shopware.md,yes,10968,publish,如何为 Shopware 创建废弃购物车流程,https://dynamicycle.com/docs/articles-how-to-create-an-abandoned-cart-flow-for-shopware/
360040954011,How to determine your Meta audience sync strategy,https://help.klaviyo.com/hc/en-us/articles/360040954011-How-to-determine-your-Meta-audience-sync-strategy,integrations,115000036291,Meta Ads,integrations/How-to-determine-your-Meta-audience-sync-strategy-360040954011.md,_source/articles/360040954011.json,_source/articles/360040954011.body.html,_source/rendered/360040954011.html,yes,integrations/How-to-determine-your-Meta-audience-sync-strategy.md,yes,11252,publish,如何确定您的元受众同步策略,https://dynamicycle.com/docs/articles-how-to-determine-your-meta-audience-sync-strategy/
115005253248,How to differentiate Shopify POS and Shopify web data,https://help.klaviyo.com/hc/en-us/articles/115005253248-How-to-differentiate-Shopify-POS-and-Shopify-web-data,integrations,49375372745115,Shopify troubleshooting,integrations/How-to-differentiate-Shopify-POS-and-Shopify-web-data-115005253248.md,_source/articles/115005253248.json,_source/articles/115005253248.body.html,_source/rendered/115005253248.html,yes,integrations/How-to-differentiate-Shopify-POS-and-Shopify-web-data.md,yes,11272,publish,如何区分 Shopify POS 和 Shopify Web 数据,https://dynamicycle.com/docs/articles-how-to-differentiate-shopify-pos-and-shopify-web-data/
19450345654811,How to differentiate web and POS order events from Square,https://help.klaviyo.com/hc/en-us/articles/19450345654811-How-to-differentiate-web-and-POS-order-events-from-Square,integrations,49375204777755,Square,integrations/How-to-differentiate-web-and-POS-order-events-from-Square-19450345654811.md,_source/articles/19450345654811.json,_source/articles/19450345654811.body.html,_source/rendered/19450345654811.html,yes,integrations/How-to-differentiate-web-and-POS-order-events-from-Square.md,yes,10960,publish,如何区分 Square 中的 Web 和 POS 订单事件,https://dynamicycle.com/docs/articles-how-to-differentiate-web-and-pos-order-events-from-square/
4403594764315,How to disable notification emails sent by BigCommerce,https://help.klaviyo.com/hc/en-us/articles/4403594764315-How-to-disable-notification-emails-sent-by-BigCommerce,integrations,49375348896539,Getting started with BigCommerce,integrations/How-to-disable-notification-emails-sent-by-BigCommerce-4403594764315.md,_source/articles/4403594764315.json,_source/articles/4403594764315.body.html,_source/rendered/4403594764315.html,yes,integrations/How-to-disable-notification-emails-sent-by-BigCommerce.md,yes,11066,publish,如何禁用 BigCommerce 发送的通知电子邮件,https://dynamicycle.com/docs/articles-how-to-disable-notification-emails-sent-by-bigcommerce/
4403589811611,How to disable notification emails sent by Shopify,https://help.klaviyo.com/hc/en-us/articles/4403589811611-How-to-disable-notification-emails-sent-by-Shopify,integrations,49375363814555,Getting started with Shopify,integrations/How-to-disable-notification-emails-sent-by-Shopify-4403589811611.md,_source/articles/4403589811611.json,_source/articles/4403589811611.body.html,_source/rendered/4403589811611.html,yes,integrations/How-to-disable-notification-emails-sent-by-Shopify.md,yes,11067,publish,如何禁用 Shopify 发送的通知电子邮件,https://dynamicycle.com/docs/articles-how-to-disable-notification-emails-sent-by-shopify/
115005081127,"How to edit, disable, or remove a Klaviyo-built integration",https://help.klaviyo.com/hc/en-us/articles/115005081127-How-to-edit-disable-or-remove-a-Klaviyo-built-integration,integrations,49375437778587,All integrations,"integrations/How-to-edit,-disable,-or-remove-a-Klaviyo-built-integration-115005081127.md",_source/articles/115005081127.json,_source/articles/115005081127.body.html,_source/rendered/115005081127.html,yes,"integrations/How-to-edit,-disable,-or-remove-a-Klaviyo-built-integration.md",yes,11271,publish,如何编辑、禁用或删除 Klaviyo 构建的集成,https://dynamicycle.com/docs/articles-how-to-edit-disable-or-remove-a-klaviyo-built-integration/
360031724251,How to embed a sign-up form on your BigCommerce order confirmation page,https://help.klaviyo.com/hc/en-us/articles/360031724251-How-to-embed-a-sign-up-form-on-your-BigCommerce-order-confirmation-page,integrations,49375361359643,BigCommerce best practices,integrations/How-to-embed-a-sign-up-form-on-your-BigCommerce-order-confirmation-page-360031724251.md,_source/articles/360031724251.json,_source/articles/360031724251.body.html,_source/rendered/360031724251.html,yes,integrations/How-to-embed-a-sign-up-form-on-your-BigCommerce-order-confirmation-page.md,yes,11449,publish,如何在 BigCommerce 订单确认页面上嵌入注册表单,https://dynamicycle.com/docs/articles-how-to-embed-a-sign-up-form-on-your-bigcommerce-order-confirmation-page/
22495505773083,How to enable Back in Stock for Salesforce Commerce Cloud,https://help.klaviyo.com/hc/en-us/articles/22495505773083-How-to-enable-Back-in-Stock-for-Salesforce-Commerce-Cloud,integrations,49375912534427,Salesforce Commerce Cloud,integrations/How-to-enable-Back-in-Stock-for-Salesforce-Commerce-Cloud-22495505773083.md,_source/articles/22495505773083.json,_source/articles/22495505773083.body.html,_source/rendered/22495505773083.html,yes,integrations/How-to-enable-Back-in-Stock-for-Salesforce-Commerce-Cloud.md,yes,10957,publish,如何为 Salesforce Commerce Cloud 启用“返回库存”,https://dynamicycle.com/docs/articles-how-to-enable-back-in-stock-for-salesforce-commerce-cloud/
14477037350299,How to enable PrestaShop price include VAT,https://help.klaviyo.com/hc/en-us/articles/14477037350299-How-to-enable-PrestaShop-price-include-VAT,integrations,49375889864603,PrestaShop,integrations/How-to-enable-PrestaShop-price-include-VAT-14477037350299.md,_source/articles/14477037350299.json,_source/articles/14477037350299.body.html,_source/rendered/14477037350299.html,yes,integrations/How-to-enable-PrestaShop-price-include-VAT.md,yes,11051,publish,如何启用 PrestaShop 价格包含增值税,https://dynamicycle.com/docs/articles-how-to-enable-prestashop-price-include-vat/
360039769672,How to enable advanced targeting on Facebook and Instagram,https://help.klaviyo.com/hc/en-us/articles/360039769672-How-to-enable-advanced-targeting-on-Facebook-and-Instagram,integrations,115000036291,Meta Ads,integrations/How-to-enable-advanced-targeting-on-Facebook-and-Instagram-360039769672.md,_source/articles/360039769672.json,_source/articles/360039769672.body.html,_source/rendered/360039769672.html,yes,integrations/How-to-enable-advanced-targeting-on-Facebook-and-Instagram.md,yes,11292,publish,如何在 Facebook 和 Instagram 上启用高级定位,https://dynamicycle.com/docs/articles-how-to-enable-advanced-targeting-on-facebook-and-instagram/
33059375555099,How to enable back in stock for PrestaShop,https://help.klaviyo.com/hc/en-us/articles/33059375555099-How-to-enable-back-in-stock-for-PrestaShop,integrations,49375889864603,PrestaShop,integrations/How-to-enable-back-in-stock-for-PrestaShop-33059375555099.md,_source/articles/33059375555099.json,_source/articles/33059375555099.body.html,_source/rendered/33059375555099.html,yes,integrations/How-to-enable-back-in-stock-for-PrestaShop.md,yes,10952,publish,如何为 PrestaShop 启用补货功能,https://dynamicycle.com/docs/articles-how-to-enable-back-in-stock-for-prestashop/
4425956184731,How to enable onsite tracking for Shopify,https://help.klaviyo.com/hc/en-us/articles/4425956184731-How-to-enable-onsite-tracking-for-Shopify,integrations,49375372745115,Shopify troubleshooting,integrations/How-to-enable-onsite-tracking-for-Shopify-4425956184731.md,_source/articles/4425956184731.json,_source/articles/4425956184731.body.html,_source/rendered/4425956184731.html,yes,integrations/How-to-enable-onsite-tracking-for-Shopify.md,yes,10981,publish,如何为 Shopify 启用现场跟踪,https://dynamicycle.com/docs/articles-how-to-enable-onsite-tracking-for-shopify/
360055336451,How to enable webhooks for Magento 2,https://help.klaviyo.com/hc/en-us/articles/360055336451-How-to-enable-webhooks-for-Magento-2,integrations,49375848540187,Magento 2,integrations/How-to-enable-webhooks-for-Magento-2-360055336451.md,_source/articles/360055336451.json,_source/articles/360055336451.body.html,_source/rendered/360055336451.html,yes,integrations/How-to-enable-webhooks-for-Magento-2.md,yes,11327,publish,如何为 Magento 2 启用 webhook,https://dynamicycle.com/docs/articles-how-to-enable-webhooks-for-magento-2/
115002053752,How to import your contacts from a previous ESP or CRM,https://help.klaviyo.com/hc/en-us/articles/115002053752-How-to-import-your-contacts-from-a-previous-ESP-or-CRM,integrations,49375544319515,Migrate from an email service provider,integrations/How-to-import-your-contacts-from-a-previous-ESP-or-CRM-115002053752.md,_source/articles/115002053752.json,_source/articles/115002053752.body.html,_source/rendered/115002053752.html,yes,integrations/How-to-import-your-contacts-from-a-previous-ESP-or-CRM.md,yes,10921,publish,如何从以前的 ESP 或 CRM 导入联系人,https://dynamicycle.com/docs/articles-how-to-import-your-contacts-from-a-previous-esp-or-crm/
5486899706267,How to integrate a headless Magento 2 setup,https://help.klaviyo.com/hc/en-us/articles/5486899706267-How-to-integrate-a-headless-Magento-2-setup,integrations,49375848540187,Magento 2,integrations/How-to-integrate-a-headless-Magento-2-setup-5486899706267.md,_source/articles/5486899706267.json,_source/articles/5486899706267.body.html,_source/rendered/5486899706267.html,yes,integrations/How-to-integrate-a-headless-Magento-2-setup.md,yes,11128,publish,如何集成无头 Magento 2 设置,https://dynamicycle.com/docs/articles-how-to-integrate-a-headless-magento-2-setup/
115005082847,How to integrate with Bloomerang Fundraising,https://help.klaviyo.com/hc/en-us/articles/115005082847-How-to-integrate-with-Bloomerang-Fundraising,integrations,49375216127259,Bloomerang Fundraising,integrations/How-to-integrate-with-Bloomerang-Fundraising-115005082847.md,_source/articles/115005082847.json,_source/articles/115005082847.body.html,_source/rendered/115005082847.html,yes,integrations/How-to-integrate-with-Bloomerang-Fundraising.md,yes,11363,publish,如何与Bloomerang筹款整合,https://dynamicycle.com/docs/articles-how-to-integrate-with-bloomerang-fundraising/
115005254968,How to integrate with Campaign Monitor,https://help.klaviyo.com/hc/en-us/articles/115005254968-How-to-integrate-with-Campaign-Monitor,integrations,49375544319515,Migrate from an email service provider,integrations/How-to-integrate-with-Campaign-Monitor-115005254968.md,_source/articles/115005254968.json,_source/articles/115005254968.body.html,_source/rendered/115005254968.html,yes,integrations/How-to-integrate-with-Campaign-Monitor.md,yes,11159,publish,如何与 Campaign Monitor 集成,https://dynamicycle.com/docs/articles-how-to-integrate-with-campaign-monitor/
115005082247,How to integrate with Chargebee,https://help.klaviyo.com/hc/en-us/articles/115005082247-How-to-integrate-with-Chargebee,integrations,49375270871835,Chargebee,integrations/How-to-integrate-with-Chargebee-115005082247.md,_source/articles/115005082247.json,_source/articles/115005082247.body.html,_source/rendered/115005082247.html,yes,integrations/How-to-integrate-with-Chargebee.md,yes,10809,publish,如何与 Chargebee 集成,https://dynamicycle.com/docs/articles-how-to-integrate-with-chargebee/
115005255188,How to integrate with Donate.ly,https://help.klaviyo.com/hc/en-us/articles/115005255188-How-to-integrate-with-Donate-ly,integrations,49375333314971,Donate.ly,integrations/How-to-integrate-with-Donate.ly-115005255188.md,_source/articles/115005255188.json,_source/articles/115005255188.body.html,_source/rendered/115005255188.html,yes,integrations/How-to-integrate-with-Donate.ly.md,yes,11221,publish,如何与 Donate.ly 集成,https://dynamicycle.com/docs/articles-how-to-integrate-with-donate-ly/
115005255168,How to integrate with DonorPerfect,https://help.klaviyo.com/hc/en-us/articles/115005255168-How-to-integrate-with-DonorPerfect,integrations,49375356067483,DonorPerfect,integrations/How-to-integrate-with-DonorPerfect-115005255168.md,_source/articles/115005255168.json,_source/articles/115005255168.body.html,_source/rendered/115005255168.html,yes,integrations/How-to-integrate-with-DonorPerfect.md,yes,11268,publish,如何与 DonorPerfect 集成,https://dynamicycle.com/docs/articles-how-to-integrate-with-donorperfect/
115005252888,How to integrate with Eventbrite,https://help.klaviyo.com/hc/en-us/articles/115005252888-How-to-integrate-with-Eventbrite,integrations,49375866312475,Eventbrite,integrations/How-to-integrate-with-Eventbrite-115005252888.md,_source/articles/115005252888.json,_source/articles/115005252888.body.html,_source/rendered/115005252888.html,yes,integrations/How-to-integrate-with-Eventbrite.md,yes,11024,publish,如何与 Eventbrite 集成,https://dynamicycle.com/docs/articles-how-to-integrate-with-eventbrite/
115005255108,How to integrate with Funraise,https://help.klaviyo.com/hc/en-us/articles/115005255108-How-to-integrate-with-Funraise,integrations,49375327972635,Funraise,integrations/How-to-integrate-with-Funraise-115005255108.md,_source/articles/115005255108.json,_source/articles/115005255108.body.html,_source/rendered/115005255108.html,yes,integrations/How-to-integrate-with-Funraise.md,yes,11309,publish,如何与 Funraise 集成,https://dynamicycle.com/docs/articles-how-to-integrate-with-funraise/
115005081607,How to integrate with Help Scout,https://help.klaviyo.com/hc/en-us/articles/115005081607-How-to-integrate-with-Help-Scout,integrations,49375304270747,Help Scout,integrations/How-to-integrate-with-Help-Scout-115005081607.md,_source/articles/115005081607.json,_source/articles/115005081607.body.html,_source/rendered/115005081607.html,yes,integrations/How-to-integrate-with-Help-Scout.md,yes,11023,publish,如何与 Help Scout 集成,https://dynamicycle.com/docs/articles-how-to-integrate-with-help-scout/
115000691992,How to integrate with Kickoff Labs,https://help.klaviyo.com/hc/en-us/articles/115000691992-How-to-integrate-with-Kickoff-Labs,integrations,49375330892955,Kickoff Labs,integrations/How-to-integrate-with-Kickoff-Labs-115000691992.md,_source/articles/115000691992.json,_source/articles/115000691992.body.html,_source/rendered/115000691992.html,yes,integrations/How-to-integrate-with-Kickoff-Labs.md,yes,11361,publish,如何与 Kickoff Labs 集成,https://dynamicycle.com/docs/articles-how-to-integrate-with-kickoff-labs/
115005082887,How to integrate with NeonCRM,https://help.klaviyo.com/hc/en-us/articles/115005082887-How-to-integrate-with-NeonCRM,integrations,49375356604443,NeonCRM,integrations/How-to-integrate-with-NeonCRM-115005082887.md,_source/articles/115005082887.json,_source/articles/115005082887.body.html,_source/rendered/115005082887.html,yes,integrations/How-to-integrate-with-NeonCRM.md,yes,11341,publish,如何与 NeonCRM 集成,https://dynamicycle.com/docs/articles-how-to-integrate-with-neoncrm/
115005081447,How to integrate with Olark,https://help.klaviyo.com/hc/en-us/articles/115005081447-How-to-integrate-with-Olark,integrations,49375303752731,Olark,integrations/How-to-integrate-with-Olark-115005081447.md,_source/articles/115005081447.json,_source/articles/115005081447.body.html,_source/rendered/115005081447.html,yes,integrations/How-to-integrate-with-Olark.md,yes,11097,publish,如何与 Olark 集成,https://dynamicycle.com/docs/articles-how-to-integrate-with-olark/
115005255408,How to integrate with OpenCart,https://help.klaviyo.com/hc/en-us/articles/115005255408-How-to-integrate-with-OpenCart,integrations,49375328411035,OpenCart,integrations/How-to-integrate-with-OpenCart-115005255408.md,_source/articles/115005255408.json,_source/articles/115005255408.body.html,_source/rendered/115005255408.html,yes,integrations/How-to-integrate-with-OpenCart.md,yes,10929,publish,如何与 OpenCart 集成,https://dynamicycle.com/docs/articles-how-to-integrate-with-opencart/
115005082207,How to integrate with Recurly,https://help.klaviyo.com/hc/en-us/articles/115005082207-How-to-integrate-with-Recurly,integrations,49375313263771,Recurly,integrations/How-to-integrate-with-Recurly-115005082207.md,_source/articles/115005082207.json,_source/articles/115005082207.body.html,_source/rendered/115005082207.html,yes,integrations/How-to-integrate-with-Recurly.md,yes,11022,publish,如何与 Recurly 集成,https://dynamicycle.com/docs/articles-how-to-integrate-with-recurly/
115005081947,How to integrate with Salesforce CRM,https://help.klaviyo.com/hc/en-us/articles/115005081947-How-to-integrate-with-Salesforce-CRM,integrations,49375823429659,Salesforce CRM,integrations/How-to-integrate-with-Salesforce-CRM-115005081947.md,_source/articles/115005081947.json,_source/articles/115005081947.body.html,_source/rendered/115005081947.html,yes,integrations/How-to-integrate-with-Salesforce-CRM.md,yes,10813,publish,如何与 Salesforce CRM 集成,https://dynamicycle.com/docs/articles-how-to-integrate-with-salesforce-crm/
115005252988,How to integrate with Segment,https://help.klaviyo.com/hc/en-us/articles/115005252988-How-to-integrate-with-Segment,integrations,49375270259227,Segment,integrations/How-to-integrate-with-Segment-115005252988.md,_source/articles/115005252988.json,_source/articles/115005252988.body.html,_source/rendered/115005252988.html,yes,integrations/How-to-integrate-with-Segment.md,yes,10933,publish,如何与Segment集成,https://dynamicycle.com/docs/articles-how-to-integrate-with-segment/
360028298592,How to integrate with ShipStation,https://help.klaviyo.com/hc/en-us/articles/360028298592-How-to-integrate-with-ShipStation,integrations,49375880717979,ShipStation,integrations/How-to-integrate-with-ShipStation-360028298592.md,_source/articles/360028298592.json,_source/articles/360028298592.body.html,_source/rendered/360028298592.html,yes,integrations/How-to-integrate-with-ShipStation.md,yes,10906,publish,如何与 ShipStation 集成,https://dynamicycle.com/docs/articles-how-to-integrate-with-shipstation/
115005255448,How to integrate with Spree,https://help.klaviyo.com/hc/en-us/articles/115005255448-How-to-integrate-with-Spree,integrations,49375329648795,Spree,integrations/How-to-integrate-with-Spree-115005255448.md,_source/articles/115005255448.json,_source/articles/115005255448.body.html,_source/rendered/115005255448.html,yes,integrations/How-to-integrate-with-Spree.md,yes,11092,publish,如何与 Spree 集成,https://dynamicycle.com/docs/articles-how-to-integrate-with-spree/
115005083427,How to integrate with Volusion,https://help.klaviyo.com/hc/en-us/articles/115005083427-How-to-integrate-with-Volusion,integrations,49375215615771,Volusion,integrations/How-to-integrate-with-Volusion-115005083427.md,_source/articles/115005083427.json,_source/articles/115005083427.body.html,_source/rendered/115005083427.html,yes,integrations/How-to-integrate-with-Volusion.md,yes,11157,publish,如何与 Volusion 集成,https://dynamicycle.com/docs/articles-how-to-integrate-with-volusion/
115005254868,How to integrate with Wufoo,https://help.klaviyo.com/hc/en-us/articles/115005254868-How-to-integrate-with-Wufoo,integrations,49375313742235,Wufoo,integrations/How-to-integrate-with-Wufoo-115005254868.md,_source/articles/115005254868.json,_source/articles/115005254868.body.html,_source/rendered/115005254868.html,yes,integrations/How-to-integrate-with-Wufoo.md,yes,11465,publish,如何与Wufoo集成,https://dynamicycle.com/docs/articles-how-to-integrate-with-wufoo/
115005081687,How to integrate with Zoho,https://help.klaviyo.com/hc/en-us/articles/115005081687-How-to-integrate-with-Zoho,integrations,49375844112283,Zoho,integrations/How-to-integrate-with-Zoho-115005081687.md,_source/articles/115005081687.json,_source/articles/115005081687.body.html,_source/rendered/115005081687.html,yes,integrations/How-to-integrate-with-Zoho.md,yes,10814,publish,如何与 Zoho 集成,https://dynamicycle.com/docs/articles-how-to-integrate-with-zoho/
50585012261531,How to manage and distribute Punchh offers via Klaviyo,https://help.klaviyo.com/hc/en-us/articles/50585012261531-How-to-manage-and-distribute-Punchh-offers-via-Klaviyo,integrations,49375701875995,PAR Punchh,integrations/How-to-manage-and-distribute-Punchh-offers-via-Klaviyo-50585012261531.md,_source/articles/50585012261531.json,_source/articles/50585012261531.body.html,_source/rendered/50585012261531.html,yes,integrations/How-to-manage-and-distribute-Punchh-offers-via-Klaviyo.md,yes,10194,upload_meta_only,如何通过 Klaviyo 管理和分发 Punchh 优惠,
48577674406683,How to manage and distribute Thanx offers via Klaviyo,https://help.klaviyo.com/hc/en-us/articles/48577674406683-How-to-manage-and-distribute-Thanx-offers-via-Klaviyo,integrations,49375725776283,Thanx,integrations/How-to-manage-and-distribute-Thanx-offers-via-Klaviyo-48577674406683.md,_source/articles/48577674406683.json,_source/articles/48577674406683.body.html,_source/rendered/48577674406683.html,yes,integrations/How-to-manage-and-distribute-Thanx-offers-via-Klaviyo.md,yes,10226,upload_meta_only,如何通过 Klaviyo 管理和分发 Thanx 优惠,
115001396711,"How to manually create an ""Added to Cart"" event for Shopify",https://help.klaviyo.com/hc/en-us/articles/115001396711-How-to-manually-create-an-Added-to-Cart-event-for-Shopify,integrations,49375337479451,Shopify best practices,integrations/How-to-manually-create-an-Added-to-Cart-event-for-Shopify-115001396711.md,_source/articles/115001396711.json,_source/articles/115001396711.body.html,_source/rendered/115001396711.html,yes,integrations/How-to-manually-create-an-Added-to-Cart-event-for-Shopify.md,yes,11438,publish,如何为 Shopify 手动创建“添加到购物车”事件,https://dynamicycle.com/docs/articles-how-to-manually-create-an-added-to-cart-event-for-shopify/
4403350880411,How to manually enable OAuth for Magento 2 v2.2.0 and older,https://help.klaviyo.com/hc/en-us/articles/4403350880411-How-to-manually-enable-OAuth-for-Magento-2-v2-2-0-and-older,integrations,49375848540187,Magento 2,integrations/How-to-manually-enable-OAuth-for-Magento-2-v2.2.0-and-older-4403350880411.md,_source/articles/4403350880411.json,_source/articles/4403350880411.body.html,_source/rendered/4403350880411.html,yes,integrations/How-to-manually-enable-OAuth-for-Magento-2-v2.2.0-and-older.md,yes,11190,publish,如何为 Magento 2 v2.2.0 及更早版本手动启用 OAuth,https://dynamicycle.com/docs/articles-how-to-manually-enable-oauth-for-magento-2-v2-2-0-and-older/
115005081247,How to manually import historical event data,https://help.klaviyo.com/hc/en-us/articles/115005081247-How-to-manually-import-historical-event-data,integrations,49375213829275,Custom integrations,integrations/How-to-manually-import-historical-event-data-115005081247.md,_source/articles/115005081247.json,_source/articles/115005081247.body.html,_source/rendered/115005081247.html,yes,integrations/How-to-manually-import-historical-event-data.md,yes,11404,publish,如何手动导入历史事件数据,https://dynamicycle.com/docs/articles-how-to-manually-import-historical-event-data/
360020342232,How to manually install Klaviyo.js for Shopify stores,https://help.klaviyo.com/hc/en-us/articles/360020342232-How-to-manually-install-Klaviyo-js-for-Shopify-stores,integrations,49375372745115,Shopify troubleshooting,integrations/How-to-manually-install-Klaviyo.js-for-Shopify-stores-360020342232.md,_source/articles/360020342232.json,_source/articles/360020342232.body.html,_source/rendered/360020342232.html,yes,integrations/How-to-manually-install-Klaviyo.js-for-Shopify-stores.md,yes,11083,publish,如何为 Shopify 商店手动安装 Klaviyo.js,https://dynamicycle.com/docs/articles-how-to-manually-install-klaviyo-js-for-shopify-stores/
30880678063899,How to message BigCommerce customers by storefront,https://help.klaviyo.com/hc/en-us/articles/30880678063899-How-to-message-BigCommerce-customers-by-storefront,integrations,49375361359643,BigCommerce best practices,integrations/How-to-message-BigCommerce-customers-by-storefront-30880678063899.md,_source/articles/30880678063899.json,_source/articles/30880678063899.body.html,_source/rendered/30880678063899.html,yes,integrations/How-to-message-BigCommerce-customers-by-storefront.md,yes,10409,upload_meta_only,如何通过店面向 BigCommerce 客户发送消息,
115005082727,How to migrate from Constant Contact,https://help.klaviyo.com/hc/en-us/articles/115005082727-How-to-migrate-from-Constant-Contact,integrations,49375544319515,Migrate from an email service provider,integrations/How-to-migrate-from-Constant-Contact-115005082727.md,_source/articles/115005082727.json,_source/articles/115005082727.body.html,_source/rendered/115005082727.html,yes,integrations/How-to-migrate-from-Constant-Contact.md,yes,11364,publish,如何从持续联系迁移,https://dynamicycle.com/docs/articles-how-to-migrate-from-constant-contact/
360039708512,How to migrate from HubSpot,https://help.klaviyo.com/hc/en-us/articles/360039708512-How-to-migrate-from-HubSpot,integrations,49375544319515,Migrate from an email service provider,integrations/How-to-migrate-from-HubSpot-360039708512.md,_source/articles/360039708512.json,_source/articles/360039708512.body.html,_source/rendered/360039708512.html,yes,integrations/How-to-migrate-from-HubSpot.md,yes,11202,publish,如何从 HubSpot 迁移,https://dynamicycle.com/docs/articles-how-to-migrate-from-hubspot/
360034550591,How to migrate from Listrak,https://help.klaviyo.com/hc/en-us/articles/360034550591-How-to-migrate-from-Listrak,integrations,49375544319515,Migrate from an email service provider,integrations/How-to-migrate-from-Listrak-360034550591.md,_source/articles/360034550591.json,_source/articles/360034550591.body.html,_source/rendered/360034550591.html,yes,integrations/How-to-migrate-from-Listrak.md,yes,11257,publish,如何从 利斯特拉克 迁移,https://dynamicycle.com/docs/articles-how-to-migrate-from-listrak/
115005254948,How to migrate from Mailchimp,https://help.klaviyo.com/hc/en-us/articles/115005254948-How-to-migrate-from-Mailchimp,integrations,49375544319515,Migrate from an email service provider,integrations/How-to-migrate-from-Mailchimp-115005254948.md,_source/articles/115005254948.json,_source/articles/115005254948.body.html,_source/rendered/115005254948.html,yes,integrations/How-to-migrate-from-Mailchimp.md,yes,11310,publish,如何从 Mailchimp 迁移,https://dynamicycle.com/docs/articles-how-to-migrate-from-mailchimp/
360036945872,How to migrate from Sailthru,https://help.klaviyo.com/hc/en-us/articles/360036945872-How-to-migrate-from-Sailthru,integrations,49375544319515,Migrate from an email service provider,integrations/How-to-migrate-from-Sailthru-360036945872.md,_source/articles/360036945872.json,_source/articles/360036945872.body.html,_source/rendered/360036945872.html,yes,integrations/How-to-migrate-from-Sailthru.md,yes,11329,publish,如何从 Sailthru 迁移,https://dynamicycle.com/docs/articles-how-to-migrate-from-sailthru/
115000267471,How to migrate from Salesforce Marketing Cloud,https://help.klaviyo.com/hc/en-us/articles/115000267471-How-to-migrate-from-Salesforce-Marketing-Cloud,integrations,49375544319515,Migrate from an email service provider,integrations/How-to-migrate-from-Salesforce-Marketing-Cloud-115000267471.md,_source/articles/115000267471.json,_source/articles/115000267471.body.html,_source/rendered/115000267471.html,yes,integrations/How-to-migrate-from-Salesforce-Marketing-Cloud.md,yes,11402,publish,如何从 Salesforce Marketing Cloud 迁移,https://dynamicycle.com/docs/articles-how-to-migrate-from-salesforce-marketing-cloud/
39598076123547,How to migrate from Yotpo to Klaviyo,https://help.klaviyo.com/hc/en-us/articles/39598076123547-How-to-migrate-from-Yotpo-to-Klaviyo,integrations,49375544319515,Migrate from an email service provider,integrations/How-to-migrate-from-Yotpo-to-Klaviyo-39598076123547.md,_source/articles/39598076123547.json,_source/articles/39598076123547.body.html,_source/rendered/39598076123547.html,yes,integrations/How-to-migrate-from-Yotpo-to-Klaviyo.md,yes,10340,upload_meta_only,如何从 Yotpo 迁移到 Klaviyo,
115005082767,How to migrate from another email service provider to Klaviyo,https://help.klaviyo.com/hc/en-us/articles/115005082767-How-to-migrate-from-another-email-service-provider-to-Klaviyo,integrations,49375544319515,Migrate from an email service provider,integrations/How-to-migrate-from-another-email-service-provider-to-Klaviyo-115005082767.md,_source/articles/115005082767.json,_source/articles/115005082767.body.html,_source/rendered/115005082767.html,yes,integrations/How-to-migrate-from-another-email-service-provider-to-Klaviyo.md,yes,10807,publish,如何从其他电子邮件服务提供商迁移到 Klaviyo,https://dynamicycle.com/docs/articles-how-to-migrate-from-another-email-service-provider-to-klaviyo/
28709780787355,How to migrate to our automatic Added to Cart event for Shopify,https://help.klaviyo.com/hc/en-us/articles/28709780787355-How-to-migrate-to-our-automatic-Added-to-Cart-event-for-Shopify,integrations,49375337479451,Shopify best practices,integrations/How-to-migrate-to-our-automatic-Added-to-Cart-event-for-Shopify-28709780787355.md,_source/articles/28709780787355.json,_source/articles/28709780787355.body.html,_source/rendered/28709780787355.html,yes,integrations/How-to-migrate-to-our-automatic-Added-to-Cart-event-for-Shopify.md,yes,10844,publish,如何迁移到 Shopify 的自动添加到购物车事件,https://dynamicycle.com/docs/articles-how-to-migrate-to-our-automatic-added-to-cart-event-for-shopify/
115005080587,How to personalize and export Shopify notification emails,https://help.klaviyo.com/hc/en-us/articles/115005080587-How-to-personalize-and-export-Shopify-notification-emails,integrations,49375337479451,Shopify best practices,integrations/How-to-personalize-and-export-Shopify-notification-emails-115005080587.md,_source/articles/115005080587.json,_source/articles/115005080587.body.html,_source/rendered/115005080587.html,yes,integrations/How-to-personalize-and-export-Shopify-notification-emails.md,yes,11389,publish,如何个性化和导出 Shopify 通知电子邮件,https://dynamicycle.com/docs/articles-how-to-personalize-and-export-shopify-notification-emails/
19736852757915,How to remove onsite tracking for BigCommerce,https://help.klaviyo.com/hc/en-us/articles/19736852757915-How-to-remove-onsite-tracking-for-BigCommerce,integrations,49375348896539,Getting started with BigCommerce,integrations/How-to-remove-onsite-tracking-for-BigCommerce-19736852757915.md,_source/articles/19736852757915.json,_source/articles/19736852757915.body.html,_source/rendered/19736852757915.html,yes,integrations/How-to-remove-onsite-tracking-for-BigCommerce.md,yes,11118,publish,如何删除 BigCommerce 的现场跟踪,https://dynamicycle.com/docs/articles-how-to-remove-onsite-tracking-for-bigcommerce/
5379853359771,How to remove onsite tracking for Shopify,https://help.klaviyo.com/hc/en-us/articles/5379853359771-How-to-remove-onsite-tracking-for-Shopify,integrations,49375372745115,Shopify troubleshooting,integrations/How-to-remove-onsite-tracking-for-Shopify-5379853359771.md,_source/articles/5379853359771.json,_source/articles/5379853359771.body.html,_source/rendered/5379853359771.html,yes,integrations/How-to-remove-onsite-tracking-for-Shopify.md,yes,11185,publish,如何删除 Shopify 的现场跟踪,https://dynamicycle.com/docs/articles-how-to-remove-onsite-tracking-for-shopify/
115005254668,How to remove out-of-stock items in flows for Magento 2,https://help.klaviyo.com/hc/en-us/articles/115005254668-How-to-remove-out-of-stock-items-in-flows-for-Magento-2,integrations,49375848540187,Magento 2,integrations/How-to-remove-out-of-stock-items-in-flows-for-Magento-2-115005254668.md,_source/articles/115005254668.json,_source/articles/115005254668.body.html,_source/rendered/115005254668.html,yes,integrations/How-to-remove-out-of-stock-items-in-flows-for-Magento-2.md,yes,11366,publish,如何删除 Magento 2 流程中的缺货商品,https://dynamicycle.com/docs/articles-how-to-remove-out-of-stock-items-in-flows-for-magento-2/
4406529213083,How to resync your Shopify catalog feed,https://help.klaviyo.com/hc/en-us/articles/4406529213083-How-to-resync-your-Shopify-catalog-feed,integrations,49375372745115,Shopify troubleshooting,integrations/How-to-resync-your-Shopify-catalog-feed-4406529213083.md,_source/articles/4406529213083.json,_source/articles/4406529213083.body.html,_source/rendered/4406529213083.html,yes,integrations/How-to-resync-your-Shopify-catalog-feed.md,yes,10887,publish,如何重新同步您的 Shopify 目录源,https://dynamicycle.com/docs/articles-how-to-resync-your-shopify-catalog-feed/
4407486310683,How to send consent to Klaviyo via Zapier,https://help.klaviyo.com/hc/en-us/articles/4407486310683-How-to-send-consent-to-Klaviyo-via-Zapier,integrations,49375599125915,Migrate from an SMS platform,integrations/How-to-send-consent-to-Klaviyo-via-Zapier-4407486310683.md,_source/articles/4407486310683.json,_source/articles/4407486310683.body.html,_source/rendered/4407486310683.html,yes,integrations/How-to-send-consent-to-Klaviyo-via-Zapier.md,yes,11188,publish,如何通过 Zapier 向 Klaviyo 发送同意书,https://dynamicycle.com/docs/articles-how-to-send-consent-to-klaviyo-via-zapier/
4407493023131,How to send test data to Zapier,https://help.klaviyo.com/hc/en-us/articles/4407493023131-How-to-send-test-data-to-Zapier,integrations,49375213829275,Custom integrations,integrations/How-to-send-test-data-to-Zapier-4407493023131.md,_source/articles/4407493023131.json,_source/articles/4407493023131.body.html,_source/rendered/4407493023131.html,yes,integrations/How-to-send-test-data-to-Zapier.md,yes,11375,publish,如何将测试数据发送到 Zapier,https://dynamicycle.com/docs/articles-how-to-send-test-data-to-zapier/
115005255868,How to set up GoFundMe Pro campaigns and flows,https://help.klaviyo.com/hc/en-us/articles/115005255868-How-to-set-up-GoFundMe-Pro-campaigns-and-flows,integrations,49375355165723,Classy,integrations/How-to-set-up-GoFundMe-Pro-campaigns-and-flows-115005255868.md,_source/articles/115005255868.json,_source/articles/115005255868.body.html,_source/rendered/115005255868.html,yes,integrations/How-to-set-up-GoFundMe-Pro-campaigns-and-flows.md,yes,11020,publish,如何设置 GoFundMe Pro 活动和流程,https://dynamicycle.com/docs/articles-how-to-set-up-gofundme-pro-campaigns-and-flows/
1260807540249,How to set up OAuth for existing Magento 2 integrations,https://help.klaviyo.com/hc/en-us/articles/1260807540249-How-to-set-up-OAuth-for-existing-Magento-2-integrations,integrations,49375848540187,Magento 2,integrations/How-to-set-up-OAuth-for-existing-Magento-2-integrations-1260807540249.md,_source/articles/1260807540249.json,_source/articles/1260807540249.body.html,_source/rendered/1260807540249.html,yes,integrations/How-to-set-up-OAuth-for-existing-Magento-2-integrations.md,yes,11246,publish,如何为现有 Magento 2 集成设置 OAuth,https://dynamicycle.com/docs/articles-how-to-set-up-oauth-for-existing-magento-2-integrations/
360001894192,How to style Back in Stock buttons and forms for free Shopify themes,https://help.klaviyo.com/hc/en-us/articles/360001894192-How-to-style-Back-in-Stock-buttons-and-forms-for-free-Shopify-themes,integrations,49375337479451,Shopify best practices,integrations/How-to-style-Back-in-Stock-buttons-and-forms-for-free-Shopify-themes-360001894192.md,_source/articles/360001894192.json,_source/articles/360001894192.body.html,_source/rendered/360001894192.html,no,,no,,not_uploaded,,
19736765160731,How to sync BigCommerce email subscribers to a Klaviyo list,https://help.klaviyo.com/hc/en-us/articles/19736765160731-How-to-sync-BigCommerce-email-subscribers-to-a-Klaviyo-list,integrations,49375348896539,Getting started with BigCommerce,integrations/How-to-sync-BigCommerce-email-subscribers-to-a-Klaviyo-list-19736765160731.md,_source/articles/19736765160731.json,_source/articles/19736765160731.body.html,_source/rendered/19736765160731.html,yes,integrations/How-to-sync-BigCommerce-email-subscribers-to-a-Klaviyo-list.md,yes,10959,publish,如何将 BigCommerce 电子邮件订阅者同步到 Klaviyo 列表,https://dynamicycle.com/docs/articles-how-to-sync-bigcommerce-email-subscribers-to-a-klaviyo-list/
14318416590235,How to sync Meta lead ad subscribers to Klaviyo,https://help.klaviyo.com/hc/en-us/articles/14318416590235-How-to-sync-Meta-lead-ad-subscribers-to-Klaviyo,integrations,115000036291,Meta Ads,integrations/How-to-sync-Meta-lead-ad-subscribers-to-Klaviyo-14318416590235.md,_source/articles/14318416590235.json,_source/articles/14318416590235.body.html,_source/rendered/14318416590235.html,yes,integrations/How-to-sync-Meta-lead-ad-subscribers-to-Klaviyo.md,yes,10873,publish,如何将 Meta 潜在客户广告订阅者同步到 Klaviyo,https://dynamicycle.com/docs/articles-how-to-sync-meta-lead-ad-subscribers-to-klaviyo/
4403349019163,How to sync Shopify account registration customers to a list,https://help.klaviyo.com/hc/en-us/articles/4403349019163-How-to-sync-Shopify-account-registration-customers-to-a-list,integrations,49375337479451,Shopify best practices,integrations/How-to-sync-Shopify-account-registration-customers-to-a-list-4403349019163.md,_source/articles/4403349019163.json,_source/articles/4403349019163.body.html,_source/rendered/4403349019163.html,yes,integrations/How-to-sync-Shopify-account-registration-customers-to-a-list.md,yes,11191,publish,如何将 Shopify 帐户注册客户同步到列表,https://dynamicycle.com/docs/articles-how-to-sync-shopify-account-registration-customers-to-a-list/
115005080667,How to sync Shopify email subscribers to a Klaviyo list,https://help.klaviyo.com/hc/en-us/articles/115005080667-How-to-sync-Shopify-email-subscribers-to-a-Klaviyo-list,integrations,49375363814555,Getting started with Shopify,integrations/How-to-sync-Shopify-email-subscribers-to-a-Klaviyo-list-115005080667.md,_source/articles/115005080667.json,_source/articles/115005080667.body.html,_source/rendered/115005080667.html,yes,integrations/How-to-sync-Shopify-email-subscribers-to-a-Klaviyo-list.md,yes,11025,publish,如何将 Shopify 电子邮件订阅者同步到 Klaviyo 列表,https://dynamicycle.com/docs/articles-how-to-sync-shopify-email-subscribers-to-a-klaviyo-list/
38417082235675,How to sync Shopify segments to Klaviyo,https://help.klaviyo.com/hc/en-us/articles/38417082235675-How-to-sync-Shopify-segments-to-Klaviyo,integrations,49375337479451,Shopify best practices,integrations/How-to-sync-Shopify-segments-to-Klaviyo-38417082235675.md,_source/articles/38417082235675.json,_source/articles/38417082235675.body.html,_source/rendered/38417082235675.html,yes,integrations/How-to-sync-Shopify-segments-to-Klaviyo.md,yes,10346,upload_meta_only,如何将 Shopify 细分同步到 Klaviyo,
5510558435739,How to sync consent from Magento 2 to Klaviyo,https://help.klaviyo.com/hc/en-us/articles/5510558435739-How-to-sync-consent-from-Magento-2-to-Klaviyo,integrations,49375848540187,Magento 2,integrations/How-to-sync-consent-from-Magento-2-to-Klaviyo-5510558435739.md,_source/articles/5510558435739.json,_source/articles/5510558435739.body.html,,yes,integrations/How-to-sync-consent-from-Magento-2-to-Klaviyo.md,yes,11288,publish,如何将同意从 Magento 2 同步到 Klaviyo,https://dynamicycle.com/docs/articles-how-to-sync-consent-from-magento-2-to-klaviyo/
360030919351,How to sync data from Klaviyo to Shopify,https://help.klaviyo.com/hc/en-us/articles/360030919351-How-to-sync-data-from-Klaviyo-to-Shopify,integrations,49375337479451,Shopify best practices,integrations/How-to-sync-data-from-Klaviyo-to-Shopify-360030919351.md,_source/articles/360030919351.json,_source/articles/360030919351.body.html,_source/rendered/360030919351.html,yes,integrations/How-to-sync-data-from-Klaviyo-to-Shopify.md,yes,11258,publish,如何将数据从 Klaviyo 同步到 Shopify,https://dynamicycle.com/docs/articles-how-to-sync-data-from-klaviyo-to-shopify/
360058194372,How to turn off SMS consent at checkout for BigCommerce,https://help.klaviyo.com/hc/en-us/articles/360058194372-How-to-turn-off-SMS-consent-at-checkout-for-BigCommerce,integrations,49375361359643,BigCommerce best practices,integrations/How-to-turn-off-SMS-consent-at-checkout-for-BigCommerce-360058194372.md,_source/articles/360058194372.json,_source/articles/360058194372.body.html,_source/rendered/360058194372.html,yes,integrations/How-to-turn-off-SMS-consent-at-checkout-for-BigCommerce.md,yes,11466,publish,如何在 BigCommerce 结帐时关闭短信同意,https://dynamicycle.com/docs/articles-how-to-turn-off-sms-consent-at-checkout-for-bigcommerce/
360003124151,How to update Klaviyo after switching ecommerce platforms,https://help.klaviyo.com/hc/en-us/articles/360003124151-How-to-update-Klaviyo-after-switching-ecommerce-platforms,integrations,49375544319515,Migrate from an email service provider,integrations/How-to-update-Klaviyo-after-switching-ecommerce-platforms-360003124151.md,_source/articles/360003124151.json,_source/articles/360003124151.body.html,_source/rendered/360003124151.html,yes,integrations/How-to-update-Klaviyo-after-switching-ecommerce-platforms.md,yes,11012,publish,切换电商平台后如何更新Klaviyo,https://dynamicycle.com/docs/articles-how-to-update-klaviyo-after-switching-ecommerce-platforms/
36093629173147,How to update your Zendesk integration,https://help.klaviyo.com/hc/en-us/articles/36093629173147-How-to-update-your-Zendesk-integration,integrations,49375324517787,Zendesk,integrations/How-to-update-your-Zendesk-integration-36093629173147.md,_source/articles/36093629173147.json,_source/articles/36093629173147.body.html,_source/rendered/36093629173147.html,yes,integrations/How-to-update-your-Zendesk-integration.md,yes,10361,upload_meta_only,如何更新您的 Zendesk 集成,
4418005597723,How to upgrade the WooCommerce plugin,https://help.klaviyo.com/hc/en-us/articles/4418005597723-How-to-upgrade-the-WooCommerce-plugin,integrations,49375362527003,WooCommerce best practices,integrations/How-to-upgrade-the-WooCommerce-plugin-4418005597723.md,_source/articles/4418005597723.json,_source/articles/4418005597723.body.html,_source/rendered/4418005597723.html,yes,integrations/How-to-upgrade-the-WooCommerce-plugin.md,yes,10982,publish,如何升级 WooCommerce 插件,https://dynamicycle.com/docs/articles-how-to-upgrade-the-woocommerce-plugin/
16708128591259,How to upgrade your Salesforce Commerce Cloud cartridge,https://help.klaviyo.com/hc/en-us/articles/16708128591259-How-to-upgrade-your-Salesforce-Commerce-Cloud-cartridge,integrations,49375912534427,Salesforce Commerce Cloud,integrations/How-to-upgrade-your-Salesforce-Commerce-Cloud-cartridge-16708128591259.md,_source/articles/16708128591259.json,_source/articles/16708128591259.body.html,_source/rendered/16708128591259.html,yes,integrations/How-to-upgrade-your-Salesforce-Commerce-Cloud-cartridge.md,yes,11045,publish,如何升级您的 Salesforce Commerce Cloud 墨盒,https://dynamicycle.com/docs/articles-how-to-upgrade-your-salesforce-commerce-cloud-cartridge/
40426020816027,How to upload existing Magento 1 subscribers to a Klaviyo list,https://help.klaviyo.com/hc/en-us/articles/40426020816027-How-to-upload-existing-Magento-1-subscribers-to-a-Klaviyo-list,integrations,49375230225051,Magento 1,integrations/How-to-upload-existing-Magento-1-subscribers-to-a-Klaviyo-list-40426020816027.md,_source/articles/40426020816027.json,_source/articles/40426020816027.body.html,_source/rendered/40426020816027.html,yes,integrations/How-to-upload-existing-Magento-1-subscribers-to-a-Klaviyo-list.md,yes,10327,upload_meta_only,如何将现有 Magento 1 订阅者上传到 Klaviyo 列表,
115005082407,How to upload existing Magento 2 subscribers to a Klaviyo list,https://help.klaviyo.com/hc/en-us/articles/115005082407-How-to-upload-existing-Magento-2-subscribers-to-a-Klaviyo-list,integrations,49375848540187,Magento 2,integrations/How-to-upload-existing-Magento-2-subscribers-to-a-Klaviyo-list-115005082407.md,_source/articles/115005082407.json,_source/articles/115005082407.body.html,_source/rendered/115005082407.html,yes,integrations/How-to-upload-existing-Magento-2-subscribers-to-a-Klaviyo-list.md,yes,11094,publish,如何将现有 Magento 2 订阅者上传到 Klaviyo 列表,https://dynamicycle.com/docs/articles-how-to-upload-existing-magento-2-subscribers-to-a-klaviyo-list/
360014410811,How to use Shopify Flow and the Klaviyo Connector,https://help.klaviyo.com/hc/en-us/articles/360014410811-How-to-use-Shopify-Flow-and-the-Klaviyo-Connector,integrations,49375337479451,Shopify best practices,integrations/How-to-use-Shopify-Flow-and-the-Klaviyo-Connector-360014410811.md,_source/articles/360014410811.json,_source/articles/360014410811.body.html,_source/rendered/360014410811.html,yes,integrations/How-to-use-Shopify-Flow-and-the-Klaviyo-Connector.md,yes,11399,publish,如何使用 Shopify Flow 和 Klaviyo Connector,https://dynamicycle.com/docs/articles-how-to-use-shopify-flow-and-the-klaviyo-connector/
45224022467739,How to use Shopify Markets with Klaviyo,https://help.klaviyo.com/hc/en-us/articles/45224022467739-How-to-use-Shopify-Markets-with-Klaviyo,integrations,49375363814555,Getting started with Shopify,integrations/How-to-use-Shopify-Markets-with-Klaviyo-45224022467739.md,_source/articles/45224022467739.json,_source/articles/45224022467739.body.html,_source/rendered/45224022467739.html,yes,integrations/How-to-use-Shopify-Markets-with-Klaviyo.md,yes,10273,upload_meta_only,如何将 Shopify Markets 与 Klaviyo 结合使用,
115005080907,How to use Shopify tags to filter customers,https://help.klaviyo.com/hc/en-us/articles/115005080907-How-to-use-Shopify-tags-to-filter-customers,integrations,49375337479451,Shopify best practices,integrations/How-to-use-Shopify-tags-to-filter-customers-115005080907.md,_source/articles/115005080907.json,_source/articles/115005080907.body.html,_source/rendered/115005080907.html,yes,integrations/How-to-use-Shopify-tags-to-filter-customers.md,yes,11425,publish,如何使用Shopify标签过滤客户,https://dynamicycle.com/docs/articles-how-to-use-shopify-tags-to-filter-customers/
19097191216283,How to use Wix contact labels to segment customers,https://help.klaviyo.com/hc/en-us/articles/19097191216283-How-to-use-Wix-contact-labels-to-segment-customers,integrations,49375976757403,Wix,integrations/How-to-use-Wix-contact-labels-to-segment-customers-19097191216283.md,_source/articles/19097191216283.json,_source/articles/19097191216283.body.html,_source/rendered/19097191216283.html,yes,integrations/How-to-use-Wix-contact-labels-to-segment-customers.md,yes,10961,publish,如何使用 Wix 联系人标签来细分客户,https://dynamicycle.com/docs/articles-how-to-use-wix-contact-labels-to-segment-customers/
360034500652,How to use WooCommerce data in flows,https://help.klaviyo.com/hc/en-us/articles/360034500652-How-to-use-WooCommerce-data-in-flows,integrations,49375361959963,Getting started with WooCommerce,integrations/How-to-use-WooCommerce-data-in-flows-360034500652.md,_source/articles/360034500652.json,_source/articles/360034500652.body.html,_source/rendered/360034500652.html,yes,integrations/How-to-use-WooCommerce-data-in-flows.md,yes,11204,publish,如何在流程中使用 WooCommerce 数据,https://dynamicycle.com/docs/articles-how-to-use-woocommerce-data-in-flows/
44510690715931,How to use the Klaviyo app for ChatGPT,https://help.klaviyo.com/hc/en-us/articles/44510690715931-How-to-use-the-Klaviyo-app-for-ChatGPT,integrations,46281687549467,Klaviyo app for ChatGPT,integrations/How-to-use-the-Klaviyo-app-for-ChatGPT-44510690715931.md,_source/articles/44510690715931.json,_source/articles/44510690715931.body.html,_source/rendered/44510690715931.html,yes,integrations/How-to-use-the-Klaviyo-app-for-ChatGPT.md,yes,10281,upload_meta_only,如何使用 ChatGPT 的 Klaviyo 应用程序,
360047568211,How to use the ecommerce onboarding checklists,https://help.klaviyo.com/hc/en-us/articles/360047568211-How-to-use-the-ecommerce-onboarding-checklists,integrations,49375465238811,Ecommerce integrations,integrations/How-to-use-the-ecommerce-onboarding-checklists-360047568211.md,_source/articles/360047568211.json,_source/articles/360047568211.body.html,_source/rendered/360047568211.html,yes,integrations/How-to-use-the-ecommerce-onboarding-checklists.md,yes,10668,upload_meta_only,如何使用电子商务入门清单,
360031423431,Integrate a Standard Ecommerce Platform,https://help.klaviyo.com/hc/en-us/articles/360031423431-Integrate-a-Standard-Ecommerce-Platform,integrations,49375213829275,Custom integrations,integrations/Integrate-a-Standard-Ecommerce-Platform-360031423431.md,_source/articles/360031423431.json,_source/articles/360031423431.body.html,,no,,no,,not_uploaded,,
360020698171,Integrations for ecommerce businesses reference,https://help.klaviyo.com/hc/en-us/articles/360020698171-Integrations-for-ecommerce-businesses-reference,integrations,49375465238811,Ecommerce integrations,integrations/Integrations-for-ecommerce-businesses-reference-360020698171.md,_source/articles/360020698171.json,_source/articles/360020698171.body.html,_source/rendered/360020698171.html,yes,integrations/Integrations-for-ecommerce-businesses-reference.md,yes,11297,publish,电子商务企业参考集成,https://dynamicycle.com/docs/articles-integrations-for-ecommerce-businesses-reference/
24016624580379,Intercom data reference,https://help.klaviyo.com/hc/en-us/articles/24016624580379-Intercom-data-reference,integrations,49375712221211,Intercom,integrations/Intercom-data-reference-24016624580379.md,_source/articles/24016624580379.json,_source/articles/24016624580379.body.html,_source/rendered/24016624580379.html,yes,integrations/Intercom-data-reference.md,yes,10852,publish,对讲数据参考,https://dynamicycle.com/docs/articles-intercom-data-reference/
360007119971,JavaScript API & Server-Side API,https://help.klaviyo.com/hc/en-us/articles/360007119971-JavaScript-API-Server-Side-API,integrations,49375213829275,Custom integrations,integrations/JavaScript-API-&-Server-Side-API-360007119971.md,_source/articles/360007119971.json,_source/articles/360007119971.body.html,,yes,integrations/JavaScript-API-&-Server-Side-API.md,yes,11333,publish,JavaScript API 和服务器端 API,https://dynamicycle.com/docs/articles-javascript-api-server-side-api/
36443926107163,Jessie's Test,https://help.klaviyo.com/hc/en-us/articles/36443926107163-Jessie-s-Test,integrations,49375918518171,Migrate to Klaviyo,integrations/Jessie's-Test-36443926107163.md,_source/articles/36443926107163.json,_source/articles/36443926107163.body.html,,yes,integrations/Jessie's-Test.md,yes,10358,upload_meta_only,杰西的测试,
360006838752,Klaviyo API Overview,https://help.klaviyo.com/hc/en-us/articles/360006838752-Klaviyo-API-Overview,integrations,49375213829275,Custom integrations,integrations/Klaviyo-API-Overview-360006838752.md,_source/articles/360006838752.json,_source/articles/360006838752.body.html,,yes,integrations/Klaviyo-API-Overview.md,yes,10908,publish,Klaviyo API 概述,https://dynamicycle.com/docs/articles-klaviyo-api-overview/
115005081367,Klaviyo's REST API References,https://help.klaviyo.com/hc/en-us/articles/115005081367-Klaviyo-s-REST-API-References,integrations,49375213829275,Custom integrations,integrations/Klaviyo's-REST-API-References-115005081367.md,_source/articles/115005081367.json,_source/articles/115005081367.body.html,,yes,integrations/Klaviyo's-REST-API-References.md,yes,11368,publish,Klaviyo 的 REST API 参考,https://dynamicycle.com/docs/articles-klaviyo-s-rest-api-references/
115005254528,Magento 1 data reference,https://help.klaviyo.com/hc/en-us/articles/115005254528-Magento-1-data-reference,integrations,49375230225051,Magento 1,integrations/Magento-1-data-reference-115005254528.md,_source/articles/115005254528.json,_source/articles/115005254528.body.html,_source/rendered/115005254528.html,yes,integrations/Magento-1-data-reference.md,yes,10931,publish,Magento 1 数据参考,https://dynamicycle.com/docs/articles-magento-1-data-reference/
115003458852,Magento 2 data reference,https://help.klaviyo.com/hc/en-us/articles/115003458852-Magento-2-data-reference,integrations,49375848540187,Magento 2,integrations/Magento-2-data-reference-115003458852.md,_source/articles/115003458852.json,_source/articles/115003458852.body.html,_source/rendered/115003458852.html,yes,integrations/Magento-2-data-reference.md,yes,10916,publish,Magento 2 数据参考,https://dynamicycle.com/docs/articles-magento-2-data-reference/
360048730411,Magento integration system requirements reference,https://help.klaviyo.com/hc/en-us/articles/360048730411-Magento-integration-system-requirements-reference,integrations,49375848540187,Magento 2,integrations/Magento-integration-system-requirements-reference-360048730411.md,_source/articles/360048730411.json,_source/articles/360048730411.body.html,_source/rendered/360048730411.html,yes,integrations/Magento-integration-system-requirements-reference.md,yes,11355,publish,Magento 集成系统要求参考,https://dynamicycle.com/docs/articles-magento-integration-system-requirements-reference/
360039002832,Meta Ads data reference,https://help.klaviyo.com/hc/en-us/articles/360039002832-Meta-Ads-data-reference,integrations,115000036291,Meta Ads,integrations/Meta-Ads-data-reference-360039002832.md,_source/articles/360039002832.json,_source/articles/360039002832.body.html,_source/rendered/360039002832.html,yes,integrations/Meta-Ads-data-reference.md,yes,11004,publish,元广告数据参考,https://dynamicycle.com/docs/articles-meta-ads-data-reference/
38311213022235,Mews data reference,https://help.klaviyo.com/hc/en-us/articles/38311213022235-Mews-data-reference,integrations,49375921845787,Mews,integrations/Mews-data-reference-38311213022235.md,_source/articles/38311213022235.json,_source/articles/38311213022235.body.html,_source/rendered/38311213022235.html,yes,integrations/Mews-data-reference.md,yes,10833,publish,Mews数据参考,https://dynamicycle.com/docs/articles-mews-data-reference/
360034455472,Migrate from Drip to Klaviyo,https://help.klaviyo.com/hc/en-us/articles/360034455472-Migrate-from-Drip-to-Klaviyo,integrations,49375544319515,Migrate from an email service provider,integrations/Migrate-from-Drip-to-Klaviyo-360034455472.md,_source/articles/360034455472.json,_source/articles/360034455472.body.html,,yes,integrations/Migrate-from-Drip-to-Klaviyo.md,yes,11080,publish,从 Drip 迁移到 Klaviyo,https://dynamicycle.com/docs/articles-migrate-from-drip-to-klaviyo/
15344283585819,Mindbody data reference,https://help.klaviyo.com/hc/en-us/articles/15344283585819-Mindbody-data-reference,integrations,49375589754907,Mindbody,integrations/Mindbody-data-reference-15344283585819.md,_source/articles/15344283585819.json,_source/articles/15344283585819.body.html,_source/rendered/15344283585819.html,yes,integrations/Mindbody-data-reference.md,yes,10870,publish,Mindbody数据参考,https://dynamicycle.com/docs/articles-mindbody-data-reference/
15752146245403,Olo data reference,https://help.klaviyo.com/hc/en-us/articles/15752146245403-Olo-data-reference,integrations,49375633481115,Olo,integrations/Olo-data-reference-15752146245403.md,_source/articles/15752146245403.json,_source/articles/15752146245403.body.html,_source/rendered/15752146245403.html,yes,integrations/Olo-data-reference.md,yes,10868,publish,Olo数据参考,https://dynamicycle.com/docs/articles-olo-data-reference/
23113172847259,OpenTable data reference,https://help.klaviyo.com/hc/en-us/articles/23113172847259-OpenTable-data-reference,integrations,49375703042715,OpenTable,integrations/OpenTable-data-reference-23113172847259.md,_source/articles/23113172847259.json,_source/articles/23113172847259.body.html,_source/rendered/23113172847259.html,yes,integrations/OpenTable-data-reference.md,yes,10854,publish,OpenTable 数据参考,https://dynamicycle.com/docs/articles-opentable-data-reference/
19896802561307,PAR Punchh data reference,https://help.klaviyo.com/hc/en-us/articles/19896802561307-PAR-Punchh-data-reference,integrations,49375701875995,PAR Punchh,integrations/PAR-Punchh-data-reference-19896802561307.md,_source/articles/19896802561307.json,_source/articles/19896802561307.body.html,_source/rendered/19896802561307.html,yes,integrations/PAR-Punchh-data-reference.md,yes,10857,publish,PAR Punchh 数据参考,https://dynamicycle.com/docs/articles-par-punchh-data-reference/
360055123191,PrestaShop data reference,https://help.klaviyo.com/hc/en-us/articles/360055123191-PrestaShop-data-reference,integrations,49375889864603,PrestaShop,integrations/PrestaShop-data-reference-360055123191.md,_source/articles/360055123191.json,_source/articles/360055123191.body.html,_source/rendered/360055123191.html,yes,integrations/PrestaShop-data-reference.md,yes,10895,publish,PrestaShop数据参考,https://dynamicycle.com/docs/articles-prestashop-data-reference/
360058323811,Salesforce Commerce Cloud data reference,https://help.klaviyo.com/hc/en-us/articles/360058323811-Salesforce-Commerce-Cloud-data-reference,integrations,49375912534427,Salesforce Commerce Cloud,integrations/Salesforce-Commerce-Cloud-data-reference-360058323811.md,_source/articles/360058323811.json,_source/articles/360058323811.body.html,_source/rendered/360058323811.html,yes,integrations/Salesforce-Commerce-Cloud-data-reference.md,yes,10894,publish,Salesforce Commerce Cloud 数据参考,https://dynamicycle.com/docs/articles-salesforce-commerce-cloud-data-reference/
47187823602459,Setting up key hotel reports with Cloudbeds,https://help.klaviyo.com/hc/en-us/articles/47187823602459-Setting-up-key-hotel-reports-with-Cloudbeds,integrations,49375952441243,Cloudbeds,integrations/Setting-up-key-hotel-reports-with-Cloudbeds-47187823602459.md,_source/articles/47187823602459.json,_source/articles/47187823602459.body.html,_source/rendered/47187823602459.html,yes,integrations/Setting-up-key-hotel-reports-with-Cloudbeds.md,yes,10244,upload_meta_only,使用 Cloudbeds 设置重要的酒店报告,
47194724598555,Setting up key hotel reports with Mews,https://help.klaviyo.com/hc/en-us/articles/47194724598555-Setting-up-key-hotel-reports-with-Mews,integrations,49375921845787,Mews,integrations/Setting-up-key-hotel-reports-with-Mews-47194724598555.md,_source/articles/47194724598555.json,_source/articles/47194724598555.body.html,_source/rendered/47194724598555.html,yes,integrations/Setting-up-key-hotel-reports-with-Mews.md,yes,10243,upload_meta_only,使用 Mews 设置重要的酒店报告,
25184578360603,Shopify Accepts Marketing subscriber reference,https://help.klaviyo.com/hc/en-us/articles/25184578360603-Shopify-Accepts-Marketing-subscriber-reference,integrations,49375372745115,Shopify troubleshooting,integrations/Shopify-Accepts-Marketing-subscriber-reference-25184578360603.md,_source/articles/25184578360603.json,_source/articles/25184578360603.body.html,_source/rendered/25184578360603.html,yes,integrations/Shopify-Accepts-Marketing-subscriber-reference.md,yes,11116,publish,Shopify 接受营销订阅者参考,https://dynamicycle.com/docs/articles-shopify-accepts-marketing-subscriber-reference/
115005080787,Shopify and the Browse Abandonment Flow,https://help.klaviyo.com/hc/en-us/articles/115005080787-Shopify-and-the-Browse-Abandonment-Flow,integrations,49375337479451,Shopify best practices,integrations/Shopify-and-the-Browse-Abandonment-Flow-115005080787.md,_source/articles/115005080787.json,_source/articles/115005080787.body.html,,yes,integrations/Shopify-and-the-Browse-Abandonment-Flow.md,yes,11161,publish,Shopify 和浏览放弃流程,https://dynamicycle.com/docs/articles-shopify-and-the-browse-abandonment-flow/
115005080447,Shopify data reference,https://help.klaviyo.com/hc/en-us/articles/115005080447-Shopify-data-reference,integrations,49375363814555,Getting started with Shopify,integrations/Shopify-data-reference-115005080447.md,_source/articles/115005080447.json,_source/articles/115005080447.body.html,_source/rendered/115005080447.html,yes,integrations/Shopify-data-reference.md,yes,10934,publish,Shopify数据参考,https://dynamicycle.com/docs/articles-shopify-data-reference/
13006716790299,Shopware data reference,https://help.klaviyo.com/hc/en-us/articles/13006716790299-Shopware-data-reference,integrations,49375225542683,Shopware,integrations/Shopware-data-reference-13006716790299.md,_source/articles/13006716790299.json,_source/articles/13006716790299.body.html,_source/rendered/13006716790299.html,yes,integrations/Shopware-data-reference.md,yes,10874,publish,店件数据参考,https://dynamicycle.com/docs/articles-shopware-data-reference/
11117271030555,Square data reference,https://help.klaviyo.com/hc/en-us/articles/11117271030555-Square-data-reference,integrations,49375204777755,Square,integrations/Square-data-reference-11117271030555.md,_source/articles/11117271030555.json,_source/articles/11117271030555.body.html,_source/rendered/11117271030555.html,yes,integrations/Square-data-reference.md,yes,10876,publish,平方数据参考,https://dynamicycle.com/docs/articles-square-data-reference/
115005254988,Sync Your BigCommerce Signup Forms to Klaviyo - Blueprint Themes,https://help.klaviyo.com/hc/en-us/articles/115005254988-Sync-Your-BigCommerce-Signup-Forms-to-Klaviyo-Blueprint-Themes,integrations,49375361359643,BigCommerce best practices,integrations/Sync-Your-BigCommerce-Signup-Forms-to-Klaviyo---Blueprint-Themes-115005254988.md,_source/articles/115005254988.json,_source/articles/115005254988.body.html,,yes,integrations/Sync-Your-BigCommerce-Signup-Forms-to-Klaviyo---Blueprint-Themes.md,yes,11093,publish,将您的 BigCommerce 注册表单同步到 Klaviyo - 蓝图主题,https://dynamicycle.com/docs/articles-sync-your-bigcommerce-signup-forms-to-klaviyo-blueprint-themes/
115002451292,Sync a Shopify Signup Form to a List in Klaviyo,https://help.klaviyo.com/hc/en-us/articles/115002451292-Sync-a-Shopify-Signup-Form-to-a-List-in-Klaviyo,integrations,49375337479451,Shopify best practices,integrations/Sync-a-Shopify-Signup-Form-to-a-List-in-Klaviyo-115002451292.md,_source/articles/115002451292.json,_source/articles/115002451292.body.html,,yes,integrations/Sync-a-Shopify-Signup-Form-to-a-List-in-Klaviyo.md,yes,11337,publish,将 Shopify 注册表单同步到 Klaviyo 中的列表,https://dynamicycle.com/docs/articles-sync-a-shopify-signup-form-to-a-list-in-klaviyo/
360045302732,Technical terms glossary,https://help.klaviyo.com/hc/en-us/articles/360045302732-Technical-terms-glossary,integrations,49375213829275,Custom integrations,integrations/Technical-terms-glossary-360045302732.md,_source/articles/360045302732.json,_source/articles/360045302732.body.html,_source/rendered/360045302732.html,yes,integrations/Technical-terms-glossary.md,yes,11198,publish,技术术语词汇表,https://dynamicycle.com/docs/articles-technical-terms-glossary/
19457831690139,Thanx data reference,https://help.klaviyo.com/hc/en-us/articles/19457831690139-Thanx-data-reference,integrations,49375725776283,Thanx,integrations/Thanx-data-reference-19457831690139.md,_source/articles/19457831690139.json,_source/articles/19457831690139.body.html,_source/rendered/19457831690139.html,yes,integrations/Thanx-data-reference.md,yes,10500,upload_meta_only,感谢数据参考,
24302613403931,Toast data reference,https://help.klaviyo.com/hc/en-us/articles/24302613403931-Toast-data-reference,integrations,49375688471707,Toast,integrations/Toast-data-reference-24302613403931.md,_source/articles/24302613403931.json,_source/articles/24302613403931.body.html,_source/rendered/24302613403931.html,yes,integrations/Toast-data-reference.md,yes,10851,publish,Toast数据参考,https://dynamicycle.com/docs/articles-toast-data-reference/
33304725419931,Troubleshooting Meta Ads audience creation errors,https://help.klaviyo.com/hc/en-us/articles/33304725419931-Troubleshooting-Meta-Ads-audience-creation-errors,integrations,115000036291,Meta Ads,integrations/Troubleshooting-Meta-Ads-audience-creation-errors-33304725419931.md,_source/articles/33304725419931.json,_source/articles/33304725419931.body.html,_source/rendered/33304725419931.html,yes,integrations/Troubleshooting-Meta-Ads-audience-creation-errors.md,yes,11034,publish,排除元广告受众群体创建错误,https://dynamicycle.com/docs/articles-troubleshooting-meta-ads-audience-creation-errors/
26909356614299,"Troubleshooting Meta Ads sync, credential, and authorization errors",https://help.klaviyo.com/hc/en-us/articles/26909356614299-Troubleshooting-Meta-Ads-sync-credential-and-authorization-errors,integrations,115000036291,Meta Ads,"integrations/Troubleshooting-Meta-Ads-sync,-credential,-and-authorization-errors-26909356614299.md",_source/articles/26909356614299.json,_source/articles/26909356614299.body.html,_source/rendered/26909356614299.html,yes,"integrations/Troubleshooting-Meta-Ads-sync,-credential,-and-authorization-errors.md",yes,11114,publish,元广告同步、凭据和授权错误故障排除,https://dynamicycle.com/docs/articles-troubleshooting-meta-ads-sync-credential-and-authorization-errors/
15311862315803,Troubleshooting PrestaShop authorization error PHP as CGI,https://help.klaviyo.com/hc/en-us/articles/15311862315803-Troubleshooting-PrestaShop-authorization-error-PHP-as-CGI,integrations,49375889864603,PrestaShop,integrations/Troubleshooting-PrestaShop-authorization-error-PHP-as-CGI-15311862315803.md,_source/articles/15311862315803.json,_source/articles/15311862315803.body.html,_source/rendered/15311862315803.html,yes,integrations/Troubleshooting-PrestaShop-authorization-error-PHP-as-CGI.md,yes,11122,publish,排除 PrestaShop 授权错误 PHP 作为 CGI,https://dynamicycle.com/docs/articles-troubleshooting-prestashop-authorization-error-php-as-cgi/
360039881992,Troubleshooting your Instagram web feed in emails,https://help.klaviyo.com/hc/en-us/articles/360039881992-Troubleshooting-your-Instagram-web-feed-in-emails,integrations,115000036291,Meta Ads,integrations/Troubleshooting-your-Instagram-web-feed-in-emails-360039881992.md,_source/articles/360039881992.json,_source/articles/360039881992.body.html,_source/rendered/360039881992.html,yes,integrations/Troubleshooting-your-Instagram-web-feed-in-emails.md,yes,11201,publish,对电子邮件中的 Instagram 网络提要进行故障排除,https://dynamicycle.com/docs/articles-troubleshooting-your-instagram-web-feed-in-emails/
5510750923035,Troubleshooting your Magento 2 integration,https://help.klaviyo.com/hc/en-us/articles/5510750923035-Troubleshooting-your-Magento-2-integration,integrations,49375848540187,Magento 2,integrations/Troubleshooting-your-Magento-2-integration-5510750923035.md,_source/articles/5510750923035.json,_source/articles/5510750923035.body.html,_source/rendered/5510750923035.html,yes,integrations/Troubleshooting-your-Magento-2-integration.md,yes,10979,publish,Magento 2 集成故障排除,https://dynamicycle.com/docs/articles-troubleshooting-your-magento-2-integration/
4403927899291,Troubleshooting your Shopify integration,https://help.klaviyo.com/hc/en-us/articles/4403927899291-Troubleshooting-your-Shopify-integration,integrations,49375372745115,Shopify troubleshooting,integrations/Troubleshooting-your-Shopify-integration-4403927899291.md,_source/articles/4403927899291.json,_source/articles/4403927899291.body.html,_source/rendered/4403927899291.html,yes,integrations/Troubleshooting-your-Shopify-integration.md,yes,10610,upload_meta_only,对 Shopify 集成进行故障排除,
4515829067803,Troubleshooting your WooCommerce integration,https://help.klaviyo.com/hc/en-us/articles/4515829067803-Troubleshooting-your-WooCommerce-integration,integrations,49375375690779,WooCommerce troubleshooting,integrations/Troubleshooting-your-WooCommerce-integration-4515829067803.md,_source/articles/4515829067803.json,_source/articles/4515829067803.body.html,_source/rendered/4515829067803.html,yes,integrations/Troubleshooting-your-WooCommerce-integration.md,yes,10884,publish,对 WooCommerce 集成进行故障排除,https://dynamicycle.com/docs/articles-troubleshooting-your-woocommerce-integration/
115000107112,Typeform v1 data reference,https://help.klaviyo.com/hc/en-us/articles/115000107112-Typeform-v1-data-reference,integrations,49375302228891,Typeform,integrations/Typeform-v1-data-reference-115000107112.md,_source/articles/115000107112.json,_source/articles/115000107112.body.html,_source/rendered/115000107112.html,yes,integrations/Typeform-v1-data-reference.md,yes,11457,publish,Typeform v1 数据参考,https://dynamicycle.com/docs/articles-typeform-v1-data-reference/
115000256472,Understanding Klaviyo-built integrations,https://help.klaviyo.com/hc/en-us/articles/115000256472-Understanding-Klaviyo-built-integrations,integrations,49375437778587,All integrations,integrations/Understanding-Klaviyo-built-integrations-115000256472.md,_source/articles/115000256472.json,_source/articles/115000256472.body.html,_source/rendered/115000256472.html,yes,integrations/Understanding-Klaviyo-built-integrations.md,yes,10923,publish,了解 Klaviyo 构建的集成,https://dynamicycle.com/docs/articles-understanding-klaviyo-built-integrations/
360037501212,Understanding Magento 1 data in flows,https://help.klaviyo.com/hc/en-us/articles/360037501212-Understanding-Magento-1-data-in-flows,integrations,49375230225051,Magento 1,integrations/Understanding-Magento-1-data-in-flows-360037501212.md,_source/articles/360037501212.json,_source/articles/360037501212.body.html,_source/rendered/360037501212.html,yes,integrations/Understanding-Magento-1-data-in-flows.md,yes,11294,publish,了解流中的 Magento 1 数据,https://dynamicycle.com/docs/articles-understanding-magento-1-data-in-flows/
360030265051,Understanding how information is exchanged between Klaviyo and apps,https://help.klaviyo.com/hc/en-us/articles/360030265051-Understanding-how-information-is-exchanged-between-Klaviyo-and-apps,integrations,49375437778587,All integrations,integrations/Understanding-how-information-is-exchanged-between-Klaviyo-and-apps-360030265051.md,_source/articles/360030265051.json,_source/articles/360030265051.body.html,_source/rendered/360030265051.html,yes,integrations/Understanding-how-information-is-exchanged-between-Klaviyo-and-apps.md,yes,11082,publish,了解 Klaviyo 和应用程序之间如何交换信息,https://dynamicycle.com/docs/articles-understanding-how-information-is-exchanged-between-klaviyo-and-apps/
360035540251,Understanding how to use WooCommerce subscriptions data in campaigns and flows,https://help.klaviyo.com/hc/en-us/articles/360035540251-Understanding-how-to-use-WooCommerce-subscriptions-data-in-campaigns-and-flows,integrations,49375362527003,WooCommerce best practices,integrations/Understanding-how-to-use-WooCommerce-subscriptions-data-in-campaigns-and-flows-360035540251.md,_source/articles/360035540251.json,_source/articles/360035540251.body.html,_source/rendered/360035540251.html,yes,integrations/Understanding-how-to-use-WooCommerce-subscriptions-data-in-campaigns-and-flows.md,yes,11256,publish,了解如何在活动和流程中使用 WooCommerce 订阅数据,https://dynamicycle.com/docs/articles-understanding-how-to-use-woocommerce-subscriptions-data-in-campaigns-and-flows/
16741902158491,Understanding the integrations tab,https://help.klaviyo.com/hc/en-us/articles/16741902158491-Understanding-the-integrations-tab,integrations,49375437778587,All integrations,integrations/Understanding-the-integrations-tab-16741902158491.md,_source/articles/16741902158491.json,_source/articles/16741902158491.body.html,_source/rendered/16741902158491.html,yes,integrations/Understanding-the-integrations-tab.md,yes,10529,upload_meta_only,了解集成选项卡,
360030696012,Understanding the types of information exchanged between Klaviyo and apps,https://help.klaviyo.com/hc/en-us/articles/360030696012-Understanding-the-types-of-information-exchanged-between-Klaviyo-and-apps,integrations,49375437778587,All integrations,integrations/Understanding-the-types-of-information-exchanged-between-Klaviyo-and-apps-360030696012.md,_source/articles/360030696012.json,_source/articles/360030696012.body.html,_source/rendered/360030696012.html,yes,integrations/Understanding-the-types-of-information-exchanged-between-Klaviyo-and-apps.md,yes,11142,publish,了解 Klaviyo 和应用程序之间交换的信息类型,https://dynamicycle.com/docs/articles-understanding-the-types-of-information-exchanged-between-klaviyo-and-apps/
360049626051,Understanding third-party apps,https://help.klaviyo.com/hc/en-us/articles/360049626051-Understanding-third-party-apps,integrations,49375437778587,All integrations,integrations/Understanding-third-party-apps-360049626051.md,_source/articles/360049626051.json,_source/articles/360049626051.body.html,_source/rendered/360049626051.html,yes,integrations/Understanding-third-party-apps.md,yes,10997,publish,了解第三方应用程序,https://dynamicycle.com/docs/articles-understanding-third-party-apps/
360037937891,Using BigCommerce Data in Flows,https://help.klaviyo.com/hc/en-us/articles/360037937891-Using-BigCommerce-Data-in-Flows,integrations,49375361359643,BigCommerce best practices,integrations/Using-BigCommerce-Data-in-Flows-360037937891.md,_source/articles/360037937891.json,_source/articles/360037937891.body.html,,yes,integrations/Using-BigCommerce-Data-in-Flows.md,yes,10903,publish,在流程中使用 BigCommerce 数据,https://dynamicycle.com/docs/articles-using-bigcommerce-data-in-flows/
115005083487,Volusion Troubleshooting,https://help.klaviyo.com/hc/en-us/articles/115005083487-Volusion-Troubleshooting,integrations,49375215615771,Volusion,integrations/Volusion-Troubleshooting-115005083487.md,_source/articles/115005083487.json,_source/articles/115005083487.body.html,,yes,integrations/Volusion-Troubleshooting.md,yes,11220,publish,体积故障排除,https://dynamicycle.com/docs/articles-volusion-troubleshooting/
6202715127579,Wix data reference,https://help.klaviyo.com/hc/en-us/articles/6202715127579-Wix-data-reference,integrations,49375976757403,Wix,integrations/Wix-data-reference-6202715127579.md,_source/articles/6202715127579.json,_source/articles/6202715127579.body.html,_source/rendered/6202715127579.html,yes,integrations/Wix-data-reference.md,yes,10883,publish,Wix数据参考,https://dynamicycle.com/docs/articles-wix-data-reference/
360030732832,WooCommerce data reference,https://help.klaviyo.com/hc/en-us/articles/360030732832-WooCommerce-data-reference,integrations,49375361959963,Getting started with WooCommerce,integrations/WooCommerce-data-reference-360030732832.md,_source/articles/360030732832.json,_source/articles/360030732832.body.html,_source/rendered/360030732832.html,yes,integrations/WooCommerce-data-reference.md,yes,11081,publish,WooCommerce 数据参考,https://dynamicycle.com/docs/articles-woocommerce-data-reference/
15752724401691,Zenoti data reference,https://help.klaviyo.com/hc/en-us/articles/15752724401691-Zenoti-data-reference,integrations,49375631549979,Zenoti,integrations/Zenoti-data-reference-15752724401691.md,_source/articles/15752724401691.json,_source/articles/15752724401691.body.html,_source/rendered/15752724401691.html,yes,integrations/Zenoti-data-reference.md,yes,10867,publish,Zenoti数据参考,https://dynamicycle.com/docs/articles-zenoti-data-reference/
34797085426331,About your review pipeline,https://help.klaviyo.com/hc/en-us/articles/34797085426331-About-your-review-pipeline,reviews,49375642273307,Getting started with reviews,reviews/About-your-review-pipeline-34797085426331.md,_source/articles/34797085426331.json,_source/articles/34797085426331.body.html,_source/rendered/34797085426331.html,yes,reviews/About-your-review-pipeline.md,yes,10375,upload_meta_only,关于您的审核渠道,
16685026123035,Best practices for collecting customer reviews,https://help.klaviyo.com/hc/en-us/articles/16685026123035-Best-practices-for-collecting-customer-reviews,reviews,49375667326491,Reviews best practices,reviews/Best-practices-for-collecting-customer-reviews-16685026123035.md,_source/articles/16685026123035.json,_source/articles/16685026123035.body.html,_source/rendered/16685026123035.html,yes,reviews/Best-practices-for-collecting-customer-reviews.md,yes,10530,upload_meta_only,收集客户评论的最佳实践,
15937542819355,Getting started with Klaviyo Reviews,https://help.klaviyo.com/hc/en-us/articles/15937542819355-Getting-started-with-Klaviyo-Reviews,reviews,49375642273307,Getting started with reviews,reviews/Getting-started-with-Klaviyo-Reviews-15937542819355.md,_source/articles/15937542819355.json,_source/articles/15937542819355.body.html,_source/rendered/15937542819355.html,yes,reviews/Getting-started-with-Klaviyo-Reviews.md,yes,10539,upload_meta_only,Klaviyo 评论入门,
22500017241883,How to add Klaviyo Reviews widgets to your mobile app using Tapcart,https://help.klaviyo.com/hc/en-us/articles/22500017241883-How-to-add-Klaviyo-Reviews-widgets-to-your-mobile-app-using-Tapcart,reviews,49375666744731,Build and use reviews,reviews/How-to-add-Klaviyo-Reviews-widgets-to-your-mobile-app-using-Tapcart-22500017241883.md,_source/articles/22500017241883.json,_source/articles/22500017241883.body.html,_source/rendered/22500017241883.html,yes,reviews/How-to-add-Klaviyo-Reviews-widgets-to-your-mobile-app-using-Tapcart.md,yes,10475,upload_meta_only,如何使用 Tapcart 将 Klaviyo Reviews 小部件添加到您的移动应用程序,
16682549669403,How to adjust review request timing,https://help.klaviyo.com/hc/en-us/articles/16682549669403-How-to-adjust-review-request-timing,reviews,49375666744731,Build and use reviews,reviews/How-to-adjust-review-request-timing-16682549669403.md,_source/articles/16682549669403.json,_source/articles/16682549669403.body.html,_source/rendered/16682549669403.html,yes,reviews/How-to-adjust-review-request-timing.md,yes,11178,publish,如何调整审核请求时间,https://dynamicycle.com/docs/articles-how-to-adjust-review-request-timing/
18224923535259,How to answer customer questions with Klaviyo Reviews,https://help.klaviyo.com/hc/en-us/articles/18224923535259-How-to-answer-customer-questions-with-Klaviyo-Reviews,reviews,49375667326491,Reviews best practices,reviews/How-to-answer-customer-questions-with-Klaviyo-Reviews-18224923535259.md,_source/articles/18224923535259.json,_source/articles/18224923535259.body.html,_source/rendered/18224923535259.html,yes,reviews/How-to-answer-customer-questions-with-Klaviyo-Reviews.md,yes,10512,upload_meta_only,如何通过 Klaviyo Reviews 回答客户问题,
25995019549979,How to choose a product ID variable for a dynamic review quote block,https://help.klaviyo.com/hc/en-us/articles/25995019549979-How-to-choose-a-product-ID-variable-for-a-dynamic-review-quote-block,reviews,49375666744731,Build and use reviews,reviews/How-to-choose-a-product-ID-variable-for-a-dynamic-review-quote-block-25995019549979.md,_source/articles/25995019549979.json,_source/articles/25995019549979.body.html,_source/rendered/25995019549979.html,yes,reviews/How-to-choose-a-product-ID-variable-for-a-dynamic-review-quote-block.md,yes,10440,upload_meta_only,如何为动态审核报价块选择产品 ID 变量,
25930166202651,How to collect reviews from past orders,https://help.klaviyo.com/hc/en-us/articles/25930166202651-How-to-collect-reviews-from-past-orders,reviews,49375642273307,Getting started with reviews,reviews/How-to-collect-reviews-from-past-orders-25930166202651.md,_source/articles/25930166202651.json,_source/articles/25930166202651.body.html,_source/rendered/25930166202651.html,yes,reviews/How-to-collect-reviews-from-past-orders.md,yes,10443,upload_meta_only,如何从过去的订单中收集评论,
27291102795547,"How to collect, import, and display store reviews",https://help.klaviyo.com/hc/en-us/articles/27291102795547-How-to-collect-import-and-display-store-reviews,reviews,49375642273307,Getting started with reviews,"reviews/How-to-collect,-import,-and-display-store-reviews-27291102795547.md",_source/articles/27291102795547.json,_source/articles/27291102795547.body.html,_source/rendered/27291102795547.html,yes,"reviews/How-to-collect,-import,-and-display-store-reviews.md",yes,10427,upload_meta_only,如何收集、导入和显示商店评论,
16680027976731,How to create a customer service ticket when you receive a negative review,https://help.klaviyo.com/hc/en-us/articles/16680027976731-How-to-create-a-customer-service-ticket-when-you-receive-a-negative-review,reviews,49375666744731,Build and use reviews,reviews/How-to-create-a-customer-service-ticket-when-you-receive-a-negative-review-16680027976731.md,_source/articles/16680027976731.json,_source/articles/16680027976731.body.html,_source/rendered/16680027976731.html,yes,reviews/How-to-create-a-customer-service-ticket-when-you-receive-a-negative-review.md,yes,11350,publish,收到负面评论时如何创建客户服务票,https://dynamicycle.com/docs/articles-how-to-create-a-customer-service-ticket-when-you-receive-a-negative-review/
16319181846171,How to create custom review questions,https://help.klaviyo.com/hc/en-us/articles/16319181846171-How-to-create-custom-review-questions,reviews,49375666744731,Build and use reviews,reviews/How-to-create-custom-review-questions-16319181846171.md,_source/articles/16319181846171.json,_source/articles/16319181846171.body.html,_source/rendered/16319181846171.html,yes,reviews/How-to-create-custom-review-questions.md,yes,10964,publish,如何创建自定义评论问题,https://dynamicycle.com/docs/articles-how-to-create-custom-review-questions/
16691401577883,How to customize review widgets,https://help.klaviyo.com/hc/en-us/articles/16691401577883-How-to-customize-review-widgets,reviews,49375666744731,Build and use reviews,reviews/How-to-customize-review-widgets-16691401577883.md,_source/articles/16691401577883.json,_source/articles/16691401577883.body.html,_source/rendered/16691401577883.html,yes,reviews/How-to-customize-review-widgets.md,yes,10862,publish,如何自定义评论小部件,https://dynamicycle.com/docs/articles-how-to-customize-review-widgets/
19481466872859,How to customize the review submission page,https://help.klaviyo.com/hc/en-us/articles/19481466872859-How-to-customize-the-review-submission-page,reviews,49375642273307,Getting started with reviews,reviews/How-to-customize-the-review-submission-page-19481466872859.md,_source/articles/19481466872859.json,_source/articles/19481466872859.body.html,_source/rendered/19481466872859.html,yes,reviews/How-to-customize-the-review-submission-page.md,yes,10497,upload_meta_only,如何自定义评论提交页面,
26652098724123,How to disclose reviewer incentives,https://help.klaviyo.com/hc/en-us/articles/26652098724123-How-to-disclose-reviewer-incentives,reviews,49375667326491,Reviews best practices,reviews/How-to-disclose-reviewer-incentives-26652098724123.md,_source/articles/26652098724123.json,_source/articles/26652098724123.body.html,_source/rendered/26652098724123.html,yes,reviews/How-to-disclose-reviewer-incentives.md,yes,10435,upload_meta_only,如何披露审稿人激励措施,
36632882293275,How to display a review quote to a sign-up form,https://help.klaviyo.com/hc/en-us/articles/36632882293275-How-to-display-a-review-quote-to-a-sign-up-form,reviews,49375666744731,Build and use reviews,reviews/How-to-display-a-review-quote-to-a-sign-up-form-36632882293275.md,_source/articles/36632882293275.json,_source/articles/36632882293275.body.html,_source/rendered/36632882293275.html,yes,reviews/How-to-display-a-review-quote-to-a-sign-up-form.md,yes,10355,upload_meta_only,如何在注册表单中显示评论报价,
24707161844507,How to enable and use rich snippets with Klaviyo Reviews,https://help.klaviyo.com/hc/en-us/articles/24707161844507-How-to-enable-and-use-rich-snippets-with-Klaviyo-Reviews,reviews,49375666744731,Build and use reviews,reviews/How-to-enable-and-use-rich-snippets-with-Klaviyo-Reviews-24707161844507.md,_source/articles/24707161844507.json,_source/articles/24707161844507.body.html,_source/rendered/24707161844507.html,yes,reviews/How-to-enable-and-use-rich-snippets-with-Klaviyo-Reviews.md,yes,10456,upload_meta_only,如何通过 Klaviyo Reviews 启用和使用丰富网页摘要,
16684841274139,"How to exclude products, orders, or customers from review requests",https://help.klaviyo.com/hc/en-us/articles/16684841274139-How-to-exclude-products-orders-or-customers-from-review-requests,reviews,49375666744731,Build and use reviews,"reviews/How-to-exclude-products,-orders,-or-customers-from-review-requests-16684841274139.md",_source/articles/16684841274139.json,_source/articles/16684841274139.body.html,_source/rendered/16684841274139.html,yes,"reviews/How-to-exclude-products,-orders,-or-customers-from-review-requests.md",yes,11121,publish,如何从审核请求中排除产品、订单或客户,https://dynamicycle.com/docs/articles-how-to-exclude-products-orders-or-customers-from-review-requests/
16680089934235,How to export Klaviyo Reviews data,https://help.klaviyo.com/hc/en-us/articles/16680089934235-How-to-export-Klaviyo-Reviews-data,reviews,49375666744731,Build and use reviews,reviews/How-to-export-Klaviyo-Reviews-data-16680089934235.md,_source/articles/16680089934235.json,_source/articles/16680089934235.body.html,_source/rendered/16680089934235.html,yes,reviews/How-to-export-Klaviyo-Reviews-data.md,yes,11318,publish,如何导出 Klaviyo 评论数据,https://dynamicycle.com/docs/articles-how-to-export-klaviyo-reviews-data/
18007373861915,How to feature reviews in emails with the review quote block,https://help.klaviyo.com/hc/en-us/articles/18007373861915-How-to-feature-reviews-in-emails-with-the-review-quote-block,reviews,49375666744731,Build and use reviews,reviews/How-to-feature-reviews-in-emails-with-the-review-quote-block-18007373861915.md,_source/articles/18007373861915.json,_source/articles/18007373861915.body.html,_source/rendered/18007373861915.html,yes,reviews/How-to-feature-reviews-in-emails-with-the-review-quote-block.md,yes,10514,upload_meta_only,如何使用评论引用块在电子邮件中添加评论,
16318811222555,How to import product reviews data from another platform,https://help.klaviyo.com/hc/en-us/articles/16318811222555-How-to-import-product-reviews-data-from-another-platform,reviews,49375642273307,Getting started with reviews,reviews/How-to-import-product-reviews-data-from-another-platform-16318811222555.md,_source/articles/16318811222555.json,_source/articles/16318811222555.body.html,_source/rendered/16318811222555.html,yes,reviews/How-to-import-product-reviews-data-from-another-platform.md,yes,11047,publish,如何从其他平台导入产品评论数据,https://dynamicycle.com/docs/articles-how-to-import-product-reviews-data-from-another-platform/
30346368376347,How to improve SEO with Klaviyo Reviews,https://help.klaviyo.com/hc/en-us/articles/30346368376347-How-to-improve-SEO-with-Klaviyo-Reviews,reviews,49375667326491,Reviews best practices,reviews/How-to-improve-SEO-with-Klaviyo-Reviews-30346368376347.md,_source/articles/30346368376347.json,_source/articles/30346368376347.body.html,_source/rendered/30346368376347.html,yes,reviews/How-to-improve-SEO-with-Klaviyo-Reviews.md,yes,10411,upload_meta_only,如何通过 Klaviyo 评论改进 SEO,
26922347702939,How to install Klaviyo Reviews for WooCommerce,https://help.klaviyo.com/hc/en-us/articles/26922347702939-How-to-install-Klaviyo-Reviews-for-WooCommerce,reviews,49375642273307,Getting started with reviews,reviews/How-to-install-Klaviyo-Reviews-for-WooCommerce-26922347702939.md,_source/articles/26922347702939.json,_source/articles/26922347702939.body.html,_source/rendered/26922347702939.html,yes,reviews/How-to-install-Klaviyo-Reviews-for-WooCommerce.md,yes,10431,upload_meta_only,如何安装 WooCommerce 的 Klaviyo 评论,
16318891028635,How to install Klaviyo Reviews on Shopify (vintage themes and headless),https://help.klaviyo.com/hc/en-us/articles/16318891028635-How-to-install-Klaviyo-Reviews-on-Shopify-vintage-themes-and-headless,reviews,49375642273307,Getting started with reviews,reviews/How-to-install-Klaviyo-Reviews-on-Shopify-(vintage-themes-and-headless)-16318891028635.md,_source/articles/16318891028635.json,_source/articles/16318891028635.body.html,_source/rendered/16318891028635.html,yes,reviews/How-to-install-Klaviyo-Reviews-on-Shopify-(vintage-themes-and-headless).md,yes,10965,publish,如何在 Shopify 上安装 Klaviyo Reviews（复古主题和无头）,https://dynamicycle.com/docs/articles-how-to-install-klaviyo-reviews-on-shopify-vintage-themes-and-headless/
16318951826331,How to install Klaviyo Reviews on Shopify 2.0 themes,https://help.klaviyo.com/hc/en-us/articles/16318951826331-How-to-install-Klaviyo-Reviews-on-Shopify-2-0-themes,reviews,49375642273307,Getting started with reviews,reviews/How-to-install-Klaviyo-Reviews-on-Shopify-2.0-themes-16318951826331.md,_source/articles/16318951826331.json,_source/articles/16318951826331.body.html,_source/rendered/16318951826331.html,yes,reviews/How-to-install-Klaviyo-Reviews-on-Shopify-2.0-themes.md,yes,10865,publish,如何在 Shopify 2.0 主题上安装 Klaviyo Reviews,https://dynamicycle.com/docs/articles-how-to-install-klaviyo-reviews-on-shopify-2-0-themes/
27631521070235,How to migrate from another reviews provider to Klaviyo,https://help.klaviyo.com/hc/en-us/articles/27631521070235-How-to-migrate-from-another-reviews-provider-to-Klaviyo,reviews,49375642273307,Getting started with reviews,reviews/How-to-migrate-from-another-reviews-provider-to-Klaviyo-27631521070235.md,_source/articles/27631521070235.json,_source/articles/27631521070235.body.html,_source/rendered/27631521070235.html,yes,reviews/How-to-migrate-from-another-reviews-provider-to-Klaviyo.md,yes,10424,upload_meta_only,如何从其他评论提供商迁移到 Klaviyo,
19351110471323,How to moderate reviews in Klaviyo,https://help.klaviyo.com/hc/en-us/articles/19351110471323-How-to-moderate-reviews-in-Klaviyo,reviews,49375667326491,Reviews best practices,reviews/How-to-moderate-reviews-in-Klaviyo-19351110471323.md,_source/articles/19351110471323.json,_source/articles/19351110471323.body.html,_source/rendered/19351110471323.html,yes,reviews/How-to-moderate-reviews-in-Klaviyo.md,yes,10502,upload_meta_only,如何在 Klaviyo 中审核评论,
16319809379611,How to request reviews from your customers with Klaviyo Reviews flows,https://help.klaviyo.com/hc/en-us/articles/16319809379611-How-to-request-reviews-from-your-customers-with-Klaviyo-Reviews-flows,reviews,49375666744731,Build and use reviews,reviews/How-to-request-reviews-from-your-customers-with-Klaviyo-Reviews-flows-16319809379611.md,_source/articles/16319809379611.json,_source/articles/16319809379611.body.html,_source/rendered/16319809379611.html,yes,reviews/How-to-request-reviews-from-your-customers-with-Klaviyo-Reviews-flows.md,yes,10535,upload_meta_only,如何使用 Klaviyo 评论流程向客户请求评论,
20817781267739,How to respond to customer reviews,https://help.klaviyo.com/hc/en-us/articles/20817781267739-How-to-respond-to-customer-reviews,reviews,49375642273307,Getting started with reviews,reviews/How-to-respond-to-customer-reviews-20817781267739.md,_source/articles/20817781267739.json,_source/articles/20817781267739.body.html,_source/rendered/20817781267739.html,yes,reviews/How-to-respond-to-customer-reviews.md,yes,10487,upload_meta_only,如何回复客户评论,
33457413742235,How to set up multi-store syndication for reviews,https://help.klaviyo.com/hc/en-us/articles/33457413742235-How-to-set-up-multi-store-syndication-for-reviews,reviews,49375666744731,Build and use reviews,reviews/How-to-set-up-multi-store-syndication-for-reviews-33457413742235.md,_source/articles/33457413742235.json,_source/articles/33457413742235.body.html,_source/rendered/33457413742235.html,yes,reviews/How-to-set-up-multi-store-syndication-for-reviews.md,yes,10391,upload_meta_only,如何设置多商店联合评论,
16691200391579,How to share reviews across multiple products,https://help.klaviyo.com/hc/en-us/articles/16691200391579-How-to-share-reviews-across-multiple-products,reviews,49375666744731,Build and use reviews,reviews/How-to-share-reviews-across-multiple-products-16691200391579.md,_source/articles/16691200391579.json,_source/articles/16691200391579.body.html,_source/rendered/16691200391579.html,yes,reviews/How-to-share-reviews-across-multiple-products.md,yes,11046,publish,如何在多个产品之间共享评论,https://dynamicycle.com/docs/articles-how-to-share-reviews-across-multiple-products/
32781276130075,How to show product ratings in emails with a product block,https://help.klaviyo.com/hc/en-us/articles/32781276130075-How-to-show-product-ratings-in-emails-with-a-product-block,reviews,49375666744731,Build and use reviews,reviews/How-to-show-product-ratings-in-emails-with-a-product-block-32781276130075.md,_source/articles/32781276130075.json,_source/articles/32781276130075.body.html,_source/rendered/32781276130075.html,yes,reviews/How-to-show-product-ratings-in-emails-with-a-product-block.md,yes,10396,upload_meta_only,如何在带有产品块的电子邮件中显示产品评级,
32612642305691,How to sync reviews between Shop and Klaviyo,https://help.klaviyo.com/hc/en-us/articles/32612642305691-How-to-sync-reviews-between-Shop-and-Klaviyo,reviews,49375666744731,Build and use reviews,reviews/How-to-sync-reviews-between-Shop-and-Klaviyo-32612642305691.md,_source/articles/32612642305691.json,_source/articles/32612642305691.body.html,_source/rendered/32612642305691.html,yes,reviews/How-to-sync-reviews-between-Shop-and-Klaviyo.md,yes,10399,upload_meta_only,如何在 Shop 和 Klaviyo 之间同步评论,
16681460907035,How to sync reviews to Google Shopping,https://help.klaviyo.com/hc/en-us/articles/16681460907035-How-to-sync-reviews-to-Google-Shopping,reviews,49375666744731,Build and use reviews,reviews/How-to-sync-reviews-to-Google-Shopping-16681460907035.md,_source/articles/16681460907035.json,_source/articles/16681460907035.body.html,_source/rendered/16681460907035.html,yes,reviews/How-to-sync-reviews-to-Google-Shopping.md,yes,11281,publish,如何将评论同步到 Google 购物,https://dynamicycle.com/docs/articles-how-to-sync-reviews-to-google-shopping/
36974041824795,How to sync reviews to Meta Shops,https://help.klaviyo.com/hc/en-us/articles/36974041824795-How-to-sync-reviews-to-Meta-Shops,reviews,49375666744731,Build and use reviews,reviews/How-to-sync-reviews-to-Meta-Shops-36974041824795.md,_source/articles/36974041824795.json,_source/articles/36974041824795.body.html,_source/rendered/36974041824795.html,yes,reviews/How-to-sync-reviews-to-Meta-Shops.md,yes,10354,upload_meta_only,如何将评论同步到元商店,
28114865573915,How to use a campaign to request reviews,https://help.klaviyo.com/hc/en-us/articles/28114865573915-How-to-use-a-campaign-to-request-reviews,reviews,49375666744731,Build and use reviews,reviews/How-to-use-a-campaign-to-request-reviews-28114865573915.md,_source/articles/28114865573915.json,_source/articles/28114865573915.body.html,_source/rendered/28114865573915.html,yes,reviews/How-to-use-a-campaign-to-request-reviews.md,yes,10422,upload_meta_only,如何使用活动来请求评论,
22192640532507,How to use custom CSS to style Klaviyo Reviews widgets,https://help.klaviyo.com/hc/en-us/articles/22192640532507-How-to-use-custom-CSS-to-style-Klaviyo-Reviews-widgets,reviews,49375666744731,Build and use reviews,reviews/How-to-use-custom-CSS-to-style-Klaviyo-Reviews-widgets-22192640532507.md,_source/articles/22192640532507.json,_source/articles/22192640532507.body.html,_source/rendered/22192640532507.html,yes,reviews/How-to-use-custom-CSS-to-style-Klaviyo-Reviews-widgets.md,yes,10478,upload_meta_only,如何使用自定义 CSS 设计 Klaviyo Reviews 小部件的样式,
28307942477211,How to use in-email review collection,https://help.klaviyo.com/hc/en-us/articles/28307942477211-How-to-use-in-email-review-collection,reviews,49375666744731,Build and use reviews,reviews/How-to-use-in-email-review-collection-28307942477211.md,_source/articles/28307942477211.json,_source/articles/28307942477211.body.html,_source/rendered/28307942477211.html,no,,no,,not_uploaded,,
16691649553179,Klaviyo Reviews data reference,https://help.klaviyo.com/hc/en-us/articles/16691649553179-Klaviyo-Reviews-data-reference,reviews,49375667326491,Reviews best practices,reviews/Klaviyo-Reviews-data-reference-16691649553179.md,_source/articles/16691649553179.json,_source/articles/16691649553179.body.html,_source/rendered/16691649553179.html,yes,reviews/Klaviyo-Reviews-data-reference.md,yes,10861,publish,Klaviyo评论数据参考,https://dynamicycle.com/docs/articles-klaviyo-reviews-data-reference/
23730830399515,Klaviyo Reviews metafields for Shopify reference,https://help.klaviyo.com/hc/en-us/articles/23730830399515-Klaviyo-Reviews-metafields-for-Shopify-reference,reviews,49375666744731,Build and use reviews,reviews/Klaviyo-Reviews-metafields-for-Shopify-reference-23730830399515.md,_source/articles/23730830399515.json,_source/articles/23730830399515.body.html,_source/rendered/23730830399515.html,yes,reviews/Klaviyo-Reviews-metafields-for-Shopify-reference.md,yes,10465,upload_meta_only,Klaviyo 评论元字段供 Shopify 参考,
28858764961947,Understanding Klaviyo Reviews language and translation settings,https://help.klaviyo.com/hc/en-us/articles/28858764961947-Understanding-Klaviyo-Reviews-language-and-translation-settings,reviews,49375666744731,Build and use reviews,reviews/Understanding-Klaviyo-Reviews-language-and-translation-settings-28858764961947.md,_source/articles/28858764961947.json,_source/articles/28858764961947.body.html,_source/rendered/28858764961947.html,yes,reviews/Understanding-Klaviyo-Reviews-language-and-translation-settings.md,yes,10418,upload_meta_only,了解 Klaviyo 评论语言和翻译设置,
16681935355163,Understanding how Klaviyo prioritizes review requests,https://help.klaviyo.com/hc/en-us/articles/16681935355163-Understanding-how-Klaviyo-prioritizes-review-requests,reviews,49375666744731,Build and use reviews,reviews/Understanding-how-Klaviyo-prioritizes-review-requests-16681935355163.md,_source/articles/16681935355163.json,_source/articles/16681935355163.body.html,_source/rendered/16681935355163.html,yes,reviews/Understanding-how-Klaviyo-prioritizes-review-requests.md,yes,11239,publish,了解 Klaviyo 如何确定审核请求的优先级,https://dynamicycle.com/docs/articles-understanding-how-klaviyo-prioritizes-review-requests/
29581568550299,Understanding how reviews sentiment trends are calculated,https://help.klaviyo.com/hc/en-us/articles/29581568550299-Understanding-how-reviews-sentiment-trends-are-calculated,reviews,49375667326491,Reviews best practices,reviews/Understanding-how-reviews-sentiment-trends-are-calculated-29581568550299.md,_source/articles/29581568550299.json,_source/articles/29581568550299.body.html,_source/rendered/29581568550299.html,yes,reviews/Understanding-how-reviews-sentiment-trends-are-calculated.md,yes,10416,upload_meta_only,了解如何计算评论情绪趋势,
19351146253211,Understanding review statuses and types,https://help.klaviyo.com/hc/en-us/articles/19351146253211-Understanding-review-statuses-and-types,reviews,49375666744731,Build and use reviews,reviews/Understanding-review-statuses-and-types-19351146253211.md,_source/articles/19351146253211.json,_source/articles/19351146253211.body.html,_source/rendered/19351146253211.html,yes,reviews/Understanding-review-statuses-and-types.md,yes,10501,upload_meta_only,了解审核状态和类型,
22567673911707,Understanding reviews performance,https://help.klaviyo.com/hc/en-us/articles/22567673911707-Understanding-reviews-performance,reviews,49375642273307,Getting started with reviews,reviews/Understanding-reviews-performance-22567673911707.md,_source/articles/22567673911707.json,_source/articles/22567673911707.body.html,_source/rendered/22567673911707.html,yes,reviews/Understanding-reviews-performance.md,yes,10472,upload_meta_only,了解评论绩效,
27520212104219,Understanding variant support for reviews,https://help.klaviyo.com/hc/en-us/articles/27520212104219-Understanding-variant-support-for-reviews,reviews,49375666744731,Build and use reviews,reviews/Understanding-variant-support-for-reviews-27520212104219.md,_source/articles/27520212104219.json,_source/articles/27520212104219.body.html,_source/rendered/27520212104219.html,yes,reviews/Understanding-variant-support-for-reviews.md,yes,10425,upload_meta_only,了解评论的变体支持,
39660013728027,Amped.io form migration reference,https://help.klaviyo.com/hc/en-us/articles/39660013728027-Amped-io-form-migration-reference,sign-up-forms,49375878705179,Build and use forms,sign-up-forms/Amped.io-form-migration-reference-39660013728027.md,_source/articles/39660013728027.json,_source/articles/39660013728027.body.html,_source/rendered/39660013728027.html,yes,sign-up-forms/Amped.io-form-migration-reference.md,yes,11447,publish,Amped.io 表单迁移参考,https://dynamicycle.com/docs/articles-amped-io-form-migration-reference/
15763867466395,Basics: mobile form design,https://help.klaviyo.com/hc/en-us/articles/15763867466395-Basics-mobile-form-design,sign-up-forms,49375864160923,Getting started with sign-up forms,sign-up-forms/Basics-mobile-form-design-15763867466395.md,_source/articles/15763867466395.json,_source/articles/15763867466395.body.html,_source/rendered/15763867466395.html,yes,sign-up-forms/Basics-mobile-form-design.md,yes,11048,publish,基础知识：移动表单设计,https://dynamicycle.com/docs/articles-basics-mobile-form-design/
45373923808155,Getting started with Landing Pages,https://help.klaviyo.com/hc/en-us/articles/45373923808155-Getting-started-with-Landing-Pages,sign-up-forms,49375864160923,Getting started with sign-up forms,sign-up-forms/Getting-started-with-Landing-Pages-45373923808155.md,_source/articles/45373923808155.json,_source/articles/45373923808155.body.html,_source/rendered/45373923808155.html,yes,sign-up-forms/Getting-started-with-Landing-Pages.md,yes,10941,publish,登陆页面入门,https://dynamicycle.com/docs/articles-getting-started-with-landing-pages/
115005251848,Getting started with consent pages,https://help.klaviyo.com/hc/en-us/articles/115005251848-Getting-started-with-consent-pages,sign-up-forms,49375627555995,Getting started with consent pages,sign-up-forms/Getting-started-with-consent-pages-115005251848.md,_source/articles/115005251848.json,_source/articles/115005251848.body.html,_source/rendered/115005251848.html,yes,sign-up-forms/Getting-started-with-consent-pages.md,yes,10817,publish,同意页面入门,https://dynamicycle.com/docs/articles-getting-started-with-consent-pages/
360026474752,Getting started with sign-up forms,https://help.klaviyo.com/hc/en-us/articles/360026474752-Getting-started-with-sign-up-forms,sign-up-forms,14560094570651,Forms,sign-up-forms/Getting-started-with-sign-up-forms-360026474752.md,_source/articles/360026474752.json,_source/articles/360026474752.body.html,_source/rendered/360026474752.html,yes,sign-up-forms/Getting-started-with-sign-up-forms.md,yes,10907,publish,开始使用注册表单,https://dynamicycle.com/docs/articles-getting-started-with-sign-up-forms/
360045462071,How to A/B test a sign-up form,https://help.klaviyo.com/hc/en-us/articles/360045462071-How-to-A-B-test-a-sign-up-form,sign-up-forms,49375609354139,Test forms,sign-up-forms/How-to-AB-test-a-sign-up-form-360045462071.md,_source/articles/360045462071.json,_source/articles/360045462071.body.html,_source/rendered/360045462071.html,yes,sign-up-forms/How-to-AB-test-a-sign-up-form.md,yes,11075,publish,如何对注册表单进行 A/B 测试,https://dynamicycle.com/docs/articles-how-to-a-b-test-a-sign-up-form/
360058920872,How to A/B test offers using sign-up forms,https://help.klaviyo.com/hc/en-us/articles/360058920872-How-to-A-B-test-offers-using-sign-up-forms,sign-up-forms,49375609354139,Test forms,sign-up-forms/How-to-AB-test-offers-using-sign-up-forms-360058920872.md,_source/articles/360058920872.json,_source/articles/360058920872.body.html,_source/rendered/360058920872.html,yes,sign-up-forms/How-to-AB-test-offers-using-sign-up-forms.md,yes,11377,publish,如何使用注册表单对优惠进行 A/B 测试,https://dynamicycle.com/docs/articles-how-to-a-b-test-offers-using-sign-up-forms/
11206946148891,How to add a countdown timer to a sign-up form,https://help.klaviyo.com/hc/en-us/articles/11206946148891-How-to-add-a-countdown-timer-to-a-sign-up-form,sign-up-forms,49375615840539,Form best practices,sign-up-forms/How-to-add-a-countdown-timer-to-a-sign-up-form-11206946148891.md,_source/articles/11206946148891.json,_source/articles/11206946148891.body.html,_source/rendered/11206946148891.html,no,,no,,not_uploaded,,
4411540984859,How to add a form teaser,https://help.klaviyo.com/hc/en-us/articles/4411540984859-How-to-add-a-form-teaser,sign-up-forms,49375878705179,Build and use forms,sign-up-forms/How-to-add-a-form-teaser-4411540984859.md,_source/articles/4411540984859.json,_source/articles/4411540984859.body.html,_source/rendered/4411540984859.html,yes,sign-up-forms/How-to-add-a-form-teaser.md,yes,11323,publish,如何添加表单预告片,https://dynamicycle.com/docs/articles-how-to-add-a-form-teaser/
4404257318043,How to add side images in sign-up forms,https://help.klaviyo.com/hc/en-us/articles/4404257318043-How-to-add-side-images-in-sign-up-forms,sign-up-forms,49375878705179,Build and use forms,sign-up-forms/How-to-add-side-images-in-sign-up-forms-4404257318043.md,_source/articles/4404257318043.json,_source/articles/4404257318043.body.html,_source/rendered/4404257318043.html,yes,sign-up-forms/How-to-add-side-images-in-sign-up-forms.md,yes,11354,publish,如何在注册表单中添加侧面图像,https://dynamicycle.com/docs/articles-how-to-add-side-images-in-sign-up-forms/
115005077027,How to configure Google Analytics event tracking for a sign-up form,https://help.klaviyo.com/hc/en-us/articles/115005077027-How-to-configure-Google-Analytics-event-tracking-for-a-sign-up-form,sign-up-forms,49375878705179,Build and use forms,sign-up-forms/How-to-configure-Google-Analytics-event-tracking-for-a-sign-up-form-115005077027.md,_source/articles/115005077027.json,_source/articles/115005077027.body.html,_source/rendered/115005077027.html,yes,sign-up-forms/How-to-configure-Google-Analytics-event-tracking-for-a-sign-up-form.md,yes,11313,publish,如何为注册表单配置 Google Analytics 事件跟踪,https://dynamicycle.com/docs/articles-how-to-configure-google-analytics-event-tracking-for-a-sign-up-form/
14980194112411,How to create ADA-friendly sign-up forms,https://help.klaviyo.com/hc/en-us/articles/14980194112411-How-to-create-ADA-friendly-sign-up-forms,sign-up-forms,49375615840539,Form best practices,sign-up-forms/How-to-create-ADA-friendly-sign-up-forms-14980194112411.md,_source/articles/14980194112411.json,_source/articles/14980194112411.body.html,_source/rendered/14980194112411.html,yes,sign-up-forms/How-to-create-ADA-friendly-sign-up-forms.md,yes,10551,upload_meta_only,如何创建 ADA 友好的注册表单,
4404213604251,How to create a multi-step form,https://help.klaviyo.com/hc/en-us/articles/4404213604251-How-to-create-a-multi-step-form,sign-up-forms,49375615840539,Form best practices,sign-up-forms/How-to-create-a-multi-step-form-4404213604251.md,_source/articles/4404213604251.json,_source/articles/4404213604251.body.html,_source/rendered/4404213604251.html,yes,sign-up-forms/How-to-create-a-multi-step-form.md,yes,10989,publish,如何创建多步骤表单,https://dynamicycle.com/docs/articles-how-to-create-a-multi-step-form/
34614633330075,How to create a spin-to-win sign-up form,https://help.klaviyo.com/hc/en-us/articles/34614633330075-How-to-create-a-spin-to-win-sign-up-form,sign-up-forms,49375878705179,Build and use forms,sign-up-forms/How-to-create-a-spin-to-win-sign-up-form-34614633330075.md,_source/articles/34614633330075.json,_source/articles/34614633330075.body.html,_source/rendered/34614633330075.html,yes,sign-up-forms/How-to-create-a-spin-to-win-sign-up-form.md,yes,10838,publish,如何创建旋转获胜注册表单,https://dynamicycle.com/docs/articles-how-to-create-a-spin-to-win-sign-up-form/
115005077067,How to custom code consent pages,https://help.klaviyo.com/hc/en-us/articles/115005077067-How-to-custom-code-consent-pages,sign-up-forms,49375627555995,Getting started with consent pages,sign-up-forms/How-to-custom-code-consent-pages-115005077067.md,_source/articles/115005077067.json,_source/articles/115005077067.body.html,_source/rendered/115005077067.html,no,,no,,not_uploaded,,
115005079627,How to customize a list's unsubscribe page,https://help.klaviyo.com/hc/en-us/articles/115005079627-How-to-customize-a-list-s-unsubscribe-page,sign-up-forms,49375628760219,Unsubscribe pages,sign-up-forms/How-to-customize-a-list's-unsubscribe-page-115005079627.md,_source/articles/115005079627.json,_source/articles/115005079627.body.html,_source/rendered/115005079627.html,yes,sign-up-forms/How-to-customize-a-list's-unsubscribe-page.md,yes,10935,publish,如何自定义列表的取消订阅页面,https://dynamicycle.com/docs/articles-how-to-customize-a-list-s-unsubscribe-page/
4414658305691,How to edit images in the sign-up form editor,https://help.klaviyo.com/hc/en-us/articles/4414658305691-How-to-edit-images-in-the-sign-up-form-editor,sign-up-forms,49375878705179,Build and use forms,sign-up-forms/How-to-edit-images-in-the-sign-up-form-editor-4414658305691.md,_source/articles/4414658305691.json,_source/articles/4414658305691.body.html,_source/rendered/4414658305691.html,yes,sign-up-forms/How-to-edit-images-in-the-sign-up-form-editor.md,yes,11410,publish,如何在注册表单编辑器中编辑图像,https://dynamicycle.com/docs/articles-how-to-edit-images-in-the-sign-up-form-editor/
360006897412,How to embed a sign-up form on your website,https://help.klaviyo.com/hc/en-us/articles/360006897412-How-to-embed-a-sign-up-form-on-your-website,sign-up-forms,49375878705179,Build and use forms,sign-up-forms/How-to-embed-a-sign-up-form-on-your-website-360006897412.md,_source/articles/360006897412.json,_source/articles/360006897412.body.html,_source/rendered/360006897412.html,yes,sign-up-forms/How-to-embed-a-sign-up-form-on-your-website.md,yes,11380,publish,如何在您的网站上嵌入注册表单,https://dynamicycle.com/docs/articles-how-to-embed-a-sign-up-form-on-your-website/
360047999812,How to host a custom font on your site,https://help.klaviyo.com/hc/en-us/articles/360047999812-How-to-host-a-custom-font-on-your-site,sign-up-forms,49375615840539,Form best practices,sign-up-forms/How-to-host-a-custom-font-on-your-site-360047999812.md,_source/articles/360047999812.json,_source/articles/360047999812.body.html,_source/rendered/360047999812.html,yes,sign-up-forms/How-to-host-a-custom-font-on-your-site.md,yes,11413,publish,如何在您的网站上托管自定义字体,https://dynamicycle.com/docs/articles-how-to-host-a-custom-font-on-your-site/
26855536897691,How to localize sign-up forms for multiple regional domains,https://help.klaviyo.com/hc/en-us/articles/26855536897691-How-to-localize-sign-up-forms-for-multiple-regional-domains,sign-up-forms,49375615840539,Form best practices,sign-up-forms/How-to-localize-sign-up-forms-for-multiple-regional-domains-26855536897691.md,_source/articles/26855536897691.json,_source/articles/26855536897691.body.html,_source/rendered/26855536897691.html,yes,sign-up-forms/How-to-localize-sign-up-forms-for-multiple-regional-domains.md,yes,10433,upload_meta_only,如何本地化多个区域的注册表单,
360002049952,How to manage your sign-up forms,https://help.klaviyo.com/hc/en-us/articles/360002049952-How-to-manage-your-sign-up-forms,sign-up-forms,49375864160923,Getting started with sign-up forms,sign-up-forms/How-to-manage-your-sign-up-forms-360002049952.md,_source/articles/360002049952.json,_source/articles/360002049952.body.html,_source/rendered/360002049952.html,yes,sign-up-forms/How-to-manage-your-sign-up-forms.md,yes,11300,publish,如何管理您的注册表单,https://dynamicycle.com/docs/articles-how-to-manage-your-sign-up-forms/
21404829361691,How to optimize a sign-up form's display settings,https://help.klaviyo.com/hc/en-us/articles/21404829361691-How-to-optimize-a-sign-up-form-s-display-settings,sign-up-forms,49375609354139,Test forms,sign-up-forms/How-to-optimize-a-sign-up-form's-display-settings-21404829361691.md,_source/articles/21404829361691.json,_source/articles/21404829361691.body.html,_source/rendered/21404829361691.html,yes,sign-up-forms/How-to-optimize-a-sign-up-form's-display-settings.md,yes,10483,upload_meta_only,如何优化注册表单的显示设置,
4406161800987,How to optimize popup and flyout forms for mobile,https://help.klaviyo.com/hc/en-us/articles/4406161800987-How-to-optimize-popup-and-flyout-forms-for-mobile,sign-up-forms,49375615840539,Form best practices,sign-up-forms/How-to-optimize-popup-and-flyout-forms-for-mobile-4406161800987.md,_source/articles/4406161800987.json,_source/articles/4406161800987.body.html,_source/rendered/4406161800987.html,yes,sign-up-forms/How-to-optimize-popup-and-flyout-forms-for-mobile.md,yes,11428,publish,如何优化移动设备的弹出和弹出表单,https://dynamicycle.com/docs/articles-how-to-optimize-popup-and-flyout-forms-for-mobile/
19788320859419,How to prevent multiple sign-up forms from displaying at once,https://help.klaviyo.com/hc/en-us/articles/19788320859419-How-to-prevent-multiple-sign-up-forms-from-displaying-at-once,sign-up-forms,49375615840539,Form best practices,sign-up-forms/How-to-prevent-multiple-sign-up-forms-from-displaying-at-once-19788320859419.md,_source/articles/19788320859419.json,_source/articles/19788320859419.body.html,_source/rendered/19788320859419.html,yes,sign-up-forms/How-to-prevent-multiple-sign-up-forms-from-displaying-at-once.md,yes,10494,upload_meta_only,如何防止同时显示多个注册表单,
115000798472,How to run a contest or giveaway using subscribe pages,https://help.klaviyo.com/hc/en-us/articles/115000798472-How-to-run-a-contest-or-giveaway-using-subscribe-pages,sign-up-forms,49375628202779,Subscribe pages,sign-up-forms/How-to-run-a-contest-or-giveaway-using-subscribe-pages-115000798472.md,_source/articles/115000798472.json,_source/articles/115000798472.body.html,_source/rendered/115000798472.html,yes,sign-up-forms/How-to-run-a-contest-or-giveaway-using-subscribe-pages.md,yes,10922,publish,如何使用订阅页面举办竞赛或赠品,https://dynamicycle.com/docs/articles-how-to-run-a-contest-or-giveaway-using-subscribe-pages/
10391017061019,How to schedule a sign-up form,https://help.klaviyo.com/hc/en-us/articles/10391017061019-How-to-schedule-a-sign-up-form,sign-up-forms,49375878705179,Build and use forms,sign-up-forms/How-to-schedule-a-sign-up-form-10391017061019.md,_source/articles/10391017061019.json,_source/articles/10391017061019.body.html,_source/rendered/10391017061019.html,yes,sign-up-forms/How-to-schedule-a-sign-up-form.md,yes,11241,publish,如何安排注册表单,https://dynamicycle.com/docs/articles-how-to-schedule-a-sign-up-form/
38767539287323,How to set up a back in stock form,https://help.klaviyo.com/hc/en-us/articles/38767539287323-How-to-set-up-a-back-in-stock-form,sign-up-forms,49375878705179,Build and use forms,sign-up-forms/How-to-set-up-a-back-in-stock-form-38767539287323.md,_source/articles/38767539287323.json,_source/articles/38767539287323.body.html,_source/rendered/38767539287323.html,yes,sign-up-forms/How-to-set-up-a-back-in-stock-form.md,yes,10345,upload_meta_only,如何设置库存形式的背面,
17292871409947,How to set up lead capture with Shop on a sign-up form,https://help.klaviyo.com/hc/en-us/articles/17292871409947-How-to-set-up-lead-capture-with-Shop-on-a-sign-up-form,sign-up-forms,49375878705179,Build and use forms,sign-up-forms/How-to-set-up-lead-capture-with-Shop-on-a-sign-up-form-17292871409947.md,_source/articles/17292871409947.json,_source/articles/17292871409947.body.html,_source/rendered/17292871409947.html,yes,sign-up-forms/How-to-set-up-lead-capture-with-Shop-on-a-sign-up-form.md,yes,11120,publish,如何在注册表单上通过 Shop 设置潜在客户捕获,https://dynamicycle.com/docs/articles-how-to-set-up-lead-capture-with-shop-on-a-sign-up-form/
360049498631,How to translate consent pages into different languages,https://help.klaviyo.com/hc/en-us/articles/360049498631-How-to-translate-consent-pages-into-different-languages,sign-up-forms,49375628202779,Subscribe pages,sign-up-forms/How-to-translate-consent-pages-into-different-languages-360049498631.md,_source/articles/360049498631.json,_source/articles/360049498631.body.html,_source/rendered/360049498631.html,yes,sign-up-forms/How-to-translate-consent-pages-into-different-languages.md,yes,10998,publish,如何将同意页面翻译成不同语言,https://dynamicycle.com/docs/articles-how-to-translate-consent-pages-into-different-languages/
22173812171291,How to trigger a sign-up form to appear based on cart contents,https://help.klaviyo.com/hc/en-us/articles/22173812171291-How-to-trigger-a-sign-up-form-to-appear-based-on-cart-contents,sign-up-forms,49375878705179,Build and use forms,sign-up-forms/How-to-trigger-a-sign-up-form-to-appear-based-on-cart-contents-22173812171291.md,_source/articles/22173812171291.json,_source/articles/22173812171291.body.html,_source/rendered/22173812171291.html,yes,sign-up-forms/How-to-trigger-a-sign-up-form-to-appear-based-on-cart-contents.md,yes,11038,publish,如何根据购物车内容触发注册表单的显示,https://dynamicycle.com/docs/articles-how-to-trigger-a-sign-up-form-to-appear-based-on-cart-contents/
4418052317339,How to trigger a sign-up form to appear when a button is clicked,https://help.klaviyo.com/hc/en-us/articles/4418052317339-How-to-trigger-a-sign-up-form-to-appear-when-a-button-is-clicked,sign-up-forms,49375615840539,Form best practices,sign-up-forms/How-to-trigger-a-sign-up-form-to-appear-when-a-button-is-clicked-4418052317339.md,_source/articles/4418052317339.json,_source/articles/4418052317339.body.html,_source/rendered/4418052317339.html,yes,sign-up-forms/How-to-trigger-a-sign-up-form-to-appear-when-a-button-is-clicked.md,yes,11322,publish,单击按钮时如何触发注册表单出现,https://dynamicycle.com/docs/articles-how-to-trigger-a-sign-up-form-to-appear-when-a-button-is-clicked/
7417723679387,How to use a full page sign-up form as a landing page,https://help.klaviyo.com/hc/en-us/articles/7417723679387-How-to-use-a-full-page-sign-up-form-as-a-landing-page,sign-up-forms,49375615840539,Form best practices,sign-up-forms/How-to-use-a-full-page-sign-up-form-as-a-landing-page-7417723679387.md,_source/articles/7417723679387.json,_source/articles/7417723679387.body.html,_source/rendered/7417723679387.html,yes,sign-up-forms/How-to-use-a-full-page-sign-up-form-as-a-landing-page.md,yes,11287,publish,如何使用整页注册表单作为登陆页面,https://dynamicycle.com/docs/articles-how-to-use-a-full-page-sign-up-form-as-a-landing-page/
115005251988,How to use a subscribe page on your website,https://help.klaviyo.com/hc/en-us/articles/115005251988-How-to-use-a-subscribe-page-on-your-website,sign-up-forms,49375628202779,Subscribe pages,sign-up-forms/How-to-use-a-subscribe-page-on-your-website-115005251988.md,_source/articles/115005251988.json,_source/articles/115005251988.body.html,_source/rendered/115005251988.html,yes,sign-up-forms/How-to-use-a-subscribe-page-on-your-website.md,yes,10816,publish,如何使用您网站上的订阅页面,https://dynamicycle.com/docs/articles-how-to-use-a-subscribe-page-on-your-website/
360047955672,How to use custom fonts in sign-up forms,https://help.klaviyo.com/hc/en-us/articles/360047955672-How-to-use-custom-fonts-in-sign-up-forms,sign-up-forms,49375878705179,Build and use forms,sign-up-forms/How-to-use-custom-fonts-in-sign-up-forms-360047955672.md,_source/articles/360047955672.json,_source/articles/360047955672.body.html,_source/rendered/360047955672.html,yes,sign-up-forms/How-to-use-custom-fonts-in-sign-up-forms.md,yes,11436,publish,如何在注册表单中使用自定义字体,https://dynamicycle.com/docs/articles-how-to-use-custom-fonts-in-sign-up-forms/
11286232753051,How to use dynamic blocks in forms,https://help.klaviyo.com/hc/en-us/articles/11286232753051-How-to-use-dynamic-blocks-in-forms,sign-up-forms,49375615840539,Form best practices,sign-up-forms/How-to-use-dynamic-blocks-in-forms-11286232753051.md,_source/articles/11286232753051.json,_source/articles/11286232753051.body.html,_source/rendered/11286232753051.html,yes,sign-up-forms/How-to-use-dynamic-blocks-in-forms.md,yes,10564,upload_meta_only,如何在表单中使用动态块,
34456643120411,How to use go-to-inbox buttons in forms,https://help.klaviyo.com/hc/en-us/articles/34456643120411-How-to-use-go-to-inbox-buttons-in-forms,sign-up-forms,49375615840539,Form best practices,sign-up-forms/How-to-use-go-to-inbox-buttons-in-forms-34456643120411.md,_source/articles/34456643120411.json,_source/articles/34456643120411.body.html,_source/rendered/34456643120411.html,yes,sign-up-forms/How-to-use-go-to-inbox-buttons-in-forms.md,yes,10379,upload_meta_only,如何在表单中使用“转到收件箱”按钮,
360034336572,How to use sign-up forms to offer tiered discounts,https://help.klaviyo.com/hc/en-us/articles/360034336572-How-to-use-sign-up-forms-to-offer-tiered-discounts,sign-up-forms,49375615840539,Form best practices,sign-up-forms/How-to-use-sign-up-forms-to-offer-tiered-discounts-360034336572.md,_source/articles/360034336572.json,_source/articles/360034336572.body.html,_source/rendered/360034336572.html,yes,sign-up-forms/How-to-use-sign-up-forms-to-offer-tiered-discounts.md,yes,11444,publish,如何使用注册表单提供分级折扣,https://dynamicycle.com/docs/articles-how-to-use-sign-up-forms-to-offer-tiered-discounts/
4410660200859,How to use the out of stock sign-up form,https://help.klaviyo.com/hc/en-us/articles/4410660200859-How-to-use-the-out-of-stock-sign-up-form,sign-up-forms,49375615840539,Form best practices,sign-up-forms/How-to-use-the-out-of-stock-sign-up-form-4410660200859.md,_source/articles/4410660200859.json,_source/articles/4410660200859.body.html,,yes,sign-up-forms/How-to-use-the-out-of-stock-sign-up-form.md,yes,11421,publish,如何使用缺货注册表单,https://dynamicycle.com/docs/articles-how-to-use-the-out-of-stock-sign-up-form/
360002035871,How to verify that sign-up forms are enabled,https://help.klaviyo.com/hc/en-us/articles/360002035871-How-to-verify-that-sign-up-forms-are-enabled,sign-up-forms,49375879215515,Troubleshooting sign-up forms,sign-up-forms/How-to-verify-that-sign-up-forms-are-enabled-360002035871.md,_source/articles/360002035871.json,_source/articles/360002035871.body.html,_source/rendered/360002035871.html,yes,sign-up-forms/How-to-verify-that-sign-up-forms-are-enabled.md,yes,11260,publish,如何验证注册表单是否已启用,https://dynamicycle.com/docs/articles-how-to-verify-that-sign-up-forms-are-enabled/
4406228129051,How to view sign-up form responses,https://help.klaviyo.com/hc/en-us/articles/4406228129051-How-to-view-sign-up-form-responses,sign-up-forms,49375878705179,Build and use forms,sign-up-forms/How-to-view-sign-up-form-responses-4406228129051.md,_source/articles/4406228129051.json,_source/articles/4406228129051.body.html,_source/rendered/4406228129051.html,yes,sign-up-forms/How-to-view-sign-up-form-responses.md,yes,11398,publish,如何查看注册表单回复,https://dynamicycle.com/docs/articles-how-to-view-sign-up-form-responses/
14780233854363,Klaviyo-hosted fonts reference,https://help.klaviyo.com/hc/en-us/articles/14780233854363-Klaviyo-hosted-fonts-reference,sign-up-forms,49375878705179,Build and use forms,sign-up-forms/Klaviyo-hosted-fonts-reference-14780233854363.md,_source/articles/14780233854363.json,_source/articles/14780233854363.body.html,_source/rendered/14780233854363.html,yes,sign-up-forms/Klaviyo-hosted-fonts-reference.md,yes,11179,publish,Klaviyo 托管的字体参考,https://dynamicycle.com/docs/articles-klaviyo-hosted-fonts-reference/
115005080327,Sign-up forms and subscribe pages reference,https://help.klaviyo.com/hc/en-us/articles/115005080327-Sign-up-forms-and-subscribe-pages-reference,sign-up-forms,49375864160923,Getting started with sign-up forms,sign-up-forms/Sign-up-forms-and-subscribe-pages-reference-115005080327.md,_source/articles/115005080327.json,_source/articles/115005080327.body.html,_source/rendered/115005080327.html,yes,sign-up-forms/Sign-up-forms-and-subscribe-pages-reference.md,yes,11343,publish,注册表单和订阅页面参考,https://dynamicycle.com/docs/articles-sign-up-forms-and-subscribe-pages-reference/
46364562161307,Skip to success in multi-step sign-up forms,https://help.klaviyo.com/hc/en-us/articles/46364562161307-Skip-to-success-in-multi-step-sign-up-forms,sign-up-forms,49375615840539,Form best practices,sign-up-forms/Skip-to-success-in-multi-step-sign-up-forms-46364562161307.md,_source/articles/46364562161307.json,_source/articles/46364562161307.body.html,_source/rendered/46364562161307.html,yes,sign-up-forms/Skip-to-success-in-multi-step-sign-up-forms.md,yes,10258,upload_meta_only,通过多步骤注册表单跳转到成功,
1260805704029,Troubleshooting Klaviyo.js and site speed reports,https://help.klaviyo.com/hc/en-us/articles/1260805704029-Troubleshooting-Klaviyo-js-and-site-speed-reports,sign-up-forms,49375879215515,Troubleshooting sign-up forms,sign-up-forms/Troubleshooting-Klaviyo.js-and-site-speed-reports-1260805704029.md,_source/articles/1260805704029.json,_source/articles/1260805704029.body.html,_source/rendered/1260805704029.html,yes,sign-up-forms/Troubleshooting-Klaviyo.js-and-site-speed-reports.md,yes,10892,publish,对 Klaviyo.js 和网站速度报告进行故障排除,https://dynamicycle.com/docs/articles-troubleshooting-klaviyo-js-and-site-speed-reports/
115005249348,Troubleshooting sign-up forms,https://help.klaviyo.com/hc/en-us/articles/115005249348-Troubleshooting-sign-up-forms,sign-up-forms,49375879215515,Troubleshooting sign-up forms,sign-up-forms/Troubleshooting-sign-up-forms-115005249348.md,_source/articles/115005249348.json,_source/articles/115005249348.body.html,_source/rendered/115005249348.html,yes,sign-up-forms/Troubleshooting-sign-up-forms.md,yes,10820,publish,注册表单疑难解答,https://dynamicycle.com/docs/articles-troubleshooting-sign-up-forms/
4413550187035,Understanding form blocks and fields,https://help.klaviyo.com/hc/en-us/articles/4413550187035-Understanding-form-blocks-and-fields,sign-up-forms,49375864160923,Getting started with sign-up forms,sign-up-forms/Understanding-form-blocks-and-fields-4413550187035.md,_source/articles/4413550187035.json,_source/articles/4413550187035.body.html,_source/rendered/4413550187035.html,yes,sign-up-forms/Understanding-form-blocks-and-fields.md,yes,11129,publish,了解表单块和字段,https://dynamicycle.com/docs/articles-understanding-form-blocks-and-fields/
4404256496283,Understanding multi-step forms,https://help.klaviyo.com/hc/en-us/articles/4404256496283-Understanding-multi-step-forms,sign-up-forms,49375878705179,Build and use forms,sign-up-forms/Understanding-multi-step-forms-4404256496283.md,_source/articles/4404256496283.json,_source/articles/4404256496283.body.html,_source/rendered/4404256496283.html,yes,sign-up-forms/Understanding-multi-step-forms.md,yes,11429,publish,了解多步骤表单,https://dynamicycle.com/docs/articles-understanding-multi-step-forms/
27695838219675,Understanding revenue metrics for sign-up forms,https://help.klaviyo.com/hc/en-us/articles/27695838219675-Understanding-revenue-metrics-for-sign-up-forms,sign-up-forms,49375878705179,Build and use forms,sign-up-forms/Understanding-revenue-metrics-for-sign-up-forms-27695838219675.md,_source/articles/27695838219675.json,_source/articles/27695838219675.body.html,_source/rendered/27695838219675.html,yes,sign-up-forms/Understanding-revenue-metrics-for-sign-up-forms.md,yes,10954,publish,了解注册表单的收入指标,https://dynamicycle.com/docs/articles-understanding-revenue-metrics-for-sign-up-forms/
360015960712,Understanding sign-up form analytics,https://help.klaviyo.com/hc/en-us/articles/360015960712-Understanding-sign-up-form-analytics,sign-up-forms,49375878705179,Build and use forms,sign-up-forms/Understanding-sign-up-form-analytics-360015960712.md,_source/articles/360015960712.json,_source/articles/360015960712.body.html,_source/rendered/360015960712.html,yes,sign-up-forms/Understanding-sign-up-form-analytics.md,yes,11445,publish,了解注册表单分析,https://dynamicycle.com/docs/articles-understanding-sign-up-form-analytics/
4405381628827,Understanding sign-up form dismissal settings,https://help.klaviyo.com/hc/en-us/articles/4405381628827-Understanding-sign-up-form-dismissal-settings,sign-up-forms,49375878705179,Build and use forms,sign-up-forms/Understanding-sign-up-form-dismissal-settings-4405381628827.md,_source/articles/4405381628827.json,_source/articles/4405381628827.body.html,_source/rendered/4405381628827.html,yes,sign-up-forms/Understanding-sign-up-form-dismissal-settings.md,yes,11422,publish,了解注册表单解雇设置,https://dynamicycle.com/docs/articles-understanding-sign-up-form-dismissal-settings/
25187312302747,Understanding statistical significance for sign-up forms,https://help.klaviyo.com/hc/en-us/articles/25187312302747-Understanding-statistical-significance-for-sign-up-forms,sign-up-forms,49375609354139,Test forms,sign-up-forms/Understanding-statistical-significance-for-sign-up-forms-25187312302747.md,_source/articles/25187312302747.json,_source/articles/25187312302747.body.html,_source/rendered/25187312302747.html,yes,sign-up-forms/Understanding-statistical-significance-for-sign-up-forms.md,yes,10451,upload_meta_only,了解注册表单的统计显着性,
4413537049883,Understanding styles for a sign-up form,https://help.klaviyo.com/hc/en-us/articles/4413537049883-Understanding-styles-for-a-sign-up-form,sign-up-forms,49375864160923,Getting started with sign-up forms,sign-up-forms/Understanding-styles-for-a-sign-up-form-4413537049883.md,_source/articles/4413537049883.json,_source/articles/4413537049883.body.html,_source/rendered/4413537049883.html,yes,sign-up-forms/Understanding-styles-for-a-sign-up-form.md,yes,11186,publish,了解注册表单的样式,https://dynamicycle.com/docs/articles-understanding-styles-for-a-sign-up-form/
4413544555547,Understanding targeting and behavior settings for sign-up forms,https://help.klaviyo.com/hc/en-us/articles/4413544555547-Understanding-targeting-and-behavior-settings-for-sign-up-forms,sign-up-forms,49375864160923,Getting started with sign-up forms,sign-up-forms/Understanding-targeting-and-behavior-settings-for-sign-up-forms-4413544555547.md,_source/articles/4413544555547.json,_source/articles/4413544555547.body.html,_source/rendered/4413544555547.html,yes,sign-up-forms/Understanding-targeting-and-behavior-settings-for-sign-up-forms.md,yes,11243,publish,了解注册表单的定位和行为设置,https://dynamicycle.com/docs/articles-understanding-targeting-and-behavior-settings-for-sign-up-forms/
4409993525403,Understanding why form submissions and list sizes differ,https://help.klaviyo.com/hc/en-us/articles/4409993525403-Understanding-why-form-submissions-and-list-sizes-differ,sign-up-forms,49375879215515,Troubleshooting sign-up forms,sign-up-forms/Understanding-why-form-submissions-and-list-sizes-differ-4409993525403.md,_source/articles/4409993525403.json,_source/articles/4409993525403.body.html,_source/rendered/4409993525403.html,yes,sign-up-forms/Understanding-why-form-submissions-and-list-sizes-differ.md,yes,10986,publish,了解为什么表单提交和列表大小不同,https://dynamicycle.com/docs/articles-understanding-why-form-submissions-and-list-sizes-differ/
50066120658715,AU branded sender ID rejection reference,https://help.klaviyo.com/hc/en-us/articles/50066120658715-AU-branded-sender-ID-rejection-reference,sms-whatsapp,29514293664539,Getting started with SMS,sms-whatsapp/AU-branded-sender-ID-rejection-reference-50066120658715.md,_source/articles/50066120658715.json,_source/articles/50066120658715.body.html,_source/rendered/50066120658715.html,yes,sms-whatsapp/AU-branded-sender-ID-rejection-reference.md,yes,10201,upload_meta_only,AU 品牌发件人 ID 拒绝参考,
40116474536347,About WhatsApp deliverability,https://help.klaviyo.com/hc/en-us/articles/40116474536347-About-WhatsApp-deliverability,sms-whatsapp,49375968852507,Understand WhatsApp with Klaviyo,sms-whatsapp/About-WhatsApp-deliverability-40116474536347.md,_source/articles/40116474536347.json,_source/articles/40116474536347.body.html,_source/rendered/40116474536347.html,yes,sms-whatsapp/About-WhatsApp-deliverability.md,yes,10334,upload_meta_only,关于 WhatsApp 送达率,
42138701884827,About WhatsApp double opt-in,https://help.klaviyo.com/hc/en-us/articles/42138701884827-About-WhatsApp-double-opt-in,sms-whatsapp,49375959162395,Getting started with WhatsApp,sms-whatsapp/About-WhatsApp-double-opt-in-42138701884827.md,_source/articles/42138701884827.json,_source/articles/42138701884827.body.html,_source/rendered/42138701884827.html,yes,sms-whatsapp/About-WhatsApp-double-opt-in.md,yes,11372,publish,关于 WhatsApp 双重选择加入,https://dynamicycle.com/docs/articles-about-whatsapp-double-opt-in/
42138426687003,About WhatsApp keywords,https://help.klaviyo.com/hc/en-us/articles/42138426687003-About-WhatsApp-keywords,sms-whatsapp,49375959162395,Getting started with WhatsApp,sms-whatsapp/About-WhatsApp-keywords-42138426687003.md,_source/articles/42138426687003.json,_source/articles/42138426687003.body.html,_source/rendered/42138426687003.html,yes,sms-whatsapp/About-WhatsApp-keywords.md,yes,11346,publish,关于 WhatsApp 关键字,https://dynamicycle.com/docs/articles-about-whatsapp-keywords/
44479363197083,About WhatsApp sender information,https://help.klaviyo.com/hc/en-us/articles/44479363197083-About-WhatsApp-sender-information,sms-whatsapp,49375959162395,Getting started with WhatsApp,sms-whatsapp/About-WhatsApp-sender-information-44479363197083.md,_source/articles/44479363197083.json,_source/articles/44479363197083.body.html,_source/rendered/44479363197083.html,yes,sms-whatsapp/About-WhatsApp-sender-information.md,yes,11232,publish,关于 WhatsApp 发件人信息,https://dynamicycle.com/docs/articles-about-whatsapp-sender-information/
360046055671,Accepted phone number formats for SMS in Klaviyo,https://help.klaviyo.com/hc/en-us/articles/360046055671-Accepted-phone-number-formats-for-SMS-in-Klaviyo,sms-whatsapp,49375804348443,Import SMS contacts,sms-whatsapp/Accepted-phone-number-formats-for-SMS-in-Klaviyo-360046055671.md,_source/articles/360046055671.json,_source/articles/360046055671.body.html,_source/rendered/360046055671.html,yes,sms-whatsapp/Accepted-phone-number-formats-for-SMS-in-Klaviyo.md,yes,11138,publish,Klaviyo 中接受的短信电话号码格式,https://dynamicycle.com/docs/articles-accepted-phone-number-formats-for-sms-in-klaviyo/
35575786638107,April 11 SMS opt-out compliance change,https://help.klaviyo.com/hc/en-us/articles/35575786638107-April-11-SMS-opt-out-compliance-change,sms-whatsapp,49375746763803,North America: SMS compliance,sms-whatsapp/April-11-SMS-opt-out-compliance-change-35575786638107.md,_source/articles/35575786638107.json,_source/articles/35575786638107.body.html,_source/rendered/35575786638107.html,yes,sms-whatsapp/April-11-SMS-opt-out-compliance-change.md,yes,10365,upload_meta_only,4 月 11 日 SMS 选择退出合规性变更,
13288640663579,Basics: SMS best practices,https://help.klaviyo.com/hc/en-us/articles/13288640663579-Basics-SMS-best-practices,sms-whatsapp,49375832168347,Understand SMS,sms-whatsapp/Basics-SMS-best-practices-13288640663579.md,_source/articles/13288640663579.json,_source/articles/13288640663579.body.html,_source/rendered/13288640663579.html,yes,sms-whatsapp/Basics-SMS-best-practices.md,yes,11126,publish,基础知识：短信最佳实践,https://dynamicycle.com/docs/articles-basics-sms-best-practices/
7956171032091,Basics: SMS compliance,https://help.klaviyo.com/hc/en-us/articles/7956171032091-Basics-SMS-compliance,sms-whatsapp,49375832168347,Understand SMS,sms-whatsapp/Basics-SMS-compliance-7956171032091.md,_source/articles/7956171032091.json,_source/articles/7956171032091.body.html,_source/rendered/7956171032091.html,yes,sms-whatsapp/Basics-SMS-compliance.md,yes,11058,publish,基础知识：短信合规性,https://dynamicycle.com/docs/articles-basics-sms-compliance/
23740503987099,Basics: multinational SMS sending with Klaviyo,https://help.klaviyo.com/hc/en-us/articles/23740503987099-Basics-multinational-SMS-sending-with-Klaviyo,sms-whatsapp,49375826364443,Sending best practices,sms-whatsapp/Basics-multinational-SMS-sending-with-Klaviyo-23740503987099.md,_source/articles/23740503987099.json,_source/articles/23740503987099.body.html,_source/rendered/23740503987099.html,yes,sms-whatsapp/Basics-multinational-SMS-sending-with-Klaviyo.md,yes,10853,publish,基础知识：使用 Klaviyo 发送跨国短信,https://dynamicycle.com/docs/articles-basics-multinational-sms-sending-with-klaviyo/
360051110111,Campaign SMS and MMS benchmarks,https://help.klaviyo.com/hc/en-us/articles/360051110111-Campaign-SMS-and-MMS-benchmarks,sms-whatsapp,49375810668571,Send and optimize SMS campaigns,sms-whatsapp/Campaign-SMS-and-MMS-benchmarks-360051110111.md,_source/articles/360051110111.json,_source/articles/360051110111.body.html,_source/rendered/360051110111.html,yes,sms-whatsapp/Campaign-SMS-and-MMS-benchmarks.md,yes,11378,publish,活动短信和彩信基准,https://dynamicycle.com/docs/articles-campaign-sms-and-mms-benchmarks/
49469546595483,Create click-to-chat link for WhatsApp,https://help.klaviyo.com/hc/en-us/articles/49469546595483-Create-click-to-chat-link-for-WhatsApp,sms-whatsapp,49375959162395,Getting started with WhatsApp,sms-whatsapp/Create-click-to-chat-link-for-WhatsApp-49469546595483.md,_source/articles/49469546595483.json,_source/articles/49469546595483.body.html,_source/rendered/49469546595483.html,yes,sms-whatsapp/Create-click-to-chat-link-for-WhatsApp.md,yes,10220,upload_meta_only,为 WhatsApp 创建点击聊天链接,
41066240307483,Getting started with RCS,https://help.klaviyo.com/hc/en-us/articles/41066240307483-Getting-started-with-RCS,sms-whatsapp,49375970807323,RCS,sms-whatsapp/Getting-started-with-RCS-41066240307483.md,_source/articles/41066240307483.json,_source/articles/41066240307483.body.html,_source/rendered/41066240307483.html,yes,sms-whatsapp/Getting-started-with-RCS.md,yes,10314,upload_meta_only,RCS 入门,
48362750085659,Getting started with WhatsApp display names,https://help.klaviyo.com/hc/en-us/articles/48362750085659-Getting-started-with-WhatsApp-display-names,sms-whatsapp,49375959162395,Getting started with WhatsApp,sms-whatsapp/Getting-started-with-WhatsApp-display-names-48362750085659.md,_source/articles/48362750085659.json,_source/articles/48362750085659.body.html,_source/rendered/48362750085659.html,yes,sms-whatsapp/Getting-started-with-WhatsApp-display-names.md,yes,11028,publish,WhatsApp 显示名称入门,https://dynamicycle.com/docs/articles-getting-started-with-whatsapp-display-names/
47290590424347,Getting started with the WhatsApp deliverability hub,https://help.klaviyo.com/hc/en-us/articles/47290590424347-Getting-started-with-the-WhatsApp-deliverability-hub,sms-whatsapp,49375924951451,Send and use WhatsApp with Klaviyo,sms-whatsapp/Getting-started-with-the-WhatsApp-deliverability-hub-47290590424347.md,_source/articles/47290590424347.json,_source/articles/47290590424347.body.html,_source/rendered/47290590424347.html,yes,sms-whatsapp/Getting-started-with-the-WhatsApp-deliverability-hub.md,yes,10242,upload_meta_only,开始使用 WhatsApp 送达中心,
360035661191,Guide to crafting SMS and MMS messages,https://help.klaviyo.com/hc/en-us/articles/360035661191-Guide-to-crafting-SMS-and-MMS-messages,sms-whatsapp,49375785493659,Format your SMS messages,sms-whatsapp/Guide-to-crafting-SMS-and-MMS-messages-360035661191.md,_source/articles/360035661191.json,_source/articles/360035661191.body.html,_source/rendered/360035661191.html,yes,sms-whatsapp/Guide-to-crafting-SMS-and-MMS-messages.md,yes,10904,publish,短信和彩信制作指南,https://dynamicycle.com/docs/articles-guide-to-crafting-sms-and-mms-messages/
50572976217883,Guide: how to complete RCS registration,https://help.klaviyo.com/hc/en-us/articles/50572976217883-Guide-how-to-complete-RCS-registration,sms-whatsapp,49375970807323,RCS,sms-whatsapp/Guide-how-to-complete-RCS-registration-50572976217883.md,_source/articles/50572976217883.json,_source/articles/50572976217883.body.html,_source/rendered/50572976217883.html,yes,sms-whatsapp/Guide-how-to-complete-RCS-registration.md,yes,10195,upload_meta_only,指南：如何完成RCS注册,
4406796460443,How to A/B test SMS campaigns,https://help.klaviyo.com/hc/en-us/articles/4406796460443-How-to-A-B-test-SMS-campaigns,sms-whatsapp,49375810668571,Send and optimize SMS campaigns,sms-whatsapp/How-to-AB-test-SMS-campaigns-4406796460443.md,_source/articles/4406796460443.json,_source/articles/4406796460443.body.html,_source/rendered/4406796460443.html,yes,sms-whatsapp/How-to-AB-test-SMS-campaigns.md,yes,11245,publish,如何对短信活动进行 A/B 测试,https://dynamicycle.com/docs/articles-how-to-a-b-test-sms-campaigns/
15800790306715,How to add SMS to a thank you flow,https://help.klaviyo.com/hc/en-us/articles/15800790306715-How-to-add-SMS-to-a-thank-you-flow,sms-whatsapp,49375773965595,Brand loyalty SMS flows,sms-whatsapp/How-to-add-SMS-to-a-thank-you-flow-15800790306715.md,_source/articles/15800790306715.json,_source/articles/15800790306715.body.html,_source/rendered/15800790306715.html,yes,sms-whatsapp/How-to-add-SMS-to-a-thank-you-flow.md,yes,10866,publish,如何将短信添加到感谢流程中,https://dynamicycle.com/docs/articles-how-to-add-sms-to-a-thank-you-flow/
9352115400219,How to add SMS to your abandoned cart flow,https://help.klaviyo.com/hc/en-us/articles/9352115400219-How-to-add-SMS-to-your-abandoned-cart-flow,sms-whatsapp,49375825807515,Set up your first SMS flows ,sms-whatsapp/How-to-add-SMS-to-your-abandoned-cart-flow-9352115400219.md,_source/articles/9352115400219.json,_source/articles/9352115400219.body.html,_source/rendered/9352115400219.html,yes,sms-whatsapp/How-to-add-SMS-to-your-abandoned-cart-flow.md,yes,10879,publish,如何将短信添加到废弃的购物车流程,https://dynamicycle.com/docs/articles-how-to-add-sms-to-your-abandoned-cart-flow/
15806802249883,How to add SMS to your browse abandonment flow,https://help.klaviyo.com/hc/en-us/articles/15806802249883-How-to-add-SMS-to-your-browse-abandonment-flow,sms-whatsapp,49375774486811,Revenue-generating SMS flows,sms-whatsapp/How-to-add-SMS-to-your-browse-abandonment-flow-15806802249883.md,_source/articles/15806802249883.json,_source/articles/15806802249883.body.html,_source/rendered/15806802249883.html,yes,sms-whatsapp/How-to-add-SMS-to-your-browse-abandonment-flow.md,yes,10540,upload_meta_only,如何将短信添加到您的浏览放弃流程中,
40116763040411,How to add WhatsApp to a flow,https://help.klaviyo.com/hc/en-us/articles/40116763040411-How-to-add-WhatsApp-to-a-flow,sms-whatsapp,49375924951451,Send and use WhatsApp with Klaviyo,sms-whatsapp/How-to-add-WhatsApp-to-a-flow-40116763040411.md,_source/articles/40116763040411.json,_source/articles/40116763040411.body.html,_source/rendered/40116763040411.html,yes,sms-whatsapp/How-to-add-WhatsApp-to-a-flow.md,yes,10329,upload_meta_only,如何将 WhatsApp 添加到流程,
46623169258139,How to add WhatsApp to a post-purchase flow,https://help.klaviyo.com/hc/en-us/articles/46623169258139-How-to-add-WhatsApp-to-a-post-purchase-flow,sms-whatsapp,49375924951451,Send and use WhatsApp with Klaviyo,sms-whatsapp/How-to-add-WhatsApp-to-a-post-purchase-flow-46623169258139.md,_source/articles/46623169258139.json,_source/articles/46623169258139.body.html,_source/rendered/46623169258139.html,yes,sms-whatsapp/How-to-add-WhatsApp-to-a-post-purchase-flow.md,yes,10255,upload_meta_only,如何将 WhatsApp 添加到购买后流程,
46623602305563,How to add WhatsApp to your abandoned cart flow,https://help.klaviyo.com/hc/en-us/articles/46623602305563-How-to-add-WhatsApp-to-your-abandoned-cart-flow,sms-whatsapp,49375924951451,Send and use WhatsApp with Klaviyo,sms-whatsapp/How-to-add-WhatsApp-to-your-abandoned-cart-flow-46623602305563.md,_source/articles/46623602305563.json,_source/articles/46623602305563.body.html,_source/rendered/46623602305563.html,yes,sms-whatsapp/How-to-add-WhatsApp-to-your-abandoned-cart-flow.md,yes,10254,upload_meta_only,如何将 WhatsApp 添加到您废弃的购物车流程,
46624475312539,How to add WhatsApp to your browse abandonment flow,https://help.klaviyo.com/hc/en-us/articles/46624475312539-How-to-add-WhatsApp-to-your-browse-abandonment-flow,sms-whatsapp,49375924951451,Send and use WhatsApp with Klaviyo,sms-whatsapp/How-to-add-WhatsApp-to-your-browse-abandonment-flow-46624475312539.md,_source/articles/46624475312539.json,_source/articles/46624475312539.body.html,_source/rendered/46624475312539.html,yes,sms-whatsapp/How-to-add-WhatsApp-to-your-browse-abandonment-flow.md,yes,10253,upload_meta_only,如何将 WhatsApp 添加到您的浏览放弃流程中,
1260806102230,How to add a dynamic image to a text message,https://help.klaviyo.com/hc/en-us/articles/1260806102230-How-to-add-a-dynamic-image-to-a-text-message,sms-whatsapp,49375780697115,Getting started with SMS flows,sms-whatsapp/How-to-add-a-dynamic-image-to-a-text-message-1260806102230.md,_source/articles/1260806102230.json,_source/articles/1260806102230.body.html,_source/rendered/1260806102230.html,yes,sms-whatsapp/How-to-add-a-dynamic-image-to-a-text-message.md,yes,11193,publish,如何在短信中添加动态图片,https://dynamicycle.com/docs/articles-how-to-add-a-dynamic-image-to-a-text-message/
360035014492,How to add an SMS action to a flow,https://help.klaviyo.com/hc/en-us/articles/360035014492-How-to-add-an-SMS-action-to-a-flow,sms-whatsapp,49375780697115,Getting started with SMS flows,sms-whatsapp/How-to-add-an-SMS-action-to-a-flow-360035014492.md,_source/articles/360035014492.json,_source/articles/360035014492.body.html,_source/rendered/360035014492.html,yes,sms-whatsapp/How-to-add-an-SMS-action-to-a-flow.md,yes,10774,publish,如何将 SMS 操作添加到流程,https://dynamicycle.com/docs/articles-how-to-add-an-sms-action-to-a-flow/
360050384091,"How to add, update, or delete SMS subscribe keywords",https://help.klaviyo.com/hc/en-us/articles/360050384091-How-to-add-update-or-delete-SMS-subscribe-keywords,sms-whatsapp,49375811210395,Create SMS subscribe links and keywords,"sms-whatsapp/How-to-add,-update,-or-delete-SMS-subscribe-keywords-360050384091.md",_source/articles/360050384091.json,_source/articles/360050384091.body.html,_source/rendered/360050384091.html,yes,"sms-whatsapp/How-to-add,-update,-or-delete-SMS-subscribe-keywords.md",yes,11136,publish,如何添加、更新或删除短信订阅关键字,https://dynamicycle.com/docs/articles-how-to-add-update-or-delete-sms-subscribe-keywords/
26130939590171,How to allow customers to pause SMS messages during holidays,https://help.klaviyo.com/hc/en-us/articles/26130939590171-How-to-allow-customers-to-pause-SMS-messages-during-holidays,sms-whatsapp,49375826364443,Sending best practices,sms-whatsapp/How-to-allow-customers-to-pause-SMS-messages-during-holidays-26130939590171.md,_source/articles/26130939590171.json,_source/articles/26130939590171.body.html,_source/rendered/26130939590171.html,yes,sms-whatsapp/How-to-allow-customers-to-pause-SMS-messages-during-holidays.md,yes,10437,upload_meta_only,如何让客户在节假日期间暂停短信,
42141541588251,How to appeal a WhatsApp Business account suspension,https://help.klaviyo.com/hc/en-us/articles/42141541588251-How-to-appeal-a-WhatsApp-Business-account-suspension,sms-whatsapp,49375968852507,Understand WhatsApp with Klaviyo,sms-whatsapp/How-to-appeal-a-WhatsApp-Business-account-suspension-42141541588251.md,_source/articles/42141541588251.json,_source/articles/42141541588251.body.html,_source/rendered/42141541588251.html,yes,sms-whatsapp/How-to-appeal-a-WhatsApp-Business-account-suspension.md,yes,10304,upload_meta_only,如何对 WhatsApp Business 帐户暂停提出申诉,
8185730542235,How to ask for SMS consent within an email,https://help.klaviyo.com/hc/en-us/articles/8185730542235-How-to-ask-for-SMS-consent-within-an-email,sms-whatsapp,49375803319451,Use email and social media to collect SMS consent,sms-whatsapp/How-to-ask-for-SMS-consent-within-an-email-8185730542235.md,_source/articles/8185730542235.json,_source/articles/8185730542235.body.html,_source/rendered/8185730542235.html,yes,sms-whatsapp/How-to-ask-for-SMS-consent-within-an-email.md,yes,10974,publish,如何在电子邮件中请求短信同意,https://dynamicycle.com/docs/articles-how-to-ask-for-sms-consent-within-an-email/
31583129959195,How to ask for transactional SMS consent separately,https://help.klaviyo.com/hc/en-us/articles/31583129959195-How-to-ask-for-transactional-SMS-consent-separately,sms-whatsapp,49375796651675,Build forms to grow your SMS list,sms-whatsapp/How-to-ask-for-transactional-SMS-consent-separately-31583129959195.md,_source/articles/31583129959195.json,_source/articles/31583129959195.body.html,_source/rendered/31583129959195.html,yes,sms-whatsapp/How-to-ask-for-transactional-SMS-consent-separately.md,yes,11035,publish,如何单独请求交易短信同意,https://dynamicycle.com/docs/articles-how-to-ask-for-transactional-sms-consent-separately/
29910716707355,How to change compliance keyword responses and languages,https://help.klaviyo.com/hc/en-us/articles/29910716707355-How-to-change-compliance-keyword-responses-and-languages,sms-whatsapp,49375747879195,Understanding SMS compliance settings,sms-whatsapp/How-to-change-compliance-keyword-responses-and-languages-29910716707355.md,_source/articles/29910716707355.json,_source/articles/29910716707355.body.html,_source/rendered/29910716707355.html,yes,sms-whatsapp/How-to-change-compliance-keyword-responses-and-languages.md,yes,10415,upload_meta_only,如何更改合规性关键字响应和语言,
22711363273627,How to change your quiet hour settings for SMS flows,https://help.klaviyo.com/hc/en-us/articles/22711363273627-How-to-change-your-quiet-hour-settings-for-SMS-flows,sms-whatsapp,49375747879195,Understanding SMS compliance settings,sms-whatsapp/How-to-change-your-quiet-hour-settings-for-SMS-flows-22711363273627.md,_source/articles/22711363273627.json,_source/articles/22711363273627.body.html,_source/rendered/22711363273627.html,yes,sms-whatsapp/How-to-change-your-quiet-hour-settings-for-SMS-flows.md,yes,10956,publish,如何更改短信流的安静时间设置,https://dynamicycle.com/docs/articles-how-to-change-your-quiet-hour-settings-for-sms-flows/
6155416998555,How to clean SMS lists,https://help.klaviyo.com/hc/en-us/articles/6155416998555-How-to-clean-SMS-lists,sms-whatsapp,49375736920731,SMS deliverability best practices,sms-whatsapp/How-to-clean-SMS-lists-6155416998555.md,_source/articles/6155416998555.json,_source/articles/6155416998555.body.html,_source/rendered/6155416998555.html,yes,sms-whatsapp/How-to-clean-SMS-lists.md,yes,11184,publish,如何清理短信列表,https://dynamicycle.com/docs/articles-how-to-clean-sms-lists/
360058194032,How to collect SMS consent at checkout on BigCommerce,https://help.klaviyo.com/hc/en-us/articles/360058194032-How-to-collect-SMS-consent-at-checkout-on-BigCommerce,sms-whatsapp,49375828882971,Collect SMS consent at checkout,sms-whatsapp/How-to-collect-SMS-consent-at-checkout-on-BigCommerce-360058194032.md,_source/articles/360058194032.json,_source/articles/360058194032.body.html,_source/rendered/360058194032.html,yes,sms-whatsapp/How-to-collect-SMS-consent-at-checkout-on-BigCommerce.md,yes,10991,publish,如何在 BigCommerce 结帐时收集短信同意,https://dynamicycle.com/docs/articles-how-to-collect-sms-consent-at-checkout-on-bigcommerce/
360058698511,How to collect SMS consent at checkout on Magento 2,https://help.klaviyo.com/hc/en-us/articles/360058698511-How-to-collect-SMS-consent-at-checkout-on-Magento-2,sms-whatsapp,49375828882971,Collect SMS consent at checkout,sms-whatsapp/How-to-collect-SMS-consent-at-checkout-on-Magento-2-360058698511.md,_source/articles/360058698511.json,_source/articles/360058698511.body.html,_source/rendered/360058698511.html,yes,sms-whatsapp/How-to-collect-SMS-consent-at-checkout-on-Magento-2.md,yes,11132,publish,如何在 Magento 2 结账时收集短信同意,https://dynamicycle.com/docs/articles-how-to-collect-sms-consent-at-checkout-on-magento-2/
26534999577243,How to collect SMS consent at checkout on PrestaShop,https://help.klaviyo.com/hc/en-us/articles/26534999577243-How-to-collect-SMS-consent-at-checkout-on-PrestaShop,sms-whatsapp,49375828882971,Collect SMS consent at checkout,sms-whatsapp/How-to-collect-SMS-consent-at-checkout-on-PrestaShop-26534999577243.md,_source/articles/26534999577243.json,_source/articles/26534999577243.body.html,_source/rendered/26534999577243.html,yes,sms-whatsapp/How-to-collect-SMS-consent-at-checkout-on-PrestaShop.md,yes,10849,publish,如何在 PrestaShop 结账时收集短信同意,https://dynamicycle.com/docs/articles-how-to-collect-sms-consent-at-checkout-on-prestashop/
360057745791,How to collect SMS consent at checkout on WooCommerce,https://help.klaviyo.com/hc/en-us/articles/360057745791-How-to-collect-SMS-consent-at-checkout-on-WooCommerce,sms-whatsapp,49375828882971,Collect SMS consent at checkout,sms-whatsapp/How-to-collect-SMS-consent-at-checkout-on-WooCommerce-360057745791.md,_source/articles/360057745791.json,_source/articles/360057745791.body.html,_source/rendered/360057745791.html,yes,sms-whatsapp/How-to-collect-SMS-consent-at-checkout-on-WooCommerce.md,yes,11070,publish,如何在 WooCommerce 结账时收集短信同意,https://dynamicycle.com/docs/articles-how-to-collect-sms-consent-at-checkout-on-woocommerce/
9351341171995,How to collect SMS consent with a tap-to-text form,https://help.klaviyo.com/hc/en-us/articles/9351341171995-How-to-collect-SMS-consent-with-a-tap-to-text-form,sms-whatsapp,49375796651675,Build forms to grow your SMS list,sms-whatsapp/How-to-collect-SMS-consent-with-a-tap-to-text-form-9351341171995.md,_source/articles/9351341171995.json,_source/articles/9351341171995.body.html,_source/rendered/9351341171995.html,yes,sms-whatsapp/How-to-collect-SMS-consent-with-a-tap-to-text-form.md,yes,10972,publish,如何通过点击文本表单收集短信同意,https://dynamicycle.com/docs/articles-how-to-collect-sms-consent-with-a-tap-to-text-form/
360056824732,How to collect SMS marketing consent at checkout on Shopify,https://help.klaviyo.com/hc/en-us/articles/360056824732-How-to-collect-SMS-marketing-consent-at-checkout-on-Shopify,sms-whatsapp,49375828882971,Collect SMS consent at checkout,sms-whatsapp/How-to-collect-SMS-marketing-consent-at-checkout-on-Shopify-360056824732.md,_source/articles/360056824732.json,_source/articles/360056824732.body.html,_source/rendered/360056824732.html,yes,sms-whatsapp/How-to-collect-SMS-marketing-consent-at-checkout-on-Shopify.md,yes,10636,upload_meta_only,如何在 Shopify 结账时收集短信营销同意,
29109965092251,How to configure your opt-out keyword settings,https://help.klaviyo.com/hc/en-us/articles/29109965092251-How-to-configure-your-opt-out-keyword-settings,sms-whatsapp,49375747879195,Understanding SMS compliance settings,sms-whatsapp/How-to-configure-your-opt-out-keyword-settings-29109965092251.md,_source/articles/29109965092251.json,_source/articles/29109965092251.body.html,_source/rendered/29109965092251.html,yes,sms-whatsapp/How-to-configure-your-opt-out-keyword-settings.md,yes,10417,upload_meta_only,如何配置您的选择退出关键字设置,
40111819732635,How to connect your WhatsApp Business account to Klaviyo,https://help.klaviyo.com/hc/en-us/articles/40111819732635-How-to-connect-your-WhatsApp-Business-account-to-Klaviyo,sms-whatsapp,49375959162395,Getting started with WhatsApp,sms-whatsapp/How-to-connect-your-WhatsApp-Business-account-to-Klaviyo-40111819732635.md,_source/articles/40111819732635.json,_source/articles/40111819732635.body.html,_source/rendered/40111819732635.html,yes,sms-whatsapp/How-to-connect-your-WhatsApp-Business-account-to-Klaviyo.md,yes,10336,upload_meta_only,如何将您的 WhatsApp Business 帐户连接到 Klaviyo,
42146376607003,How to create a Click-to-WhatsApp ad with a “Subscribe” keyword,https://help.klaviyo.com/hc/en-us/articles/42146376607003-How-to-create-a-Click-to-WhatsApp-ad-with-a-Subscribe-keyword,sms-whatsapp,49375959162395,Getting started with WhatsApp,sms-whatsapp/How-to-create-a-Click-to-WhatsApp-ad-with-a-“Subscribe”-keyword-42146376607003.md,_source/articles/42146376607003.json,_source/articles/42146376607003.body.html,_source/rendered/42146376607003.html,yes,sms-whatsapp/How-to-create-a-Click-to-WhatsApp-ad-with-a-“Subscribe”-keyword.md,yes,11408,publish,如何使用“订阅”关键字创建 Click-to-WhatsApp 广告,https://dynamicycle.com/docs/articles-how-to-create-a-click-to-whatsapp-ad-with-a-subscribe-keyword/
46806865948699,How to create a WhatsApp form that targets email subscribers,https://help.klaviyo.com/hc/en-us/articles/46806865948699-How-to-create-a-WhatsApp-form-that-targets-email-subscribers,sms-whatsapp,49375959162395,Getting started with WhatsApp,sms-whatsapp/How-to-create-a-WhatsApp-form-that-targets-email-subscribers-46806865948699.md,_source/articles/46806865948699.json,_source/articles/46806865948699.body.html,_source/rendered/46806865948699.html,yes,sms-whatsapp/How-to-create-a-WhatsApp-form-that-targets-email-subscribers.md,yes,11106,publish,如何创建针对电子邮件订阅者的 WhatsApp 表单,https://dynamicycle.com/docs/articles-how-to-create-a-whatsapp-form-that-targets-email-subscribers/
40116644987675,How to create a WhatsApp template,https://help.klaviyo.com/hc/en-us/articles/40116644987675-How-to-create-a-WhatsApp-template,sms-whatsapp,49375924951451,Send and use WhatsApp with Klaviyo,sms-whatsapp/How-to-create-a-WhatsApp-template-40116644987675.md,_source/articles/40116644987675.json,_source/articles/40116644987675.body.html,_source/rendered/40116644987675.html,yes,sms-whatsapp/How-to-create-a-WhatsApp-template.md,yes,10331,upload_meta_only,如何创建 WhatsApp 模板,
46622708677531,How to create a WhatsApp welcome flow,https://help.klaviyo.com/hc/en-us/articles/46622708677531-How-to-create-a-WhatsApp-welcome-flow,sms-whatsapp,49375924951451,Send and use WhatsApp with Klaviyo,sms-whatsapp/How-to-create-a-WhatsApp-welcome-flow-46622708677531.md,_source/articles/46622708677531.json,_source/articles/46622708677531.body.html,_source/rendered/46622708677531.html,yes,sms-whatsapp/How-to-create-a-WhatsApp-welcome-flow.md,yes,10256,upload_meta_only,如何创建 WhatsApp 欢迎流程,
17649597637147,How to create a branded shortened link for SMS,https://help.klaviyo.com/hc/en-us/articles/17649597637147-How-to-create-a-branded-shortened-link-for-SMS,sms-whatsapp,49375806470427,Set up SMS,sms-whatsapp/How-to-create-a-branded-shortened-link-for-SMS-17649597637147.md,_source/articles/17649597637147.json,_source/articles/17649597637147.body.html,_source/rendered/17649597637147.html,yes,sms-whatsapp/How-to-create-a-branded-shortened-link-for-SMS.md,yes,11177,publish,如何为短信创建品牌短链接,https://dynamicycle.com/docs/articles-how-to-create-a-branded-shortened-link-for-sms/
360049177511,How to create a mobile terms of service in Klaviyo,https://help.klaviyo.com/hc/en-us/articles/360049177511-How-to-create-a-mobile-terms-of-service-in-Klaviyo,sms-whatsapp,49375806470427,Set up SMS,sms-whatsapp/How-to-create-a-mobile-terms-of-service-in-Klaviyo-360049177511.md,_source/articles/360049177511.json,_source/articles/360049177511.body.html,_source/rendered/360049177511.html,yes,sms-whatsapp/How-to-create-a-mobile-terms-of-service-in-Klaviyo.md,yes,10900,publish,如何在 Klaviyo 中创建移动服务条款,https://dynamicycle.com/docs/articles-how-to-create-a-mobile-terms-of-service-in-klaviyo/
39896599432347,How to create a multilingual SMS campaign using Smart Translations,https://help.klaviyo.com/hc/en-us/articles/39896599432347-How-to-create-a-multilingual-SMS-campaign-using-Smart-Translations,sms-whatsapp,49375810668571,Send and optimize SMS campaigns,sms-whatsapp/How-to-create-a-multilingual-SMS-campaign-using-Smart-Translations-39896599432347.md,_source/articles/39896599432347.json,_source/articles/39896599432347.body.html,_source/rendered/39896599432347.html,yes,sms-whatsapp/How-to-create-a-multilingual-SMS-campaign-using-Smart-Translations.md,yes,10337,upload_meta_only,如何使用智能翻译创建多语言短信营销活动,
45620280376091,How to create a multilingual WhatsApp campaign using Smart Translations,https://help.klaviyo.com/hc/en-us/articles/45620280376091-How-to-create-a-multilingual-WhatsApp-campaign-using-Smart-Translations,sms-whatsapp,49375924951451,Send and use WhatsApp with Klaviyo,sms-whatsapp/How-to-create-a-multilingual-WhatsApp-campaign-using-Smart-Translations-45620280376091.md,_source/articles/45620280376091.json,_source/articles/45620280376091.body.html,_source/rendered/45620280376091.html,yes,sms-whatsapp/How-to-create-a-multilingual-WhatsApp-campaign-using-Smart-Translations.md,yes,10267,upload_meta_only,如何使用智能翻译创建多语言 WhatsApp 营销活动,
360035800811,How to create a segment of SMS subscribers,https://help.klaviyo.com/hc/en-us/articles/360035800811-How-to-create-a-segment-of-SMS-subscribers,sms-whatsapp,49375740663579,Segment your SMS subscribers,sms-whatsapp/How-to-create-a-segment-of-SMS-subscribers-360035800811.md,_source/articles/360035800811.json,_source/articles/360035800811.body.html,_source/rendered/360035800811.html,yes,sms-whatsapp/How-to-create-a-segment-of-SMS-subscribers.md,yes,11437,publish,如何创建短信订阅者细分,https://dynamicycle.com/docs/articles-how-to-create-a-segment-of-sms-subscribers/
360044556071,How to create a sending schedule based on SMS engagement,https://help.klaviyo.com/hc/en-us/articles/360044556071-How-to-create-a-sending-schedule-based-on-SMS-engagement,sms-whatsapp,49375810668571,Send and optimize SMS campaigns,sms-whatsapp/How-to-create-a-sending-schedule-based-on-SMS-engagement-360044556071.md,_source/articles/360044556071.json,_source/articles/360044556071.body.html,_source/rendered/360044556071.html,yes,sms-whatsapp/How-to-create-a-sending-schedule-based-on-SMS-engagement.md,yes,11199,publish,如何根据短信参与度创建发送计划,https://dynamicycle.com/docs/articles-how-to-create-a-sending-schedule-based-on-sms-engagement/
6294531159579,How to create a tap-to-text sticker on Instagram,https://help.klaviyo.com/hc/en-us/articles/6294531159579-How-to-create-a-tap-to-text-sticker-on-Instagram,sms-whatsapp,49375803319451,Use email and social media to collect SMS consent,sms-whatsapp/How-to-create-a-tap-to-text-sticker-on-Instagram-6294531159579.md,_source/articles/6294531159579.json,_source/articles/6294531159579.body.html,_source/rendered/6294531159579.html,yes,sms-whatsapp/How-to-create-a-tap-to-text-sticker-on-Instagram.md,yes,11060,publish,如何在 Instagram 上创建点击文字贴纸,https://dynamicycle.com/docs/articles-how-to-create-a-tap-to-text-sticker-on-instagram/
41072420801819,How to create an RCS campaign in Klaviyo,https://help.klaviyo.com/hc/en-us/articles/41072420801819-How-to-create-an-RCS-campaign-in-Klaviyo,sms-whatsapp,49375970807323,RCS,sms-whatsapp/How-to-create-an-RCS-campaign-in-Klaviyo-41072420801819.md,_source/articles/41072420801819.json,_source/articles/41072420801819.body.html,_source/rendered/41072420801819.html,yes,sms-whatsapp/How-to-create-an-RCS-campaign-in-Klaviyo.md,yes,10942,publish,如何在 Klaviyo 中创建 RCS 活动,https://dynamicycle.com/docs/articles-how-to-create-an-rcs-campaign-in-klaviyo/
41072681350555,How to create an RCS message in a flow,https://help.klaviyo.com/hc/en-us/articles/41072681350555-How-to-create-an-RCS-message-in-a-flow,sms-whatsapp,49375970807323,RCS,sms-whatsapp/How-to-create-an-RCS-message-in-a-flow-41072681350555.md,_source/articles/41072681350555.json,_source/articles/41072681350555.body.html,_source/rendered/41072681350555.html,yes,sms-whatsapp/How-to-create-an-RCS-message-in-a-flow.md,yes,11029,publish,如何在流中创建 RCS 消息,https://dynamicycle.com/docs/articles-how-to-create-an-rcs-message-in-a-flow/
9821790118171,How to create an SMS error segment,https://help.klaviyo.com/hc/en-us/articles/9821790118171-How-to-create-an-SMS-error-segment,sms-whatsapp,49375740663579,Segment your SMS subscribers,sms-whatsapp/How-to-create-an-SMS-error-segment-9821790118171.md,_source/articles/9821790118171.json,_source/articles/9821790118171.body.html,_source/rendered/9821790118171.html,yes,sms-whatsapp/How-to-create-an-SMS-error-segment.md,yes,11442,publish,如何创建短信错误段,https://dynamicycle.com/docs/articles-how-to-create-an-sms-error-segment/
26878282097563,How to create an SMS form that targets email subscribers,https://help.klaviyo.com/hc/en-us/articles/26878282097563-How-to-create-an-SMS-form-that-targets-email-subscribers,sms-whatsapp,49375796651675,Build forms to grow your SMS list,sms-whatsapp/How-to-create-an-SMS-form-that-targets-email-subscribers-26878282097563.md,_source/articles/26878282097563.json,_source/articles/26878282097563.body.html,_source/rendered/26878282097563.html,yes,sms-whatsapp/How-to-create-an-SMS-form-that-targets-email-subscribers.md,yes,10848,publish,如何创建针对电子邮件订阅者的 SMS 表单,https://dynamicycle.com/docs/articles-how-to-create-an-sms-form-that-targets-email-subscribers/
14104388043931,How to create an SMS subscribe link,https://help.klaviyo.com/hc/en-us/articles/14104388043931-How-to-create-an-SMS-subscribe-link,sms-whatsapp,49375811210395,Create SMS subscribe links and keywords,sms-whatsapp/How-to-create-an-SMS-subscribe-link-14104388043931.md,_source/articles/14104388043931.json,_source/articles/14104388043931.body.html,_source/rendered/14104388043931.html,yes,sms-whatsapp/How-to-create-an-SMS-subscribe-link.md,yes,11180,publish,如何创建短信订阅链接,https://dynamicycle.com/docs/articles-how-to-create-an-sms-subscribe-link/
360036122291,How to create an SMS welcome flow,https://help.klaviyo.com/hc/en-us/articles/360036122291-How-to-create-an-SMS-welcome-flow,sms-whatsapp,49375825807515,Set up your first SMS flows ,sms-whatsapp/How-to-create-an-SMS-welcome-flow-360036122291.md,_source/articles/360036122291.json,_source/articles/360036122291.body.html,_source/rendered/360036122291.html,yes,sms-whatsapp/How-to-create-an-SMS-welcome-flow.md,yes,10687,upload_meta_only,如何创建短信欢迎流程,
46806615688347,How to create and send a WhatsApp campaign,https://help.klaviyo.com/hc/en-us/articles/46806615688347-How-to-create-and-send-a-WhatsApp-campaign,sms-whatsapp,49375924951451,Send and use WhatsApp with Klaviyo,sms-whatsapp/How-to-create-and-send-a-WhatsApp-campaign-46806615688347.md,_source/articles/46806615688347.json,_source/articles/46806615688347.body.html,_source/rendered/46806615688347.html,yes,sms-whatsapp/How-to-create-and-send-a-WhatsApp-campaign.md,yes,10248,upload_meta_only,如何创建和发送 WhatsApp 营销活动,
360040039971,How to create and send an SMS campaign,https://help.klaviyo.com/hc/en-us/articles/360040039971-How-to-create-and-send-an-SMS-campaign,sms-whatsapp,49375810668571,Send and optimize SMS campaigns,sms-whatsapp/How-to-create-and-send-an-SMS-campaign-360040039971.md,_source/articles/360040039971.json,_source/articles/360040039971.body.html,_source/rendered/360040039971.html,yes,sms-whatsapp/How-to-create-and-send-an-SMS-campaign.md,yes,10678,upload_meta_only,如何创建和发送短信活动,
41072788661531,How to create rich interactive RCS messages in Klaviyo,https://help.klaviyo.com/hc/en-us/articles/41072788661531-How-to-create-rich-interactive-RCS-messages-in-Klaviyo,sms-whatsapp,49375970807323,RCS,sms-whatsapp/How-to-create-rich-interactive-RCS-messages-in-Klaviyo-41072788661531.md,_source/articles/41072788661531.json,_source/articles/41072788661531.body.html,_source/rendered/41072788661531.html,yes,sms-whatsapp/How-to-create-rich-interactive-RCS-messages-in-Klaviyo.md,yes,11108,publish,如何在 Klaviyo 中创建丰富的交互式 RCS 消息,https://dynamicycle.com/docs/articles-how-to-create-rich-interactive-rcs-messages-in-klaviyo/
4404612542619,How to decrease SMS unsubscribe rates,https://help.klaviyo.com/hc/en-us/articles/4404612542619-How-to-decrease-SMS-unsubscribe-rates,sms-whatsapp,49375743979803,Best practices for improving SMS performance,sms-whatsapp/How-to-decrease-SMS-unsubscribe-rates-4404612542619.md,_source/articles/4404612542619.json,_source/articles/4404612542619.body.html,_source/rendered/4404612542619.html,yes,sms-whatsapp/How-to-decrease-SMS-unsubscribe-rates.md,yes,11064,publish,如何降低短信退订率,https://dynamicycle.com/docs/articles-how-to-decrease-sms-unsubscribe-rates/
40116778911259,How to extend WhatsApp conversations,https://help.klaviyo.com/hc/en-us/articles/40116778911259-How-to-extend-WhatsApp-conversations,sms-whatsapp,49375924951451,Send and use WhatsApp with Klaviyo,sms-whatsapp/How-to-extend-WhatsApp-conversations-40116778911259.md,_source/articles/40116778911259.json,_source/articles/40116778911259.body.html,_source/rendered/40116778911259.html,yes,sms-whatsapp/How-to-extend-WhatsApp-conversations.md,yes,10328,upload_meta_only,如何扩展 WhatsApp 对话,
40116005412507,How to get a phone number for WhatsApp,https://help.klaviyo.com/hc/en-us/articles/40116005412507-How-to-get-a-phone-number-for-WhatsApp,sms-whatsapp,49375959162395,Getting started with WhatsApp,sms-whatsapp/How-to-get-a-phone-number-for-WhatsApp-40116005412507.md,_source/articles/40116005412507.json,_source/articles/40116005412507.body.html,_source/rendered/40116005412507.html,yes,sms-whatsapp/How-to-get-a-phone-number-for-WhatsApp.md,yes,10830,publish,如何获取 WhatsApp 的电话号码,https://dynamicycle.com/docs/articles-how-to-get-a-phone-number-for-whatsapp/
4404565738395,How to increase SMS click rates,https://help.klaviyo.com/hc/en-us/articles/4404565738395-How-to-increase-SMS-click-rates,sms-whatsapp,49375743979803,Best practices for improving SMS performance,sms-whatsapp/How-to-increase-SMS-click-rates-4404565738395.md,_source/articles/4404565738395.json,_source/articles/4404565738395.body.html,_source/rendered/4404565738395.html,yes,sms-whatsapp/How-to-increase-SMS-click-rates.md,yes,10888,publish,如何提高短信点击率,https://dynamicycle.com/docs/articles-how-to-increase-sms-click-rates/
4404609990171,How to increase SMS conversion rates,https://help.klaviyo.com/hc/en-us/articles/4404609990171-How-to-increase-SMS-conversion-rates,sms-whatsapp,49375743979803,Best practices for improving SMS performance,sms-whatsapp/How-to-increase-SMS-conversion-rates-4404609990171.md,_source/articles/4404609990171.json,_source/articles/4404609990171.body.html,_source/rendered/4404609990171.html,yes,sms-whatsapp/How-to-increase-SMS-conversion-rates.md,yes,10988,publish,如何提高短信转化率,https://dynamicycle.com/docs/articles-how-to-increase-sms-conversion-rates/
5306587861531,How to indicate the country for an SMS import,https://help.klaviyo.com/hc/en-us/articles/5306587861531-How-to-indicate-the-country-for-an-SMS-import,sms-whatsapp,49375804348443,Import SMS contacts,sms-whatsapp/How-to-indicate-the-country-for-an-SMS-import-5306587861531.md,_source/articles/5306587861531.json,_source/articles/5306587861531.body.html,_source/rendered/5306587861531.html,yes,sms-whatsapp/How-to-indicate-the-country-for-an-SMS-import.md,yes,11061,publish,如何指示短信导入的国家/地区,https://dynamicycle.com/docs/articles-how-to-indicate-the-country-for-an-sms-import/
42139321312283,How to maintain a high WhatsApp quality score,https://help.klaviyo.com/hc/en-us/articles/42139321312283-How-to-maintain-a-high-WhatsApp-quality-score,sms-whatsapp,49375968852507,Understand WhatsApp with Klaviyo,sms-whatsapp/How-to-maintain-a-high-WhatsApp-quality-score-42139321312283.md,_source/articles/42139321312283.json,_source/articles/42139321312283.body.html,_source/rendered/42139321312283.html,yes,sms-whatsapp/How-to-maintain-a-high-WhatsApp-quality-score.md,yes,10306,upload_meta_only,如何保持 WhatsApp 的高质量评分,
40116568714523,How to migrate from WhatsApp Business App to Klaviyo,https://help.klaviyo.com/hc/en-us/articles/40116568714523-How-to-migrate-from-WhatsApp-Business-App-to-Klaviyo,sms-whatsapp,49375937946395,Migrate to Klaviyo,sms-whatsapp/How-to-migrate-from-WhatsApp-Business-App-to-Klaviyo-40116568714523.md,_source/articles/40116568714523.json,_source/articles/40116568714523.body.html,_source/rendered/40116568714523.html,yes,sms-whatsapp/How-to-migrate-from-WhatsApp-Business-App-to-Klaviyo.md,yes,10333,upload_meta_only,如何从 WhatsApp Business 应用迁移到 Klaviyo,
40116637850651,How to migrate from another WhatsApp Business Solution Provider to Klaviyo,https://help.klaviyo.com/hc/en-us/articles/40116637850651-How-to-migrate-from-another-WhatsApp-Business-Solution-Provider-to-Klaviyo,sms-whatsapp,49375937946395,Migrate to Klaviyo,sms-whatsapp/How-to-migrate-from-another-WhatsApp-Business-Solution-Provider-to-Klaviyo-40116637850651.md,_source/articles/40116637850651.json,_source/articles/40116637850651.body.html,_source/rendered/40116637850651.html,yes,sms-whatsapp/How-to-migrate-from-another-WhatsApp-Business-Solution-Provider-to-Klaviyo.md,yes,10332,upload_meta_only,如何从其他 WhatsApp 业务解决方案提供商迁移到 Klaviyo,
7117160207131,How to port a number into Klaviyo,https://help.klaviyo.com/hc/en-us/articles/7117160207131-How-to-port-a-number-into-Klaviyo,sms-whatsapp,49375832892571,Migrate SMS providers,sms-whatsapp/How-to-port-a-number-into-Klaviyo-7117160207131.md,_source/articles/7117160207131.json,_source/articles/7117160207131.body.html,_source/rendered/7117160207131.html,yes,sms-whatsapp/How-to-port-a-number-into-Klaviyo.md,yes,10978,publish,如何将号码转入 Klaviyo,https://dynamicycle.com/docs/articles-how-to-port-a-number-into-klaviyo/
360051013832,How to remove SMS consent from a single profile,https://help.klaviyo.com/hc/en-us/articles/360051013832-How-to-remove-SMS-consent-from-a-single-profile,sms-whatsapp,49375763905051,Manage your SMS profiles,sms-whatsapp/How-to-remove-SMS-consent-from-a-single-profile-360051013832.md,_source/articles/360051013832.json,_source/articles/360051013832.body.html,_source/rendered/360051013832.html,yes,sms-whatsapp/How-to-remove-SMS-consent-from-a-single-profile.md,yes,11247,publish,如何从单个配置文件中删除短信同意,https://dynamicycle.com/docs/articles-how-to-remove-sms-consent-from-a-single-profile/
26705180655003,How to request a long code in Klaviyo,https://help.klaviyo.com/hc/en-us/articles/26705180655003-How-to-request-a-long-code-in-Klaviyo,sms-whatsapp,49375831516059,About sending numbers,sms-whatsapp/How-to-request-a-long-code-in-Klaviyo-26705180655003.md,_source/articles/26705180655003.json,_source/articles/26705180655003.body.html,_source/rendered/26705180655003.html,yes,sms-whatsapp/How-to-request-a-long-code-in-Klaviyo.md,yes,11036,publish,如何在 Klaviyo 中请求长代码,https://dynamicycle.com/docs/articles-how-to-request-a-long-code-in-klaviyo/
18523292380187,How to resolve AT&T spam traps,https://help.klaviyo.com/hc/en-us/articles/18523292380187-How-to-resolve-AT-T-spam-traps,sms-whatsapp,49375736920731,SMS deliverability best practices,sms-whatsapp/How-to-resolve-AT&T-spam-traps-18523292380187.md,_source/articles/18523292380187.json,_source/articles/18523292380187.body.html,_source/rendered/18523292380187.html,yes,sms-whatsapp/How-to-resolve-AT&T-spam-traps.md,yes,11042,publish,如何解决 AT&T 垃圾邮件陷阱,https://dynamicycle.com/docs/articles-how-to-resolve-at-t-spam-traps/
4402954226459,How to segment SMS subscribers by country,https://help.klaviyo.com/hc/en-us/articles/4402954226459-How-to-segment-SMS-subscribers-by-country,sms-whatsapp,49375740663579,Segment your SMS subscribers,sms-whatsapp/How-to-segment-SMS-subscribers-by-country-4402954226459.md,_source/articles/4402954226459.json,_source/articles/4402954226459.body.html,_source/rendered/4402954226459.html,yes,sms-whatsapp/How-to-segment-SMS-subscribers-by-country.md,yes,11463,publish,如何按国家/地区细分 SMS 用户,https://dynamicycle.com/docs/articles-how-to-segment-sms-subscribers-by-country/
18389135527323,How to send order updates via SMS for Shopify,https://help.klaviyo.com/hc/en-us/articles/18389135527323-How-to-send-order-updates-via-SMS-for-Shopify,sms-whatsapp,49375773965595,Brand loyalty SMS flows,sms-whatsapp/How-to-send-order-updates-via-SMS-for-Shopify-18389135527323.md,_source/articles/18389135527323.json,_source/articles/18389135527323.body.html,_source/rendered/18389135527323.html,yes,sms-whatsapp/How-to-send-order-updates-via-SMS-for-Shopify.md,yes,10962,publish,如何通过 SMS 为 Shopify 发送订单更新,https://dynamicycle.com/docs/articles-how-to-send-order-updates-via-sms-for-shopify/
46625983798299,How to send transactional WhatsApp messages,https://help.klaviyo.com/hc/en-us/articles/46625983798299-How-to-send-transactional-WhatsApp-messages,sms-whatsapp,49375924951451,Send and use WhatsApp with Klaviyo,sms-whatsapp/How-to-send-transactional-WhatsApp-messages-46625983798299.md,_source/articles/46625983798299.json,_source/articles/46625983798299.body.html,_source/rendered/46625983798299.html,yes,sms-whatsapp/How-to-send-transactional-WhatsApp-messages.md,yes,10252,upload_meta_only,如何发送 WhatsApp 交易消息,
46581422667035,How to set up RCS messaging,https://help.klaviyo.com/hc/en-us/articles/46581422667035-How-to-set-up-RCS-messaging,sms-whatsapp,49375970807323,RCS,sms-whatsapp/How-to-set-up-RCS-messaging-46581422667035.md,_source/articles/46581422667035.json,_source/articles/46581422667035.body.html,_source/rendered/46581422667035.html,yes,sms-whatsapp/How-to-set-up-RCS-messaging.md,yes,10257,upload_meta_only,如何设置 RCS 消息传递,
4404274419355,How to set up SMS in Klaviyo,https://help.klaviyo.com/hc/en-us/articles/4404274419355-How-to-set-up-SMS-in-Klaviyo,sms-whatsapp,49375806470427,Set up SMS,sms-whatsapp/How-to-set-up-SMS-in-Klaviyo-4404274419355.md,_source/articles/4404274419355.json,_source/articles/4404274419355.body.html,_source/rendered/4404274419355.html,yes,sms-whatsapp/How-to-set-up-SMS-in-Klaviyo.md,yes,10863,publish,如何在 Klaviyo 中设置短信,https://dynamicycle.com/docs/articles-how-to-set-up-sms-in-klaviyo/
48363561261467,How to set up and edit your WhatsApp display name,https://help.klaviyo.com/hc/en-us/articles/48363561261467-How-to-set-up-and-edit-your-WhatsApp-display-name,sms-whatsapp,49375959162395,Getting started with WhatsApp,sms-whatsapp/How-to-set-up-and-edit-your-WhatsApp-display-name-48363561261467.md,_source/articles/48363561261467.json,_source/articles/48363561261467.body.html,_source/rendered/48363561261467.html,yes,sms-whatsapp/How-to-set-up-and-edit-your-WhatsApp-display-name.md,yes,10230,upload_meta_only,如何设置和编辑您的 WhatsApp 显示名称,
31963445305371,How to set up call forwarding for your toll-free number,https://help.klaviyo.com/hc/en-us/articles/31963445305371-How-to-set-up-call-forwarding-for-your-toll-free-number,sms-whatsapp,49375747879195,Understanding SMS compliance settings,sms-whatsapp/How-to-set-up-call-forwarding-for-your-toll-free-number-31963445305371.md,_source/articles/31963445305371.json,_source/articles/31963445305371.body.html,_source/rendered/31963445305371.html,yes,sms-whatsapp/How-to-set-up-call-forwarding-for-your-toll-free-number.md,yes,10405,upload_meta_only,如何为您的免费电话号码设置呼叫转接,
11644128409371,How to set up your SMS disclosure language,https://help.klaviyo.com/hc/en-us/articles/11644128409371-How-to-set-up-your-SMS-disclosure-language,sms-whatsapp,49375806470427,Set up SMS,sms-whatsapp/How-to-set-up-your-SMS-disclosure-language-11644128409371.md,_source/articles/11644128409371.json,_source/articles/11644128409371.body.html,_source/rendered/11644128409371.html,yes,sms-whatsapp/How-to-set-up-your-SMS-disclosure-language.md,yes,11056,publish,如何设置您的短信披露语言,https://dynamicycle.com/docs/articles-how-to-set-up-your-sms-disclosure-language/
14953787622427,How to set up your branded sender ID,https://help.klaviyo.com/hc/en-us/articles/14953787622427-How-to-set-up-your-branded-sender-ID,sms-whatsapp,49375831516059,About sending numbers,sms-whatsapp/How-to-set-up-your-branded-sender-ID-14953787622427.md,_source/articles/14953787622427.json,_source/articles/14953787622427.body.html,_source/rendered/14953787622427.html,yes,sms-whatsapp/How-to-set-up-your-branded-sender-ID.md,yes,11123,publish,如何设置您的品牌发件人 ID,https://dynamicycle.com/docs/articles-how-to-set-up-your-branded-sender-id/
4403980438555,How to tell subscribers about a change in phone number,https://help.klaviyo.com/hc/en-us/articles/4403980438555-How-to-tell-subscribers-about-a-change-in-phone-number,sms-whatsapp,49375832892571,Migrate SMS providers,sms-whatsapp/How-to-tell-subscribers-about-a-change-in-phone-number-4403980438555.md,_source/articles/4403980438555.json,_source/articles/4403980438555.body.html,_source/rendered/4403980438555.html,yes,sms-whatsapp/How-to-tell-subscribers-about-a-change-in-phone-number.md,yes,10889,publish,如何告知订阅者电话号码变更,https://dynamicycle.com/docs/articles-how-to-tell-subscribers-about-a-change-in-phone-number/
41073297828379,How to track RCS opens in Klaviyo,https://help.klaviyo.com/hc/en-us/articles/41073297828379-How-to-track-RCS-opens-in-Klaviyo,sms-whatsapp,49375970807323,RCS,sms-whatsapp/How-to-track-RCS-opens-in-Klaviyo-41073297828379.md,_source/articles/41073297828379.json,_source/articles/41073297828379.body.html,_source/rendered/41073297828379.html,yes,sms-whatsapp/How-to-track-RCS-opens-in-Klaviyo.md,yes,11169,publish,如何跟踪 Klaviyo 中的 RCS 打开,https://dynamicycle.com/docs/articles-how-to-track-rcs-opens-in-klaviyo/
360035428731,How to upload a list of SMS contacts,https://help.klaviyo.com/hc/en-us/articles/360035428731-How-to-upload-a-list-of-SMS-contacts,sms-whatsapp,49375804348443,Import SMS contacts,sms-whatsapp/How-to-upload-a-list-of-SMS-contacts-360035428731.md,_source/articles/360035428731.json,_source/articles/360035428731.body.html,_source/rendered/360035428731.html,yes,sms-whatsapp/How-to-upload-a-list-of-SMS-contacts.md,yes,10689,upload_meta_only,如何上传短信联系人列表,
40116243735579,How to upload a list of WhatsApp contacts,https://help.klaviyo.com/hc/en-us/articles/40116243735579-How-to-upload-a-list-of-WhatsApp-contacts,sms-whatsapp,49375959162395,Getting started with WhatsApp,sms-whatsapp/How-to-upload-a-list-of-WhatsApp-contacts-40116243735579.md,_source/articles/40116243735579.json,_source/articles/40116243735579.body.html,_source/rendered/40116243735579.html,yes,sms-whatsapp/How-to-upload-a-list-of-WhatsApp-contacts.md,yes,11315,publish,如何上传 WhatsApp 联系人列表,https://dynamicycle.com/docs/articles-how-to-upload-a-list-of-whatsapp-contacts/
360056849631,How to use Klaviyo email and SMS together,https://help.klaviyo.com/hc/en-us/articles/360056849631-How-to-use-Klaviyo-email-and-SMS-together,sms-whatsapp,49375826364443,Sending best practices,sms-whatsapp/How-to-use-Klaviyo-email-and-SMS-together-360056849631.md,_source/articles/360056849631.json,_source/articles/360056849631.body.html,_source/rendered/360056849631.html,yes,sms-whatsapp/How-to-use-Klaviyo-email-and-SMS-together.md,yes,10992,publish,如何同时使用 Klaviyo 电子邮件和短信,https://dynamicycle.com/docs/articles-how-to-use-klaviyo-email-and-sms-together/
10039353259163,How to use Klaviyo's SMS assistant,https://help.klaviyo.com/hc/en-us/articles/10039353259163-How-to-use-Klaviyo-s-SMS-assistant,sms-whatsapp,49375785493659,Format your SMS messages,sms-whatsapp/How-to-use-Klaviyo's-SMS-assistant-10039353259163.md,_source/articles/10039353259163.json,_source/articles/10039353259163.body.html,_source/rendered/10039353259163.html,yes,sms-whatsapp/How-to-use-Klaviyo's-SMS-assistant.md,yes,11394,publish,如何使用Klaviyo的短信助手,https://dynamicycle.com/docs/articles-how-to-use-klaviyo-s-sms-assistant/
16318679373595,How to use SMS in replenishment flows,https://help.klaviyo.com/hc/en-us/articles/16318679373595-How-to-use-SMS-in-replenishment-flows,sms-whatsapp,49375773965595,Brand loyalty SMS flows,sms-whatsapp/How-to-use-SMS-in-replenishment-flows-16318679373595.md,_source/articles/16318679373595.json,_source/articles/16318679373595.body.html,_source/rendered/16318679373595.html,yes,sms-whatsapp/How-to-use-SMS-in-replenishment-flows.md,yes,10536,upload_meta_only,如何在补货流程中使用短信,
7954040204827,How to use SMS in your back in stock flows,https://help.klaviyo.com/hc/en-us/articles/7954040204827-How-to-use-SMS-in-your-back-in-stock-flows,sms-whatsapp,49375774486811,Revenue-generating SMS flows,sms-whatsapp/How-to-use-SMS-in-your-back-in-stock-flows-7954040204827.md,_source/articles/7954040204827.json,_source/articles/7954040204827.body.html,_source/rendered/7954040204827.html,yes,sms-whatsapp/How-to-use-SMS-in-your-back-in-stock-flows.md,yes,11182,publish,如何在库存流程中使用短信,https://dynamicycle.com/docs/articles-how-to-use-sms-in-your-back-in-stock-flows/
24743883751451,How to use Smart Opt-in to collect SMS consent in sign-up forms,https://help.klaviyo.com/hc/en-us/articles/24743883751451-How-to-use-Smart-Opt-in-to-collect-SMS-consent-in-sign-up-forms,sms-whatsapp,49375796651675,Build forms to grow your SMS list,sms-whatsapp/How-to-use-Smart-Opt-in-to-collect-SMS-consent-in-sign-up-forms-24743883751451.md,_source/articles/24743883751451.json,_source/articles/24743883751451.body.html,_source/rendered/24743883751451.html,yes,sms-whatsapp/How-to-use-Smart-Opt-in-to-collect-SMS-consent-in-sign-up-forms.md,yes,10455,upload_meta_only,如何使用智能选择加入来收集注册表单中的短信同意,
17252552814875,How to use age-gating with Klaviyo,https://help.klaviyo.com/hc/en-us/articles/17252552814875-How-to-use-age-gating-with-Klaviyo,sms-whatsapp,49375771719195,SMS age-gating and prohibited content,sms-whatsapp/How-to-use-age-gating-with-Klaviyo-17252552814875.md,_source/articles/17252552814875.json,_source/articles/17252552814875.body.html,_source/rendered/17252552814875.html,yes,sms-whatsapp/How-to-use-age-gating-with-Klaviyo.md,yes,10527,upload_meta_only,如何通过 Klaviyo 使用年龄限制,
47295543266715,How to use dynamic content in WhatsApp templates,https://help.klaviyo.com/hc/en-us/articles/47295543266715-How-to-use-dynamic-content-in-WhatsApp-templates,sms-whatsapp,49375924951451,Send and use WhatsApp with Klaviyo,sms-whatsapp/How-to-use-dynamic-content-in-WhatsApp-templates-47295543266715.md,_source/articles/47295543266715.json,_source/articles/47295543266715.body.html,_source/rendered/47295543266715.html,yes,sms-whatsapp/How-to-use-dynamic-content-in-WhatsApp-templates.md,yes,10241,upload_meta_only,如何在 WhatsApp 模板中使用动态内容,
41072989967515,How to use the RCS capability property in Klaviyo,https://help.klaviyo.com/hc/en-us/articles/41072989967515-How-to-use-the-RCS-capability-property-in-Klaviyo,sms-whatsapp,49375970807323,RCS,sms-whatsapp/How-to-use-the-RCS-capability-property-in-Klaviyo-41072989967515.md,_source/articles/41072989967515.json,_source/articles/41072989967515.body.html,_source/rendered/41072989967515.html,yes,sms-whatsapp/How-to-use-the-RCS-capability-property-in-Klaviyo.md,yes,10829,publish,如何在 Klaviyo 中使用 RCS 功能属性,https://dynamicycle.com/docs/articles-how-to-use-the-rcs-capability-property-in-klaviyo/
360044863132,How to use unique coupon codes in SMS and MMS messages,https://help.klaviyo.com/hc/en-us/articles/360044863132-How-to-use-unique-coupon-codes-in-SMS-and-MMS-messages,sms-whatsapp,49375785493659,Format your SMS messages,sms-whatsapp/How-to-use-unique-coupon-codes-in-SMS-and-MMS-messages-360044863132.md,_source/articles/360044863132.json,_source/articles/360044863132.body.html,_source/rendered/360044863132.html,yes,sms-whatsapp/How-to-use-unique-coupon-codes-in-SMS-and-MMS-messages.md,yes,11002,publish,如何在短信和彩信中使用唯一的优惠券代码,https://dynamicycle.com/docs/articles-how-to-use-unique-coupon-codes-in-sms-and-mms-messages/
35737275447067,How to use unsubscribe detection,https://help.klaviyo.com/hc/en-us/articles/35737275447067-How-to-use-unsubscribe-detection,sms-whatsapp,49375747879195,Understanding SMS compliance settings,sms-whatsapp/How-to-use-unsubscribe-detection-35737275447067.md,_source/articles/35737275447067.json,_source/articles/35737275447067.body.html,_source/rendered/35737275447067.html,yes,sms-whatsapp/How-to-use-unsubscribe-detection.md,yes,10364,upload_meta_only,如何使用取消订阅检测,
44519286665115,How to write a WhatsApp double opt-in template,https://help.klaviyo.com/hc/en-us/articles/44519286665115-How-to-write-a-WhatsApp-double-opt-in-template,sms-whatsapp,49375959162395,Getting started with WhatsApp,sms-whatsapp/How-to-write-a-WhatsApp-double-opt-in-template-44519286665115.md,_source/articles/44519286665115.json,_source/articles/44519286665115.body.html,_source/rendered/44519286665115.html,yes,sms-whatsapp/How-to-write-a-WhatsApp-double-opt-in-template.md,yes,11392,publish,如何编写 WhatsApp 双重选择加入模板,https://dynamicycle.com/docs/articles-how-to-write-a-whatsapp-double-opt-in-template/
6456860853275,"MMS throughput in the US, Canada, and Australia",https://help.klaviyo.com/hc/en-us/articles/6456860853275-MMS-throughput-in-the-US-Canada-and-Australia,sms-whatsapp,49375736920731,SMS deliverability best practices,"sms-whatsapp/MMS-throughput-in-the-US,-Canada,-and-Australia-6456860853275.md",_source/articles/6456860853275.json,_source/articles/6456860853275.body.html,_source/rendered/6456860853275.html,yes,"sms-whatsapp/MMS-throughput-in-the-US,-Canada,-and-Australia.md",yes,10589,upload_meta_only,美国、加拿大和澳大利亚的 MMS 吞吐量,
360035511812,Migrating from another SMS provider to Klaviyo,https://help.klaviyo.com/hc/en-us/articles/360035511812-Migrating-from-another-SMS-provider-to-Klaviyo,sms-whatsapp,49375832892571,Migrate SMS providers,sms-whatsapp/Migrating-from-another-SMS-provider-to-Klaviyo-360035511812.md,_source/articles/360035511812.json,_source/articles/360035511812.body.html,_source/rendered/360035511812.html,yes,sms-whatsapp/Migrating-from-another-SMS-provider-to-Klaviyo.md,yes,10688,upload_meta_only,从其他 SMS 提供商迁移到 Klaviyo,
41073540219547,RCS Pricing,https://help.klaviyo.com/hc/en-us/articles/41073540219547-RCS-Pricing,sms-whatsapp,49375970807323,RCS,sms-whatsapp/RCS-Pricing-41073540219547.md,_source/articles/41073540219547.json,_source/articles/41073540219547.body.html,_source/rendered/41073540219547.html,yes,sms-whatsapp/RCS-Pricing.md,yes,11233,publish,RCS 定价,https://dynamicycle.com/docs/articles-rcs-pricing/
45972883876891,RCS on iOS: known limitations and what to expect,https://help.klaviyo.com/hc/en-us/articles/45972883876891-RCS-on-iOS-known-limitations-and-what-to-expect,sms-whatsapp,49375970807323,RCS,sms-whatsapp/RCS-on-iOS-known-limitations-and-what-to-expect-45972883876891.md,_source/articles/45972883876891.json,_source/articles/45972883876891.body.html,_source/rendered/45972883876891.html,yes,sms-whatsapp/RCS-on-iOS-known-limitations-and-what-to-expect.md,yes,10262,upload_meta_only,iOS 上的 RCS：已知限制和预期结果,
46633303354907,RCS vs SMS vs MMS,https://help.klaviyo.com/hc/en-us/articles/46633303354907-RCS-vs-SMS-vs-MMS,sms-whatsapp,49375970807323,RCS,sms-whatsapp/RCS-vs-SMS-vs-MMS-46633303354907.md,_source/articles/46633303354907.json,_source/articles/46633303354907.body.html,_source/rendered/46633303354907.html,yes,sms-whatsapp/RCS-vs-SMS-vs-MMS.md,yes,10251,upload_meta_only,RCS、短信、彩信,
360047879512,Recommended SMS segments reference,https://help.klaviyo.com/hc/en-us/articles/360047879512-Recommended-SMS-segments-reference,sms-whatsapp,49375740663579,Segment your SMS subscribers,sms-whatsapp/Recommended-SMS-segments-reference-360047879512.md,_source/articles/360047879512.json,_source/articles/360047879512.body.html,_source/rendered/360047879512.html,yes,sms-whatsapp/Recommended-SMS-segments-reference.md,yes,11414,publish,推荐短信段参考,https://dynamicycle.com/docs/articles-recommended-sms-segments-reference/
46806173017243,Recommended WhatsApp segments reference,https://help.klaviyo.com/hc/en-us/articles/46806173017243-Recommended-WhatsApp-segments-reference,sms-whatsapp,49375959162395,Getting started with WhatsApp,sms-whatsapp/Recommended-WhatsApp-segments-reference-46806173017243.md,_source/articles/46806173017243.json,_source/articles/46806173017243.body.html,_source/rendered/46806173017243.html,yes,sms-whatsapp/Recommended-WhatsApp-segments-reference.md,yes,11168,publish,推荐的 WhatsApp 细分参考,https://dynamicycle.com/docs/articles-recommended-whatsapp-segments-reference/
360055914412,SMS glossary,https://help.klaviyo.com/hc/en-us/articles/360055914412-SMS-glossary,sms-whatsapp,49375832168347,Understand SMS,sms-whatsapp/SMS-glossary-360055914412.md,_source/articles/360055914412.json,_source/articles/360055914412.body.html,_source/rendered/360055914412.html,yes,sms-whatsapp/SMS-glossary.md,yes,10637,upload_meta_only,短信术语表,
27902671291419,SMS opt-in methods reference,https://help.klaviyo.com/hc/en-us/articles/27902671291419-SMS-opt-in-methods-reference,sms-whatsapp,49375812160155,About collecting SMS consent,sms-whatsapp/SMS-opt-in-methods-reference-27902671291419.md,_source/articles/27902671291419.json,_source/articles/27902671291419.body.html,_source/rendered/27902671291419.html,yes,sms-whatsapp/SMS-opt-in-methods-reference.md,yes,10845,publish,短信选择加入方法参考,https://dynamicycle.com/docs/articles-sms-opt-in-methods-reference/
4404199571867,SMS privacy policy best practices,https://help.klaviyo.com/hc/en-us/articles/4404199571867-SMS-privacy-policy-best-practices,sms-whatsapp,49375806470427,Set up SMS,sms-whatsapp/SMS-privacy-policy-best-practices-4404199571867.md,_source/articles/4404199571867.json,_source/articles/4404199571867.body.html,_source/rendered/4404199571867.html,yes,sms-whatsapp/SMS-privacy-policy-best-practices.md,yes,10990,publish,短信隐私政策最佳实践,https://dynamicycle.com/docs/articles-sms-privacy-policy-best-practices/
26886941270171,Short code application reference,https://help.klaviyo.com/hc/en-us/articles/26886941270171-Short-code-application-reference,sms-whatsapp,49375831516059,About sending numbers,sms-whatsapp/Short-code-application-reference-26886941270171.md,_source/articles/26886941270171.json,_source/articles/26886941270171.body.html,_source/rendered/26886941270171.html,yes,sms-whatsapp/Short-code-application-reference.md,yes,10847,publish,短代码应用参考,https://dynamicycle.com/docs/articles-short-code-application-reference/
42141066963355,Troubleshoot WhatsApp message delivery errors,https://help.klaviyo.com/hc/en-us/articles/42141066963355-Troubleshoot-WhatsApp-message-delivery-errors,sms-whatsapp,49375968852507,Understand WhatsApp with Klaviyo,sms-whatsapp/Troubleshoot-WhatsApp-message-delivery-errors-42141066963355.md,_source/articles/42141066963355.json,_source/articles/42141066963355.body.html,_source/rendered/42141066963355.html,yes,sms-whatsapp/Troubleshoot-WhatsApp-message-delivery-errors.md,yes,10305,upload_meta_only,解决 WhatsApp 消息传送错误,
45501730781211,US Short Code Annual Brand Vetting,https://help.klaviyo.com/hc/en-us/articles/45501730781211-US-Short-Code-Annual-Brand-Vetting,sms-whatsapp,49375831516059,About sending numbers,sms-whatsapp/US-Short-Code-Annual-Brand-Vetting-45501730781211.md,_source/articles/45501730781211.json,_source/articles/45501730781211.body.html,_source/rendered/45501730781211.html,yes,sms-whatsapp/US-Short-Code-Annual-Brand-Vetting.md,yes,10269,upload_meta_only,美国短代码年度品牌审查,
4402385511579,Understand Canada's anti-spam legislation,https://help.klaviyo.com/hc/en-us/articles/4402385511579-Understand-Canada-s-anti-spam-legislation,sms-whatsapp,49375746763803,North America: SMS compliance,sms-whatsapp/Understand-Canada's-anti-spam-legislation-4402385511579.md,_source/articles/4402385511579.json,_source/articles/4402385511579.body.html,_source/rendered/4402385511579.html,yes,sms-whatsapp/Understand-Canada's-anti-spam-legislation.md,yes,10616,upload_meta_only,了解加拿大的反垃圾邮件立法,
13502982552347,Understand Klaviyo's mobile credit system,https://help.klaviyo.com/hc/en-us/articles/13502982552347-Understand-Klaviyo-s-mobile-credit-system,sms-whatsapp,49375806470427,Set up SMS,sms-whatsapp/Understand-Klaviyo's-mobile-credit-system-13502982552347.md,_source/articles/13502982552347.json,_source/articles/13502982552347.body.html,_source/rendered/13502982552347.html,yes,sms-whatsapp/Understand-Klaviyo's-mobile-credit-system.md,yes,11125,publish,了解Klaviyo的移动信用系统,https://dynamicycle.com/docs/articles-understand-klaviyo-s-mobile-credit-system/
40116442241179,Understand WhatsApp billing in Klaviyo,https://help.klaviyo.com/hc/en-us/articles/40116442241179-Understand-WhatsApp-billing-in-Klaviyo,sms-whatsapp,49375968852507,Understand WhatsApp with Klaviyo,sms-whatsapp/Understand-WhatsApp-billing-in-Klaviyo-40116442241179.md,_source/articles/40116442241179.json,_source/articles/40116442241179.body.html,_source/rendered/40116442241179.html,yes,sms-whatsapp/Understand-WhatsApp-billing-in-Klaviyo.md,yes,10335,upload_meta_only,了解 Klaviyo 中的 WhatsApp 计费,
4406840113563,Understanding Australia's anti-spam legislation,https://help.klaviyo.com/hc/en-us/articles/4406840113563-Understanding-Australia-s-anti-spam-legislation,sms-whatsapp,49375754085659,Oceania: SMS compliance,sms-whatsapp/Understanding-Australia's-anti-spam-legislation-4406840113563.md,_source/articles/4406840113563.json,_source/articles/4406840113563.body.html,_source/rendered/4406840113563.html,yes,sms-whatsapp/Understanding-Australia's-anti-spam-legislation.md,yes,10603,upload_meta_only,了解澳大利亚的反垃圾邮件立法,
4405332994843,Understanding Florida's mini-TCPA,https://help.klaviyo.com/hc/en-us/articles/4405332994843-Understanding-Florida-s-mini-TCPA,sms-whatsapp,49375746763803,North America: SMS compliance,sms-whatsapp/Understanding-Florida's-mini-TCPA-4405332994843.md,_source/articles/4405332994843.json,_source/articles/4405332994843.body.html,_source/rendered/4405332994843.html,yes,sms-whatsapp/Understanding-Florida's-mini-TCPA.md,yes,10987,publish,了解佛罗里达州的迷你 TCPA,https://dynamicycle.com/docs/articles-understanding-florida-s-mini-tcpa/
360041074911,Understanding MMS image and GIF best practices,https://help.klaviyo.com/hc/en-us/articles/360041074911-Understanding-MMS-image-and-GIF-best-practices,sms-whatsapp,49375826364443,Sending best practices,sms-whatsapp/Understanding-MMS-image-and-GIF-best-practices-360041074911.md,_source/articles/360041074911.json,_source/articles/360041074911.body.html,_source/rendered/360041074911.html,yes,sms-whatsapp/Understanding-MMS-image-and-GIF-best-practices.md,yes,11139,publish,了解 MMS 图像和 GIF 最佳实践,https://dynamicycle.com/docs/articles-understanding-mms-image-and-gif-best-practices/
9621685242267,Understanding New Zealand's anti-spam legislation ,https://help.klaviyo.com/hc/en-us/articles/9621685242267-Understanding-New-Zealand-s-anti-spam-legislation,sms-whatsapp,49375754085659,Oceania: SMS compliance,sms-whatsapp/Understanding-New-Zealand's-anti-spam-legislation-9621685242267.md,_source/articles/9621685242267.json,_source/articles/9621685242267.body.html,_source/rendered/9621685242267.html,yes,sms-whatsapp/Understanding-New-Zealand's-anti-spam-legislation.md,yes,10573,upload_meta_only,了解新西兰的反垃圾邮件立法,
16576963362715,Understanding Oklahoma's mini-TCPA,https://help.klaviyo.com/hc/en-us/articles/16576963362715-Understanding-Oklahoma-s-mini-TCPA,sms-whatsapp,49375746763803,North America: SMS compliance,sms-whatsapp/Understanding-Oklahoma's-mini-TCPA-16576963362715.md,_source/articles/16576963362715.json,_source/articles/16576963362715.body.html,_source/rendered/16576963362715.html,yes,sms-whatsapp/Understanding-Oklahoma's-mini-TCPA.md,yes,10864,publish,了解俄克拉荷马州的迷你 TCPA,https://dynamicycle.com/docs/articles-understanding-oklahoma-s-mini-tcpa/
4401822831771,Understanding SMS and MMS prohibited content,https://help.klaviyo.com/hc/en-us/articles/4401822831771-Understanding-SMS-and-MMS-prohibited-content,sms-whatsapp,49375771719195,SMS age-gating and prohibited content,sms-whatsapp/Understanding-SMS-and-MMS-prohibited-content-4401822831771.md,_source/articles/4401822831771.json,_source/articles/4401822831771.body.html,_source/rendered/4401822831771.html,yes,sms-whatsapp/Understanding-SMS-and-MMS-prohibited-content.md,yes,11192,publish,了解短信和彩信禁止内容,https://dynamicycle.com/docs/articles-understanding-sms-and-mms-prohibited-content/
29928896469531,Understanding SMS compliance keywords in Klaviyo,https://help.klaviyo.com/hc/en-us/articles/29928896469531-Understanding-SMS-compliance-keywords-in-Klaviyo,sms-whatsapp,49375747879195,Understanding SMS compliance settings,sms-whatsapp/Understanding-SMS-compliance-keywords-in-Klaviyo-29928896469531.md,_source/articles/29928896469531.json,_source/articles/29928896469531.body.html,_source/rendered/29928896469531.html,yes,sms-whatsapp/Understanding-SMS-compliance-keywords-in-Klaviyo.md,yes,10414,upload_meta_only,了解 Klaviyo 中的 SMS 合规性关键字,
360035056972,Understanding SMS consent collection,https://help.klaviyo.com/hc/en-us/articles/360035056972-Understanding-SMS-consent-collection,sms-whatsapp,49375812160155,About collecting SMS consent,sms-whatsapp/Understanding-SMS-consent-collection-360035056972.md,_source/articles/360035056972.json,_source/articles/360035056972.body.html,_source/rendered/360035056972.html,yes,sms-whatsapp/Understanding-SMS-consent-collection.md,yes,10690,upload_meta_only,了解短信同意收集,
360039239172,Understanding SMS failure reasons and resolution steps,https://help.klaviyo.com/hc/en-us/articles/360039239172-Understanding-SMS-failure-reasons-and-resolution-steps,sms-whatsapp,49375736920731,SMS deliverability best practices,sms-whatsapp/Understanding-SMS-failure-reasons-and-resolution-steps-360039239172.md,_source/articles/360039239172.json,_source/articles/360039239172.body.html,_source/rendered/360039239172.html,yes,sms-whatsapp/Understanding-SMS-failure-reasons-and-resolution-steps.md,yes,10902,publish,了解短信失败原因及解决步骤,https://dynamicycle.com/docs/articles-understanding-sms-failure-reasons-and-resolution-steps/
360035345572,Understanding SMS metrics,https://help.klaviyo.com/hc/en-us/articles/360035345572-Understanding-SMS-metrics,sms-whatsapp,49375768926491,Getting started with SMS analytics and metrics,sms-whatsapp/Understanding-SMS-metrics-360035345572.md,_source/articles/360035345572.json,_source/articles/360035345572.body.html,_source/rendered/360035345572.html,yes,sms-whatsapp/Understanding-SMS-metrics.md,yes,11330,publish,了解短信指标,https://dynamicycle.com/docs/articles-understanding-sms-metrics/
6637671573403,Understanding SMS sending numbers,https://help.klaviyo.com/hc/en-us/articles/6637671573403-Understanding-SMS-sending-numbers,sms-whatsapp,49375831516059,About sending numbers,sms-whatsapp/Understanding-SMS-sending-numbers-6637671573403.md,_source/articles/6637671573403.json,_source/articles/6637671573403.body.html,_source/rendered/6637671573403.html,yes,sms-whatsapp/Understanding-SMS-sending-numbers.md,yes,10588,upload_meta_only,了解短信发送号码,
44447515845019,Understanding State Laws Limiting Frequency of Marketing Text Messages,https://help.klaviyo.com/hc/en-us/articles/44447515845019-Understanding-State-Laws-Limiting-Frequency-of-Marketing-Text-Messages,sms-whatsapp,49375746763803,North America: SMS compliance,sms-whatsapp/Understanding-State-Laws-Limiting-Frequency-of-Marketing-Text-Messages-44447515845019.md,_source/articles/44447515845019.json,_source/articles/44447515845019.body.html,_source/rendered/44447515845019.html,yes,sms-whatsapp/Understanding-State-Laws-Limiting-Frequency-of-Marketing-Text-Messages.md,yes,10283,upload_meta_only,了解限制营销短信频率的州法律,
39190647089691,Understanding Texas's business and commerce code update,https://help.klaviyo.com/hc/en-us/articles/39190647089691-Understanding-Texas-s-business-and-commerce-code-update,sms-whatsapp,49375746763803,North America: SMS compliance,sms-whatsapp/Understanding-Texas's-business-and-commerce-code-update-39190647089691.md,_source/articles/39190647089691.json,_source/articles/39190647089691.body.html,_source/rendered/39190647089691.html,yes,sms-whatsapp/Understanding-Texas's-business-and-commerce-code-update.md,yes,10343,upload_meta_only,了解德克萨斯州的商业和商业代码更新,
360035055312,Understanding US SMS compliance laws,https://help.klaviyo.com/hc/en-us/articles/360035055312-Understanding-US-SMS-compliance-laws,sms-whatsapp,49375746763803,North America: SMS compliance,sms-whatsapp/Understanding-US-SMS-compliance-laws-360035055312.md,_source/articles/360035055312.json,_source/articles/360035055312.body.html,_source/rendered/360035055312.html,yes,sms-whatsapp/Understanding-US-SMS-compliance-laws.md,yes,10773,publish,了解美国 SMS 合规法律,https://dynamicycle.com/docs/articles-understanding-us-sms-compliance-laws/
4404189657755,Understanding US guidelines for SMS cart abandonment flows,https://help.klaviyo.com/hc/en-us/articles/4404189657755-Understanding-US-guidelines-for-SMS-cart-abandonment-flows,sms-whatsapp,49375746763803,North America: SMS compliance,sms-whatsapp/Understanding-US-guidelines-for-SMS-cart-abandonment-flows-4404189657755.md,_source/articles/4404189657755.json,_source/articles/4404189657755.body.html,_source/rendered/4404189657755.html,yes,sms-whatsapp/Understanding-US-guidelines-for-SMS-cart-abandonment-flows.md,yes,11065,publish,了解美国短信购物车放弃流程指南,https://dynamicycle.com/docs/articles-understanding-us-guidelines-for-sms-cart-abandonment-flows/
42318061895579,Understanding Unknown Senders filtering on iOS and how it affects RCS,https://help.klaviyo.com/hc/en-us/articles/42318061895579-Understanding-Unknown-Senders-filtering-on-iOS-and-how-it-affects-RCS,sms-whatsapp,49375970807323,RCS,sms-whatsapp/Understanding-Unknown-Senders-filtering-on-iOS-and-how-it-affects-RCS-42318061895579.md,_source/articles/42318061895579.json,_source/articles/42318061895579.body.html,_source/rendered/42318061895579.html,yes,sms-whatsapp/Understanding-Unknown-Senders-filtering-on-iOS-and-how-it-affects-RCS.md,yes,10303,upload_meta_only,了解 iOS 上的未知发件人过滤及其对 RCS 的影响,
40116301104539,Understanding WhatsApp consent collection,https://help.klaviyo.com/hc/en-us/articles/40116301104539-Understanding-WhatsApp-consent-collection,sms-whatsapp,49375959162395,Getting started with WhatsApp,sms-whatsapp/Understanding-WhatsApp-consent-collection-40116301104539.md,_source/articles/40116301104539.json,_source/articles/40116301104539.body.html,_source/rendered/40116301104539.html,yes,sms-whatsapp/Understanding-WhatsApp-consent-collection.md,yes,11277,publish,了解 WhatsApp 同意收集,https://dynamicycle.com/docs/articles-understanding-whatsapp-consent-collection/
46890922548507,Understanding WhatsApp per-user marketing limits,https://help.klaviyo.com/hc/en-us/articles/46890922548507-Understanding-WhatsApp-per-user-marketing-limits,sms-whatsapp,49375968852507,Understand WhatsApp with Klaviyo,sms-whatsapp/Understanding-WhatsApp-per-user-marketing-limits-46890922548507.md,_source/articles/46890922548507.json,_source/articles/46890922548507.body.html,_source/rendered/46890922548507.html,yes,sms-whatsapp/Understanding-WhatsApp-per-user-marketing-limits.md,yes,10245,upload_meta_only,了解 WhatsApp 每用户营销限制,
1260806260849,Understanding and reviewing your SMS deliverability,https://help.klaviyo.com/hc/en-us/articles/1260806260849-Understanding-and-reviewing-your-SMS-deliverability,sms-whatsapp,49375736920731,SMS deliverability best practices,sms-whatsapp/Understanding-and-reviewing-your-SMS-deliverability-1260806260849.md,_source/articles/1260806260849.json,_source/articles/1260806260849.body.html,_source/rendered/1260806260849.html,yes,sms-whatsapp/Understanding-and-reviewing-your-SMS-deliverability.md,yes,10620,upload_meta_only,了解并审查您的短信送达率,
31921649483803,Understanding compliance for SMS sweepstakes and contests,https://help.klaviyo.com/hc/en-us/articles/31921649483803-Understanding-compliance-for-SMS-sweepstakes-and-contests,sms-whatsapp,49375746763803,North America: SMS compliance,sms-whatsapp/Understanding-compliance-for-SMS-sweepstakes-and-contests-31921649483803.md,_source/articles/31921649483803.json,_source/articles/31921649483803.body.html,_source/rendered/31921649483803.html,yes,sms-whatsapp/Understanding-compliance-for-SMS-sweepstakes-and-contests.md,yes,10406,upload_meta_only,了解短信抽奖和竞赛的合规性,
4408311712667,Understanding content age-gating for SMS,https://help.klaviyo.com/hc/en-us/articles/4408311712667-Understanding-content-age-gating-for-SMS,sms-whatsapp,49375771719195,SMS age-gating and prohibited content,sms-whatsapp/Understanding-content-age-gating-for-SMS-4408311712667.md,_source/articles/4408311712667.json,_source/articles/4408311712667.body.html,_source/rendered/4408311712667.html,yes,sms-whatsapp/Understanding-content-age-gating-for-SMS.md,yes,11187,publish,了解 SMS 的内容年龄限制,https://dynamicycle.com/docs/articles-understanding-content-age-gating-for-sms/
18410569130779,Understanding how GDPR affects SMS in Europe,https://help.klaviyo.com/hc/en-us/articles/18410569130779-Understanding-how-GDPR-affects-SMS-in-Europe,sms-whatsapp,49375737431963,Europe: SMS compliance,sms-whatsapp/Understanding-how-GDPR-affects-SMS-in-Europe-18410569130779.md,_source/articles/18410569130779.json,_source/articles/18410569130779.body.html,_source/rendered/18410569130779.html,yes,sms-whatsapp/Understanding-how-GDPR-affects-SMS-in-Europe.md,yes,10507,upload_meta_only,了解 GDPR 如何影响欧洲的 SMS,
4404064992155,Understanding how UK GDPR and PECR affect SMS,https://help.klaviyo.com/hc/en-us/articles/4404064992155-Understanding-how-UK-GDPR-and-PECR-affect-SMS,sms-whatsapp,49375737431963,Europe: SMS compliance,sms-whatsapp/Understanding-how-UK-GDPR-and-PECR-affect-SMS-4404064992155.md,_source/articles/4404064992155.json,_source/articles/4404064992155.body.html,_source/rendered/4404064992155.html,yes,sms-whatsapp/Understanding-how-UK-GDPR-and-PECR-affect-SMS.md,yes,10609,upload_meta_only,了解英国 GDPR 和 PECR 如何影响短信,
17275332265627,Understanding special and non-special characters for SMS,https://help.klaviyo.com/hc/en-us/articles/17275332265627-Understanding-special-and-non-special-characters-for-SMS,sms-whatsapp,49375785493659,Format your SMS messages,sms-whatsapp/Understanding-special-and-non-special-characters-for-SMS-17275332265627.md,_source/articles/17275332265627.json,_source/articles/17275332265627.body.html,_source/rendered/17275332265627.html,yes,sms-whatsapp/Understanding-special-and-non-special-characters-for-SMS.md,yes,11349,publish,了解 SMS 的特殊和非特殊字符,https://dynamicycle.com/docs/articles-understanding-special-and-non-special-characters-for-sms/
21206358003355,Understanding the SMS deliverability hub in Klaviyo,https://help.klaviyo.com/hc/en-us/articles/21206358003355-Understanding-the-SMS-deliverability-hub-in-Klaviyo,sms-whatsapp,49375736920731,SMS deliverability best practices,sms-whatsapp/Understanding-the-SMS-deliverability-hub-in-Klaviyo-21206358003355.md,_source/articles/21206358003355.json,_source/articles/21206358003355.body.html,_source/rendered/21206358003355.html,yes,sms-whatsapp/Understanding-the-SMS-deliverability-hub-in-Klaviyo.md,yes,10958,publish,了解 Klaviyo 中的 SMS 传送中心,https://dynamicycle.com/docs/articles-understanding-the-sms-deliverability-hub-in-klaviyo/
26909154035611,Understanding the SMS organizational prefix,https://help.klaviyo.com/hc/en-us/articles/26909154035611-Understanding-the-SMS-organizational-prefix,sms-whatsapp,49375747879195,Understanding SMS compliance settings,sms-whatsapp/Understanding-the-SMS-organizational-prefix-26909154035611.md,_source/articles/26909154035611.json,_source/articles/26909154035611.body.html,_source/rendered/26909154035611.html,yes,sms-whatsapp/Understanding-the-SMS-organizational-prefix.md,yes,10432,upload_meta_only,了解 SMS 组织前缀,
4402922558235,Understanding the company information link for an SMS,https://help.klaviyo.com/hc/en-us/articles/4402922558235-Understanding-the-company-information-link-for-an-SMS,sms-whatsapp,49375747879195,Understanding SMS compliance settings,sms-whatsapp/Understanding-the-company-information-link-for-an-SMS-4402922558235.md,_source/articles/4402922558235.json,_source/articles/4402922558235.body.html,_source/rendered/4402922558235.html,yes,sms-whatsapp/Understanding-the-company-information-link-for-an-SMS.md,yes,11068,publish,了解短信的公司信息链接,https://dynamicycle.com/docs/articles-understanding-the-company-information-link-for-an-sms/
360041075091,Understanding the difference between SMS and MMS,https://help.klaviyo.com/hc/en-us/articles/360041075091-Understanding-the-difference-between-SMS-and-MMS,sms-whatsapp,49375832168347,Understand SMS,sms-whatsapp/Understanding-the-difference-between-SMS-and-MMS-360041075091.md,_source/articles/360041075091.json,_source/articles/360041075091.body.html,_source/rendered/360041075091.html,yes,sms-whatsapp/Understanding-the-difference-between-SMS-and-MMS.md,yes,11200,publish,了解短信和彩信之间的区别,https://dynamicycle.com/docs/articles-understanding-the-difference-between-sms-and-mms/
360036972292,Understanding the difference between email and SMS,https://help.klaviyo.com/hc/en-us/articles/360036972292-Understanding-the-difference-between-email-and-SMS,sms-whatsapp,49375832168347,Understand SMS,sms-whatsapp/Understanding-the-difference-between-email-and-SMS-360036972292.md,_source/articles/360036972292.json,_source/articles/360036972292.body.html,_source/rendered/360036972292.html,yes,sms-whatsapp/Understanding-the-difference-between-email-and-SMS.md,yes,11255,publish,了解电子邮件和短信之间的区别,https://dynamicycle.com/docs/articles-understanding-the-difference-between-email-and-sms/
17649677926299,Understanding the difference in SMS shortened links,https://help.klaviyo.com/hc/en-us/articles/17649677926299-Understanding-the-difference-in-SMS-shortened-links,sms-whatsapp,49375736920731,SMS deliverability best practices,sms-whatsapp/Understanding-the-difference-in-SMS-shortened-links-17649677926299.md,_source/articles/17649677926299.json,_source/articles/17649677926299.body.html,_source/rendered/17649677926299.html,yes,sms-whatsapp/Understanding-the-difference-in-SMS-shortened-links.md,yes,11119,publish,了解短信缩短链接的差异,https://dynamicycle.com/docs/articles-understanding-the-difference-in-sms-shortened-links/
26977831996315,Understanding the opt-out options for an SMS message,https://help.klaviyo.com/hc/en-us/articles/26977831996315-Understanding-the-opt-out-options-for-an-SMS-message,sms-whatsapp,49375747879195,Understanding SMS compliance settings,sms-whatsapp/Understanding-the-opt-out-options-for-an-SMS-message-26977831996315.md,_source/articles/26977831996315.json,_source/articles/26977831996315.body.html,_source/rendered/26977831996315.html,yes,sms-whatsapp/Understanding-the-opt-out-options-for-an-SMS-message.md,yes,10846,publish,了解 SMS 消息的退出选项,https://dynamicycle.com/docs/articles-understanding-the-opt-out-options-for-an-sms-message/
6196800762779,Understanding toll-free number rejection,https://help.klaviyo.com/hc/en-us/articles/6196800762779-Understanding-toll-free-number-rejection,sms-whatsapp,49375831516059,About sending numbers,sms-whatsapp/Understanding-toll-free-number-rejection-6196800762779.md,_source/articles/6196800762779.json,_source/articles/6196800762779.body.html,_source/rendered/6196800762779.html,yes,sms-whatsapp/Understanding-toll-free-number-rejection.md,yes,11183,publish,了解免费电话号码拒绝,https://dynamicycle.com/docs/articles-understanding-toll-free-number-rejection/
4415873897499,Understanding toll-free number verification,https://help.klaviyo.com/hc/en-us/articles/4415873897499-Understanding-toll-free-number-verification,sms-whatsapp,49375831516059,About sending numbers,sms-whatsapp/Understanding-toll-free-number-verification-4415873897499.md,_source/articles/4415873897499.json,_source/articles/4415873897499.body.html,_source/rendered/4415873897499.html,yes,sms-whatsapp/Understanding-toll-free-number-verification.md,yes,10984,publish,了解免费电话号码验证,https://dynamicycle.com/docs/articles-understanding-toll-free-number-verification/
360035588012,Understanding when SMS profiles merge,https://help.klaviyo.com/hc/en-us/articles/360035588012-Understanding-when-SMS-profiles-merge,sms-whatsapp,49375763905051,Manage your SMS profiles,sms-whatsapp/Understanding-when-SMS-profiles-merge-360035588012.md,_source/articles/360035588012.json,_source/articles/360035588012.body.html,_source/rendered/360035588012.html,yes,sms-whatsapp/Understanding-when-SMS-profiles-merge.md,yes,11203,publish,了解短信配置文件何时合并,https://dynamicycle.com/docs/articles-understanding-when-sms-profiles-merge/
14476797072795,Understanding when to get a short code,https://help.klaviyo.com/hc/en-us/articles/14476797072795-Understanding-when-to-get-a-short-code,sms-whatsapp,49375831516059,About sending numbers,sms-whatsapp/Understanding-when-to-get-a-short-code-14476797072795.md,_source/articles/14476797072795.json,_source/articles/14476797072795.body.html,_source/rendered/14476797072795.html,yes,sms-whatsapp/Understanding-when-to-get-a-short-code.md,yes,11124,publish,了解何时获取短代码,https://dynamicycle.com/docs/articles-understanding-when-to-get-a-short-code/
19195818382747,"Understanding when to prioritize an email, SMS, or mobile push",https://help.klaviyo.com/hc/en-us/articles/19195818382747-Understanding-when-to-prioritize-an-email-SMS-or-mobile-push,sms-whatsapp,49375826364443,Sending best practices,"sms-whatsapp/Understanding-when-to-prioritize-an-email,-SMS,-or-mobile-push-19195818382747.md",_source/articles/19195818382747.json,_source/articles/19195818382747.body.html,_source/rendered/19195818382747.html,yes,"sms-whatsapp/Understanding-when-to-prioritize-an-email,-SMS,-or-mobile-push.md",yes,11039,publish,了解何时优先处理电子邮件、短信或移动推送,https://dynamicycle.com/docs/articles-understanding-when-to-prioritize-an-email-sms-or-mobile-push/
360035285472,Understanding your SMS settings,https://help.klaviyo.com/hc/en-us/articles/360035285472-Understanding-your-SMS-settings,sms-whatsapp,49375832168347,Understand SMS,sms-whatsapp/Understanding-your-SMS-settings-360035285472.md,_source/articles/360035285472.json,_source/articles/360035285472.body.html,_source/rendered/360035285472.html,yes,sms-whatsapp/Understanding-your-SMS-settings.md,yes,11006,publish,了解您的短信设置,https://dynamicycle.com/docs/articles-understanding-your-sms-settings/
45275561011611,Using Videos in Mobile Messages,https://help.klaviyo.com/hc/en-us/articles/45275561011611-Using-Videos-in-Mobile-Messages,sms-whatsapp,49375785493659,Format your SMS messages,sms-whatsapp/Using-Videos-in-Mobile-Messages-45275561011611.md,_source/articles/45275561011611.json,_source/articles/45275561011611.body.html,_source/rendered/45275561011611.html,yes,sms-whatsapp/Using-Videos-in-Mobile-Messages.md,yes,10271,upload_meta_only,在移动消息中使用视频,
40116148219163,Verify your Meta Business Portfolio for WhatsApp,https://help.klaviyo.com/hc/en-us/articles/40116148219163-Verify-your-Meta-Business-Portfolio-for-WhatsApp,sms-whatsapp,49375959162395,Getting started with WhatsApp,sms-whatsapp/Verify-your-Meta-Business-Portfolio-for-WhatsApp-40116148219163.md,_source/articles/40116148219163.json,_source/articles/40116148219163.body.html,_source/rendered/40116148219163.html,yes,sms-whatsapp/Verify-your-Meta-Business-Portfolio-for-WhatsApp.md,yes,10943,publish,验证您的 WhatsApp 元业务组合,https://dynamicycle.com/docs/articles-verify-your-meta-business-portfolio-for-whatsapp/
4404710011035,When Klaviyo removes SMS consent automatically,https://help.klaviyo.com/hc/en-us/articles/4404710011035-When-Klaviyo-removes-SMS-consent-automatically,sms-whatsapp,49375763905051,Manage your SMS profiles,sms-whatsapp/When-Klaviyo-removes-SMS-consent-automatically-4404710011035.md,_source/articles/4404710011035.json,_source/articles/4404710011035.body.html,_source/rendered/4404710011035.html,yes,sms-whatsapp/When-Klaviyo-removes-SMS-consent-automatically.md,yes,10605,upload_meta_only,当 Klaviyo 自动删除短信同意时,
4402914866843,Where is Klaviyo SMS available?,https://help.klaviyo.com/hc/en-us/articles/4402914866843-Where-is-Klaviyo-SMS-available,sms-whatsapp,49375832168347,Understand SMS,sms-whatsapp/Where-is-Klaviyo-SMS-available-4402914866843.md,_source/articles/4402914866843.json,_source/articles/4402914866843.body.html,_source/rendered/4402914866843.html,yes,sms-whatsapp/Where-is-Klaviyo-SMS-available.md,yes,10890,publish,Klaviyo 短信在哪里可用？,https://dynamicycle.com/docs/articles-where-is-klaviyo-sms-available/
